鬠ｿcohort_week,channel,campaign,ad_group,total_users,d30_retained,d30_retention_rate_pct
2025-12-29,Google,uac_aos_purchase_aim_(魹ｽ魹ｽ魹ｽ魹ｽ魹ｽﾒｱ魹ｽ)_25.05.27,uac_aos_purchase_aim_(魹ｽ魹ｽ魹ｽ魹ｽ魹ｽﾒｱ魹ｽ)_25.12.31,5,5,100.0
2025-12-29,social_alimtalk,Crm,魹ｽ魹ｽ魹ｽ魹ｽ 魹ｽ魹ｽ魹ｽ魹ｽ 魹ｽ魹ｽ魹ｽ魹ｽ 魹ｽﾈｳ魹ｽ5,10,10,100.0
2026-01-05,Google,uac_aos_purchase_aim_(魹ｽ魹ｽ魹ｽ魹ｽ魹ｽﾒｱ魹ｽ)_25.05.27,uac_aos_purchase_aim_(魹ｽ魹ｽ魹ｽ魹ｽ魹ｽﾒｱ魹ｽ)_25.12.31,6,6,100.0
2026-01-05,social_alimtalk,Crm,魹ｽ魹ｽ魹ｽ魹ｽ 魹ｽ魹ｽ魹ｽ魹ｽ 魹ｽﾈｳ魹ｽ-魹ｽ魹ｽ1,8,8,100.0
2026-01-05,social_alimtalk,Crm,魹ｽ魹ｽ魹ｽ魹ｽ 魹ｽ魹ｽ魹ｽ魹ｽ 魹ｽ魹ｽ魹ｽ魹ｽ 魹ｽﾈｳ魹ｽ5,15,15,100.0
2026-01-12,Apple,魹ｽ彀｣魹ｽ魹ｽ_Exact_25.10.29,魹ｽ彀｣魹ｽ魹ｽ_Exact_25.10.29,5,5,100.0
2026-01-12,Google,uac_aos_purchase_aim_(魹ｽ魹ｽ魹ｽ魹ｽ魹ｽﾒｱ魹ｽ)_25.05.27,uac_aos_purchase_aim_(魹ｽ魹ｽ魹ｽ魹ｽ魹ｽﾒｱ魹ｽ)_25.12.31,9,9,100.0
2026-01-12,social_alimtalk,Crm,魹ｽ魹ｽ魹ｽ魹ｽ 魹ｽ魹ｽ魹ｽ魹ｽ 魹ｽﾈｳ魹ｽ-魹ｽ魹ｽ1,5,5,100.0
2026-01-12,social_alimtalk,Crm,魹ｽ魹ｽ魹ｽ魹ｽ 魹ｽ魹ｽ魹ｽ魹ｽ 魹ｽ魹ｽ魹ｽ魹ｽ 魹ｽﾈｳ魹ｽ5,22,22,100.0
2026-01-19,Google,uac_aos_purchase_aim_(魹ｽ魹ｽ魹ｽ魹ｽ魹ｽﾒｱ魹ｽ)_25.05.27,uac_aos_purchase_aim_(魹ｽ魹ｽ魹ｽ魹ｽ魹ｽﾒｱ魹ｽ)_25.12.31,10,9,90.0
2026-01-19,social_alimtalk,Crm,魹ｽ魹ｽ魹ｽ魹ｽ 魹ｽ魹ｽ魹ｽ魹ｽ 魹ｽﾈｳ魹ｽ-魹ｽ魹ｽ1,5,5,100.0
2026-01-19,social_alimtalk,Crm,魹ｽ魹ｽ魹ｽ魹ｽ 魹ｽ魹ｽ魹ｽ魹ｽ 魹ｽ魹ｽ魹ｽ魹ｽ 魹ｽﾈｳ魹ｽ5,23,23,100.0
2026-01-26,Google,uac_aos_purchase_aim_(魹ｽ魹ｽ魹ｽ魹ｽ魹ｽﾒｱ魹ｽ)_25.05.27,uac_aos_purchase_aim_(魹ｽ魹ｽ魹ｽ魹ｽ魹ｽﾒｱ魹ｽ)_25.12.31,9,9,100.0
2026-01-26,social_alimtalk,Crm,魹ｽ魹ｽ魹ｽ魹ｽ 魹ｽ魹ｽ魹ｽ魹ｽ 魹ｽ魹ｽ魹ｽ魹ｽ 魹ｽﾈｳ魹ｽ5,21,20,95.24
2026-02-02,social_alimtalk,Crm,魹ｽ魹ｽ魹ｽ魹ｽ 魹ｽ魹ｽ魹ｽ魹ｽ 魹ｽﾈｳ魹ｽ-魹ｽ魹ｽ1,5,5,100.0
2026-02-02,social_alimtalk,Crm,魹ｽ魹ｽ魹ｽ魹ｽ 魹ｽ魹ｽ魹ｽ魹ｽ 魹ｽ魹ｽ魹ｽ魹ｽ 魹ｽﾈｳ魹ｽ5,20,20,100.0
2026-02-09,Apple,魹ｽ彀｣魹ｽ魹ｽ_Exact_25.10.29,魹ｽ彀｣魹ｽ魹ｽ_Exact_25.10.29,5,5,100.0
2026-02-09,Google,uac_aos_purchase_aim_(魹ｽ魹ｽ魹ｽ魹ｽ魹ｽﾒｱ魹ｽ)_25.05.27,uac_aos_purchase_aim_(魹ｽ魹ｽ魹ｽ魹ｽ魹ｽﾒｱ魹ｽ)_25.12.31,10,10,100.0
2026-02-09,social_alimtalk,Crm,魹ｽ魹ｽ魹ｽ魹ｽ 魹ｽ魹ｽ魹ｽ魹ｽ 魹ｽﾈｳ魹ｽ-魹ｽ魹ｽ1,11,11,100.0
2026-02-09,social_alimtalk,Crm,魹ｽ魹ｽ魹ｽ魹ｽ 魹ｽ魹ｽ魹ｽ魹ｽ 魹ｽ魹ｽ魹ｽ魹ｽ 魹ｽﾈｳ魹ｽ5,23,22,95.65
2026-02-16,Google,uac_aos_purchase_aim_(魹ｽ魹ｽ魹ｽ魹ｽ魹ｽﾒｱ魹ｽ)_25.05.27,uac_aos_purchase_aim_(魹ｽ魹ｽ魹ｽ魹ｽ魹ｽﾒｱ魹ｽ)_25.12.31,10,10,100.0
2026-02-16,social_alimtalk,Crm,魹ｽ魹ｽ魹ｽ魹ｽ 魹ｽ魹ｽ魹ｽ魹ｽ 魹ｽﾈｳ魹ｽ-魹ｽ魹ｽ1,10,10,100.0
2026-02-16,social_alimtalk,Crm,魹ｽ魹ｽ魹ｽ 魹ｽ魹ｽ魹ｽﾌｿ魹ｽ 魹ｽﾌｺ魹ｽﾆｮ-28魹ｽ魹ｽ(魹ｽ璦ｱ 魹ｽﾟｼ魹ｽ)1,6,6,100.0
2026-02-16,social_alimtalk,Crm,魹ｽ魹ｽ魹ｽ魹ｽ 魹ｽ魹ｽ魹ｽ魹ｽ 魹ｽ魹ｽ魹ｽ魹ｽ 魹ｽﾈｳ魹ｽ5,44,42,95.45
2026-02-23,Google,uac_aos_purchase_aim_(魹ｽ魹ｽ魹ｽ魹ｽ魹ｽﾒｱ魹ｽ)_25.05.27,uac_aos_purchase_aim_(魹ｽ魹ｽ魹ｽ魹ｽ魹ｽﾒｱ魹ｽ)_25.12.31,11,11,100.0
2026-02-23,social_alimtalk,Crm,魹ｽ魹ｽ魹ｽ魹ｽ 魹ｽ魹ｽ魹ｽ魹ｽ 魹ｽﾈｳ魹ｽ-魹ｽ魹ｽ1,18,18,100.0
2026-02-23,social_alimtalk,Crm,魹ｽ魹ｽ魹ｽ 魹ｽ魹ｽ魹ｽﾌｿ魹ｽ 魹ｽﾌｺ魹ｽﾆｮ-28魹ｽ魹ｽ(魹ｽ璦ｱ 魹ｽﾟｼ魹ｽ)1,5,5,100.0
2026-02-23,social_alimtalk,Crm,魹ｽ魹ｽ魹ｽ魹ｽ 魹ｽ魹ｽ魹ｽ魹ｽ 魹ｽ魹ｽ魹ｽ魹ｽ 魹ｽﾈｳ魹ｽ5,36,35,97.22
2026-03-02,Apple,(魹ｽ魹ｽ魹ｽ魹ｽ)魹ｽ魹ｽ魹ｽ魹ｽ魹ｽ_Exact_25.10.29,(魹ｽ魹ｽ魹ｽ魹ｽ)魹ｽ魹ｽ魹ｽ魹ｽ魹ｽ_Exact_25.10.29,9,7,77.78
2026-03-02,Apple,魹ｽ彀｣魹ｽ魹ｽ_Exact_25.10.29,魹ｽ彀｣魹ｽ魹ｽ_Exact_25.10.29,35,20,57.14
2026-03-02,Apple,ﾄｫ魹ｽﾗｰ魹ｽ魹ｽ魹ｽ_Exact_25.10.29,ﾄｫ魹ｽﾗｰ魹ｽ魹ｽ魹ｽ_Exact_25.10.29,19,14,73.68
2026-03-02,Google,uac_aos_purchase_aim_(魹ｽ魹ｽ魹ｽ魹ｽ魹ｽﾒｱ魹ｽ)_25.05.27,uac_aos_purchase_aim_(魹ｽ魹ｽ魹ｽ魹ｽ魹ｽ魹ｽ魹ｽ魹ｽ)_26.03.06,17,6,35.29
2026-03-02,Google,uac_aos_purchase_aim_(魹ｽ魹ｽ魹ｽ魹ｽ魹ｽﾒｱ魹ｽ)_25.05.27,uac_aos_purchase_aim_(魹ｽ魹ｽ魹ｽ魹ｽ魹ｽﾒｱ魹ｽ)_25.12.31,45,33,73.33
2026-03-02,Meta,AOS_魹ｽ魹ｽﾅｸ魹ｽ魹ｽ_魹ｽ魹ｽﾈｫ魹ｽ魹ｽ(魹ｽ魹ｽ魹ｽ魹ｽ)_26.01.28,aos_purchase_lookalike(7%)_vd_魹ｽ魹ｽ魹ｽﾃｷ魹ｽ魹ｽPA(1)_sj1_26.02.13,5,4,80.0
2026-03-02,Meta,AOS_魹ｽ魹ｽﾅｸ魹ｽ魹ｽ_魹ｽ魹ｽ魹ｽ魹ｽ_24.11.05,aos_purchase_re_vd_魹ｽ魹ｽﾈｿ魹ｽ魹ｽ魹ｽ魹ｽ魹ｽ魹ｽ魹ｽ魹ｽ魹ｽ(1)_25.07.23,5,5,100.0
2026-03-02,Meta,iOS_魹ｽ魹ｽﾅｸ魹ｽ魹ｽ_魹ｽ魹ｽﾈｫ魹ｽ魹ｽ(魹ｽ魹ｽ魹ｽ魹ｽ)_26.01.29_1,ios_purchase_all_vd_魹ｽ魹ｽ魹ｽﾕｼﾒｱ魹ｽ魹ｽ魹ｽ魹ｽ魹ｽ_hn1_26.01.29,9,6,66.67
2026-03-02,Meta,iOS_魹ｽ魹ｽﾅｸ魹ｽ魹ｽ_魹ｽ魹ｽﾈｫ魹ｽ魹ｽ(魹ｽ魹ｽ魹ｽ魹ｽ)_26.01.29_1,ios_purchase_all_vd_魹ｽ魹ｽ魹ｽﾃｷ魹ｽ魹ｽPA(1)_hn1_26.01.29,17,13,76.47
2026-03-02,Meta,iOS_魹ｽ魹ｽﾅｸ魹ｽ魹ｽ_魹ｽ魹ｽﾈｫ魹ｽ魹ｽ(魹ｽ魹ｽ魹ｽ魹ｽ)_26.02.19,ios_purchase_re_vd_150L(魹ｽ魹ｽ魹ｽ魹ｽ魹ｽ魹ｽ篁ｰ)_hn1_26.02.19,5,4,80.0
2026-03-02,Meta,iOS_魹ｽ魹ｽ魹ｽ魹ｽﾅｸ魹ｽ魹ｽ_ﾈｸ魹ｽ魹ｽ魹ｽ魹ｽ魹ｽ魹ｽ_26.02.06_4,ios_registration_lookalike(7%)_vd_150L(魹ｽ魹ｽ魹ｽ魹ｽ魹ｽ魹ｽ篁ｰ)_hn1_26.02.19,19,7,36.84
2026-03-02,instagram,Owned_media,魹ｽﾎｽ魹ｽﾅｸ2魹ｽﾌｺ魹ｽﾆｮ2500,14,10,71.43
2026-03-02,social_alimtalk,Crm,魹ｽ魹ｽ魹ｽ魹ｽ 魹ｽ魹ｽ魹ｽ魹ｽ 魹ｽﾈｳ魹ｽ-魹ｽ魹ｽ1,11,11,100.0
2026-03-02,social_alimtalk,Crm,魹ｽ魹ｽ魹ｽ 魹ｽ魹ｽ魹ｽﾌｿ魹ｽ 魹ｽﾌｺ魹ｽﾆｮ-45魹ｽ魹ｽ1,6,6,100.0
2026-03-02,social_alimtalk,Crm,魹ｽ魹ｽ魹ｽ魹ｽ 魹ｽ魹ｽ魹ｽ魹ｽ 魹ｽ魹ｽ魹ｽ魹ｽ 魹ｽﾈｳ魹ｽ5,45,38,84.44
2026-03-09,Apple,(魹ｽ魹ｽ魹ｽ魹ｽ)魹ｽ魹ｽ魹ｽ魹ｽ魹ｽ_Exact_25.10.29,(魹ｽ魹ｽ魹ｽ魹ｽ)魹ｽ魹ｽ魹ｽ魹ｽ魹ｽ_Exact_25.10.29,11,7,63.64
2026-03-09,Apple,魹ｽ彀｣魹ｽ魹ｽ_Exact_25.10.29,魹ｽ彀｣魹ｽ魹ｽ_Exact_25.10.29,58,33,56.9
2026-03-09,Apple,ﾄｫ魹ｽﾗｰ魹ｽ魹ｽ魹ｽ_Exact_25.10.29,ﾄｫ魹ｽﾗｰ魹ｽ魹ｽ魹ｽ_Exact_25.10.29,34,15,44.12
2026-03-09,Google,uac_aos_purchase_aim_(魹ｽ魹ｽ魹ｽﾕｼﾒｱ魹ｽ)_25.04.23,uac_aos_purchase_aim_(魹ｽ魹ｽ魹ｽﾃｷ魹ｽ魹ｽPA_1)_26.02.06,5,3,60.0
2026-03-09,Google,uac_aos_purchase_aim_(魹ｽ魹ｽ魹ｽ魹ｽ魹ｽﾒｱ魹ｽ)_25.05.27,uac_aos_purchase_aim_(魹ｽ魹ｽ魹ｽ魹ｽ魹ｽ魹ｽ魹ｽ魹ｽ)_26.03.06,86,35,40.7
2026-03-09,Google,uac_aos_purchase_aim_(魹ｽ魹ｽ魹ｽ魹ｽ魹ｽﾒｱ魹ｽ)_25.05.27,uac_aos_purchase_aim_(魹ｽ魹ｽ魹ｽ魹ｽ魹ｽﾒｱ魹ｽ)_25.12.31,156,63,40.38
2026-03-09,Meta,AOS_魹ｽ魹ｽﾅｸ魹ｽ魹ｽ_魹ｽ魹ｽﾈｫ魹ｽ魹ｽ(魹ｽ魹ｽ魹ｽ魹ｽ)_26.01.28,aos_purchase_all_vd_魹ｽ魹ｽ魹ｽﾕｼﾒｱ魹ｽ魹ｽ魹ｽ魹ｽ魹ｽ_sj1_26.01.28,5,5,100.0
2026-03-09,Meta,AOS_魹ｽ魹ｽﾅｸ魹ｽ魹ｽ_魹ｽ魹ｽﾈｫ魹ｽ魹ｽ(魹ｽ魹ｽ魹ｽ魹ｽ)_26.01.28,aos_purchase_all_vd_魹ｽ魹ｽ篁ｰ魹ｽ魹ｽ魹ｽ魹ｽ_sj1_26.01.28,7,1,14.29
2026-03-09,Meta,AOS_魹ｽ魹ｽﾅｸ魹ｽ魹ｽ_魹ｽ魹ｽﾈｫ魹ｽ魹ｽ(魹ｽ魹ｽ魹ｽ魹ｽ)_26.01.28,aos_purchase_lookalike(7%)_vd_魹ｽ魹ｽ魹ｽﾃｷ魹ｽ魹ｽPA(1)_sj1_26.02.13,12,9,75.0
2026-03-09,Meta,AOS_魹ｽ魹ｽﾅｸ魹ｽ魹ｽ_魹ｽ魹ｽﾈｫ魹ｽ魹ｽ(魹ｽ魹ｽ魹ｽ魹ｽ)_26.01.28,aos_purchase_lookalike(7%)_vd_魹ｽ魹ｽ魹ｽﾃｷ魹ｽ魹ｽPA(2魹ｽ魹ｽ)_hn1_26.02.23,5,1,20.0
2026-03-09,Meta,AOS_魹ｽ魹ｽﾅｸ魹ｽ魹ｽ_魹ｽ魹ｽ魹ｽ魹ｽ_24.11.05,aos_purchase_re_vd_魹ｽ魹ｽﾈｿ魹ｽ魹ｽ魹ｽ魹ｽ魹ｽ魹ｽ魹ｽ魹ｽ魹ｽ(1)_25.07.23,6,4,66.67
2026-03-09,Meta,AOS_魹ｽ魹ｽﾅｸ魹ｽ魹ｽ_魹ｽ魹ｽ魹ｽ魹ｽ_24.11.05,aos_trial_re_vd_魹ｽ魹ｽﾈｿ魹ｽ魹ｽ魹ｽ魹ｽ魹ｽ魹ｽ魹ｽ魹ｽ魹ｽ(2)_dh1_26.02.20,7,1,14.29
2026-03-09,Meta,AOS_魹ｽ魹ｽ魹ｽ魹ｽﾅｸ魹ｽ魹ｽ_ﾈｸ魹ｽ魹ｽ魹ｽ魹ｽ魹ｽ魹ｽ_26.01.28,aos_registration_lookalike(7%)_vd_150L(魹ｽ魹ｽ魹ｽ魹ｽ魹ｽ魹ｽ篁ｰ)_hn1_26.02.19,26,11,42.31
2026-03-09,Meta,AOS_魹ｽ魹ｽ魹ｽ魹ｽﾅｸ魹ｽ魹ｽ_ﾈｸ魹ｽ魹ｽ魹ｽ魹ｽ魹ｽ魹ｽ_26.01.28,aos_registration_lookalike(7%)_vd_魹ｽ魹ｽ魹ｽﾃｷ魹ｽ魹ｽPA(2)_sj1_26.01.29,6,2,33.33
2026-03-09,Meta,iOS(Web2App)_魹ｽ魹ｽﾅｸ魹ｽ魹ｽ_魹ｽﾇｸ魹ｽ_26.02.03,ios(Web2App)_purchase_all_vd_魹ｽﾆｱ魹ｽ魹ｽ魹ｽ魹ｽ魹ｽ(魹ｽ魹ｽ魹ｽﾄｹ魹ｽ)_cr1_26.02.03,5,3,60.0
2026-03-09,Meta,iOS_魹ｽ魹ｽﾅｸ魹ｽ魹ｽ_魹ｽ魹ｽﾈｫ魹ｽ魹ｽ(魹ｽ魹ｽ魹ｽ魹ｽ)_26.01.29_1,ios_purchase_all_vd_魹ｽ魹ｽ魹ｽﾕｼﾒｱ魹ｽ魹ｽ魹ｽ魹ｽ魹ｽ_hn1_26.01.29,21,7,33.33
2026-03-09,Meta,iOS_魹ｽ魹ｽﾅｸ魹ｽ魹ｽ_魹ｽ魹ｽﾈｫ魹ｽ魹ｽ(魹ｽ魹ｽ魹ｽ魹ｽ)_26.01.29_1,ios_purchase_all_vd_魹ｽﾌｻ魹ｽ魹ｽ魹ｽ魹ｽ_hn1_26.01.29,8,4,50.0
2026-03-09,Meta,iOS_魹ｽ魹ｽﾅｸ魹ｽ魹ｽ_魹ｽ魹ｽﾈｫ魹ｽ魹ｽ(魹ｽ魹ｽ魹ｽ魹ｽ)_26.01.29_1,ios_purchase_all_vd_魹ｽ魹ｽ魹ｽﾃｷ魹ｽ魹ｽPA(1)_hn1_26.01.29,28,11,39.29
2026-03-09,Meta,iOS_魹ｽ魹ｽﾅｸ魹ｽ魹ｽ_魹ｽ魹ｽﾈｫ魹ｽ魹ｽ(魹ｽ魹ｽ魹ｽ魹ｽ)_26.01.29_2,ios_purchase_lookalike(7%)_vd_魹ｽ魹ｽ魹ｽﾃｷ魹ｽ魹ｽPA(1)_mk1_26.02.12,18,7,38.89
2026-03-09,Meta,iOS_魹ｽ魹ｽﾅｸ魹ｽ魹ｽ_魹ｽ魹ｽﾈｫ魹ｽ魹ｽ(魹ｽ魹ｽ魹ｽ魹ｽ)_26.02.19_3,ios_purchase_lookalike(7%)_vd_魹ｽ魹ｽ魹ｽ箴ｭ魹ｽ魹ｽ魹ｽ魹ｽ(魹ｽ魹ｽ魹ｽﾄｹ魹ｽ)_cr1_26.02.19,14,10,71.43
2026-03-09,Meta,iOS_魹ｽ魹ｽﾅｸ魹ｽ魹ｽ_魹ｽ魹ｽﾈｫ魹ｽ魹ｽ(魹ｽ魹ｽ魹ｽ魹ｽ)_26.02.19,ios_purchase_re_vd_150L(魹ｽ魹ｽ魹ｽ魹ｽ魹ｽ魹ｽ篁ｰ)_hn1_26.02.19,17,9,52.94
2026-03-09,Meta,iOS_魹ｽ魹ｽ魹ｽ魹ｽﾅｸ魹ｽ魹ｽ_ﾈｸ魹ｽ魹ｽ魹ｽ魹ｽ魹ｽ魹ｽ_26.02.06_4,ios_registration_lookalike(7%)_vd_150L(魹ｽ魹ｽ魹ｽ魹ｽ魹ｽ魹ｽ篁ｰ)_hn1_26.02.19,39,13,33.33
2026-03-09,TikTok,AOS_SPC_魹ｽ魹ｽ魹ｽ魹ｽ_魹ｽ魹ｽ魹ｽ魹ｽﾄｿ魹ｽ魹ｽ魹ｽ魹ｽ魹ｽ魹ｽ魹ｽ魹ｽ_26.03.06,aos_purcahse_all_vd_25.11.28,7,3,42.86
2026-03-09,TikTok,AOS_SPC_魹ｽ魹ｽ魹ｽ魹ｽ_魹ｽ魹ｽ魹ｽﾃｷ魹ｽ魹ｽPA(1)_25.11.28,aos_purcahse_all_vd_25.11.28,8,2,25.0
2026-03-09,TikTok,iOS_魹ｽ魹ｽﾅｸ魹ｽ魹ｽ_魹ｽﾛｼ魹ｽﾄ｡_25.11.25,ios_install_like(b)_vd_魹ｽ魹ｽ魹ｽ魹ｽﾄｿ魹ｽ魹ｽ魹ｽ魹ｽ魹ｽ魹ｽ魹ｽ魹ｽ_26.03.06,10,3,30.0
2026-03-09,instagram,Owned_media,魹ｽﾎｽ魹ｽﾅｸ2魹ｽﾌｺ魹ｽﾆｮ2500,22,9,40.91
2026-03-09,social_alimtalk,Crm,魹ｽ魹ｽ魹ｽ魹ｽ 魹ｽ魹ｽ魹ｽ魹ｽ 魹ｽﾈｳ魹ｽ-魹ｽ魹ｽ1,12,8,66.67
2026-03-09,social_alimtalk,Crm,魹ｽ魹ｽ魹ｽ 魹ｽ魹ｽ魹ｽﾌｿ魹ｽ 魹ｽﾌｺ魹ｽﾆｮ-16魹ｽ魹ｽ1,5,0,0.0
2026-03-09,social_alimtalk,Crm,魹ｽ魹ｽ魹ｽ魹ｽ 魹ｽ魹ｽ魹ｽ魹ｽ 魹ｽ魹ｽ魹ｽ魹ｽ 魹ｽﾈｳ魹ｽ5,49,26,53.06
2026-03-16,Apple,(魹ｽ魹ｽ魹ｽ魹ｽ)魹ｽ魹ｽ魹ｽ魹ｽ魹ｽ_Exact_25.10.29,(魹ｽ魹ｽ魹ｽ魹ｽ)魹ｽ魹ｽ魹ｽ魹ｽ魹ｽ_Exact_25.10.29,21,6,28.57
2026-03-16,Apple,魹ｽ彀｣魹ｽ魹ｽ_Exact_25.10.29,魹ｽ彀｣魹ｽ魹ｽ_Exact_25.10.29,130,13,10.0
2026-03-16,Apple,ﾄｫ魹ｽﾗｰ魹ｽ魹ｽ魹ｽ_Exact_25.10.29,ﾄｫ魹ｽﾗｰ魹ｽ魹ｽ魹ｽ_Exact_25.10.29,60,15,25.0
2026-03-16,Apple,ﾅｽ魹ｽ魹ｽ_Broad_25.10.29,ﾅｽ魹ｽ魹ｽ_Broad_25.10.29,6,1,16.67
2026-03-16,Google,uac_aos_purchase_aim_(魹ｽ魹ｽ魹ｽﾕｼﾒｱ魹ｽ)_25.04.23,uac_aos_purchase_aim_(魹ｽ魹ｽ魹ｽﾃｷ魹ｽ魹ｽPA_1)_26.02.06,10,1,10.0
2026-03-16,Google,uac_aos_purchase_aim_(魹ｽ魹ｽ魹ｽ魹ｽ魹ｽﾒｱ魹ｽ)_25.05.27,uac_aos_purchase_aim_(魹ｽ魹ｽ魹ｽ魹ｽ魹ｽ魹ｽ魹ｽ魹ｽ)_26.03.06,95,13,13.68
2026-03-16,Google,uac_aos_purchase_aim_(魹ｽ魹ｽ魹ｽ魹ｽ魹ｽﾒｱ魹ｽ)_25.05.27,uac_aos_purchase_aim_(魹ｽ魹ｽ魹ｽ魹ｽ魹ｽﾒｱ魹ｽ)_25.12.31,202,30,14.85
2026-03-16,Google,uac_ios_purchase_aim_(魹ｽ魹ｽ魹ｽﾕｼﾒｱ魹ｽ)_26.03.18,uac_ios_purchase_aim_(魹ｽ魹ｽ魹ｽ魹ｽ魹ｽ魹ｽ魹ｽ魹ｽ)_26.03.18,8,0,0.0
2026-03-16,Meta,AOS(Web2App)_魹ｽ魹ｽﾅｸ魹ｽ魹ｽ_魹ｽﾇｸ魹ｽ_26.02.03,aos(Web2App)_purchase_all_vd_魹ｽ魹ｽ魹ｽ(魹ｽ魹ｽ魹ｽ魹ｽ魹ｽ魹ｽ篁ｰ)_mk1_26.03.06,7,0,0.0
2026-03-16,Meta,AOS(Web2App)_魹ｽ魹ｽﾅｸ魹ｽ魹ｽ_魹ｽﾇｸ魹ｽ_26.02.03,aos(Web2App)_purchase_lookalike(7%)_vd_魹ｽﾎｷ魹ｽ魹ｽ魹ｽ/ﾃｵ魹ｽ魹ｽ100(魹ｽ魹ｽ魹ｽﾄｹ魹ｽ)_nk1_26.03.18,5,0,0.0
2026-03-16,Meta,AOS_魹ｽ魹ｽﾅｸ魹ｽ魹ｽ_魹ｽ魹ｽﾈｫ魹ｽ魹ｽ(魹ｽ魹ｽ魹ｽ魹ｽ)_26.01.28,aos_purchase_all_vd_魹ｽ魹ｽ魹ｽﾕｼﾒｱ魹ｽ魹ｽ魹ｽ魹ｽ魹ｽ_sj1_26.01.28,12,1,8.33
2026-03-16,Meta,AOS_魹ｽ魹ｽﾅｸ魹ｽ魹ｽ_魹ｽ魹ｽﾈｫ魹ｽ魹ｽ(魹ｽ魹ｽ魹ｽ魹ｽ)_26.01.28,aos_purchase_all_vd_魹ｽ魹ｽ魹ｽﾄｹ魹ｽ魹ｽ魹ｽ魹ｽ魹ｽ_sj1_26.01.28,12,3,25.0
2026-03-16,Meta,AOS_魹ｽ魹ｽﾅｸ魹ｽ魹ｽ_魹ｽ魹ｽﾈｫ魹ｽ魹ｽ(魹ｽ魹ｽ魹ｽ魹ｽ)_26.01.28,aos_purchase_all_vd_魹ｽ魹ｽ篁ｰ魹ｽ魹ｽ魹ｽ魹ｽ_sj1_26.01.28,12,0,0.0
2026-03-16,Meta,AOS_魹ｽ魹ｽﾅｸ魹ｽ魹ｽ_魹ｽ魹ｽﾈｫ魹ｽ魹ｽ(魹ｽ魹ｽ魹ｽ魹ｽ)_26.01.28,aos_purchase_lookalike(7%)_vd_魹ｽ魹ｽ魹ｽﾃｷ魹ｽ魹ｽPA(1)_sj1_26.02.13,13,1,7.69
2026-03-16,Meta,AOS_魹ｽ魹ｽﾅｸ魹ｽ魹ｽ_魹ｽ魹ｽﾈｫ魹ｽ魹ｽ(魹ｽ魹ｽ魹ｽ魹ｽ)_26.01.28,aos_purchase_lookalike(7%)_vd_魹ｽ魹ｽ魹ｽﾃｷ魹ｽ魹ｽPA(2魹ｽ魹ｽ)_hn1_26.02.23,9,2,22.22
2026-03-16,Meta,AOS_魹ｽ魹ｽﾅｸ魹ｽ魹ｽ_魹ｽ魹ｽ魹ｽ魹ｽ_24.11.05,aos_trial_re_vd_魹ｽ魹ｽﾈｿ魹ｽ魹ｽ魹ｽ魹ｽ魹ｽ魹ｽ魹ｽ魹ｽ魹ｽ(2)_dh1_26.02.20,5,0,0.0
2026-03-16,Meta,AOS_魹ｽ魹ｽ魹ｽ魹ｽﾅｸ魹ｽ魹ｽ_ﾈｸ魹ｽ魹ｽ魹ｽ魹ｽ魹ｽ魹ｽ_26.01.28,aos_registration_lookalike(7%)_vd_150L(魹ｽ魹ｽ魹ｽ魹ｽ魹ｽ魹ｽ篁ｰ)_hn1_26.02.19,56,8,14.29
2026-03-16,Meta,iOS(Web2App)_魹ｽ魹ｽﾅｸ魹ｽ魹ｽ_魹ｽﾇｸ魹ｽ_26.02.03,ios(Web2App)_purchase_all_vd_魹ｽﾆｱ魹ｽ魹ｽ魹ｽ魹ｽ魹ｽ(魹ｽ魹ｽ魹ｽﾄｹ魹ｽ)_cr1_26.02.03,5,0,0.0
2026-03-16,Meta,iOS(Web2App)_魹ｽ魹ｽﾅｸ魹ｽ魹ｽ_魹ｽﾇｸ魹ｽ_26.02.03,ios(Web2App)_purchase_lookalike(7%)_vd_魹ｽﾎｷ魹ｽ魹ｽ魹ｽ/ﾃｵ魹ｽ魹ｽ100(魹ｽ魹ｽ魹ｽﾄｹ魹ｽ)_nk1_26.03.18,7,1,14.29
2026-03-16,Meta,iOS(Web2App)_魹ｽ魹ｽﾅｸ魹ｽ魹ｽ_魹ｽﾇｸ魹ｽ_26.02.03,ios(Web2App)_purchase_lookalike(7%)_vd_魹ｽﾎｷ魹ｽ魹ｽ魹ｽ/ﾃｵ魹ｽ魹ｽ50(魹ｽ魹ｽ魹ｽﾄｹ魹ｽ)_nk1_26.03.18,5,0,0.0
2026-03-16,Meta,iOS_魹ｽ魹ｽﾅｸ魹ｽ魹ｽ_魹ｽ魹ｽﾈｫ魹ｽ魹ｽ(魹ｽ魹ｽ魹ｽ魹ｽ)_26.01.29_1,ios_purchase_all_vd_魹ｽ魹ｽ魹ｽﾕｼﾒｱ魹ｽ魹ｽ魹ｽ魹ｽ魹ｽ_hn1_26.01.29,15,0,0.0
2026-03-16,Meta,iOS_魹ｽ魹ｽﾅｸ魹ｽ魹ｽ_魹ｽ魹ｽﾈｫ魹ｽ魹ｽ(魹ｽ魹ｽ魹ｽ魹ｽ)_26.01.29_1,ios_purchase_all_vd_魹ｽ魹ｽ魹ｽﾄｹ魹ｽ魹ｽ魹ｽ魹ｽ魹ｽ_hn1_26.01.29,8,2,25.0
2026-03-16,Meta,iOS_魹ｽ魹ｽﾅｸ魹ｽ魹ｽ_魹ｽ魹ｽﾈｫ魹ｽ魹ｽ(魹ｽ魹ｽ魹ｽ魹ｽ)_26.01.29_1,ios_purchase_all_vd_魹ｽﾌｻ魹ｽ魹ｽ魹ｽ魹ｽ_hn1_26.01.29,9,1,11.11
2026-03-16,Meta,iOS_魹ｽ魹ｽﾅｸ魹ｽ魹ｽ_魹ｽ魹ｽﾈｫ魹ｽ魹ｽ(魹ｽ魹ｽ魹ｽ魹ｽ)_26.01.29_1,ios_purchase_all_vd_魹ｽ魹ｽ魹ｽﾃｷ魹ｽ魹ｽPA(1)_hn1_26.01.29,40,8,20.0
2026-03-16,Meta,iOS_魹ｽ魹ｽﾅｸ魹ｽ魹ｽ_魹ｽ魹ｽﾈｫ魹ｽ魹ｽ(魹ｽ魹ｽ魹ｽ魹ｽ)_26.01.29_2,ios_purchase_lookalike(7%)_vd_魹ｽ魹ｽ魹ｽﾃｷ魹ｽ魹ｽPA(1)_mk1_26.02.12,18,3,16.67
2026-03-16,Meta,iOS_魹ｽ魹ｽﾅｸ魹ｽ魹ｽ_魹ｽ魹ｽﾈｫ魹ｽ魹ｽ(魹ｽ魹ｽ魹ｽ魹ｽ)_26.02.19_3,ios_purchase_lookalike(7%)_vd_魹ｽ魹ｽ魹ｽ箴ｭ魹ｽ魹ｽ魹ｽ魹ｽ(魹ｽ魹ｽ魹ｽﾄｹ魹ｽ)_cr1_26.02.19,19,5,26.32
2026-03-16,Meta,iOS_魹ｽ魹ｽﾅｸ魹ｽ魹ｽ_魹ｽ魹ｽﾈｫ魹ｽ魹ｽ(魹ｽ魹ｽ魹ｽ魹ｽ)_26.02.19_3,ios_purchase_lookalike(7%)_vd_魹ｽ魹ｽ魹ｽﾃｷ魹ｽ魹ｽPA(2魹ｽ魹ｽ)_hn1_26.02.23,5,0,0.0
2026-03-16,Meta,iOS_魹ｽ魹ｽﾅｸ魹ｽ魹ｽ_魹ｽ魹ｽﾈｫ魹ｽ魹ｽ(魹ｽ魹ｽ魹ｽ魹ｽ)_26.02.26,"ios_purchase_ﾃｵ魹ｽ魹ｽ,魹ｽﾆｻ魹ｽ_vd_PA魹ｽ魹ｽﾈｿ魹ｽ魹ｽ魹ｽ魹ｽ魹ｽ魹ｽ魹ｽ魹ｽ魹ｽ(2)_hn1_26.03.05",7,3,42.86
2026-03-16,Meta,iOS_魹ｽ魹ｽﾅｸ魹ｽ魹ｽ_魹ｽ魹ｽﾈｫ魹ｽ魹ｽ(魹ｽ魹ｽ魹ｽ魹ｽ)_25.07.23,ios_purchase_re_vd_魹ｽ魹ｽﾈｿ魹ｽ魹ｽ魹ｽ魹ｽ魹ｽ魹ｽ魹ｽ魹ｽ魹ｽ(2)_25.07.23,9,4,44.44
2026-03-16,Meta,iOS_魹ｽ魹ｽﾅｸ魹ｽ魹ｽ_魹ｽ魹ｽﾈｫ魹ｽ魹ｽ(魹ｽ魹ｽ魹ｽ魹ｽ)_26.02.19,ios_purchase_re_vd_150L(魹ｽ魹ｽ魹ｽ魹ｽ魹ｽ魹ｽ篁ｰ)_hn1_26.02.19,13,4,30.77
2026-03-16,Meta,iOS_魹ｽ魹ｽ魹ｽ魹ｽﾅｸ魹ｽ魹ｽ_ﾈｸ魹ｽ魹ｽ魹ｽ魹ｽ魹ｽ魹ｽ_26.01.28_1,ios_registration_lookalike(7%)_vd_魹ｽ魹ｽ魹ｽﾃｷ魹ｽ魹ｽPA(4)_hn1_26.01.28,7,1,14.29
2026-03-16,Meta,iOS_魹ｽ魹ｽ魹ｽ魹ｽﾅｸ魹ｽ魹ｽ_ﾈｸ魹ｽ魹ｽ魹ｽ魹ｽ魹ｽ魹ｽ_26.01.28_2,ios_registration_lookalike(7%)_vd_魹ｽ魹ｽ魹ｽﾕｼﾒｱ魹ｽ魹ｽ魹ｽ魹ｽ魹ｽ1_hn1_26.01.28,5,0,0.0
2026-03-16,Meta,iOS_魹ｽ魹ｽ魹ｽ魹ｽﾅｸ魹ｽ魹ｽ_ﾈｸ魹ｽ魹ｽ魹ｽ魹ｽ魹ｽ魹ｽ_26.02.06_4,ios_registration_lookalike(7%)_vd_150L(魹ｽ魹ｽ魹ｽ魹ｽ魹ｽ魹ｽ篁ｰ)_hn1_26.02.19,77,10,12.99
2026-03-16,TikTok,AOS_SPC_魹ｽ魹ｽ魹ｽ魹ｽ_魹ｽ魹ｽ魹ｽ魹ｽﾄｿ魹ｽ魹ｽ魹ｽ魹ｽ魹ｽ魹ｽ魹ｽ魹ｽ_26.03.06,aos_purcahse_all_vd_25.11.28,10,1,10.0
2026-03-16,TikTok,AOS_SPC_魹ｽ魹ｽ魹ｽ魹ｽ_魹ｽ魹ｽ魹ｽﾃｷ魹ｽ魹ｽPA(1)_25.11.28,aos_purcahse_all_vd_25.11.28,5,3,60.0
2026-03-16,TikTok,iOS_魹ｽ魹ｽﾅｸ魹ｽ魹ｽ_魹ｽﾛｼ魹ｽﾄ｡_25.11.25,ios_install_like(b)_vd_魹ｽ魹ｽ魹ｽ魹ｽﾄｿ魹ｽ魹ｽ魹ｽ魹ｽ魹ｽ魹ｽ魹ｽ魹ｽ_26.03.06,10,2,20.0
2026-03-16,instagram,Owned_media,魹ｽﾎｽ魹ｽﾅｸ2魹ｽﾌｺ魹ｽﾆｮ2500,44,3,6.82
2026-03-16,social_alimtalk,Crm,魹ｽ魹ｽ魹ｽ魹ｽ 魹ｽ魹ｽ魹ｽ魹ｽ 魹ｽﾈｳ魹ｽ-魹ｽ魹ｽ1,17,2,11.76
2026-03-16,social_alimtalk,Crm,魹ｽ魹ｽ魹ｽ魹ｽ 魹ｽ魹ｽ魹ｽ魹ｽ 魹ｽ魹ｽ魹ｽ魹ｽ 魹ｽﾈｳ魹ｽ5,51,8,15.69
2026-03-23,Apple,(魹ｽ魹ｽ魹ｽ魹ｽ)魹ｽ魹ｽ魹ｽ魹ｽ魹ｽ_Exact_25.10.29,(魹ｽ魹ｽ魹ｽ魹ｽ)魹ｽ魹ｽ魹ｽ魹ｽ魹ｽ_Exact_25.10.29,5,0,0.0
2026-03-23,Apple,魹ｽ彀｣魹ｽ魹ｽ_Exact_25.10.29,魹ｽ彀｣魹ｽ魹ｽ_Exact_25.10.29,34,0,0.0
2026-03-23,Apple,ﾄｫ魹ｽﾗｰ魹ｽ魹ｽ魹ｽ_Exact_25.10.29,ﾄｫ魹ｽﾗｰ魹ｽ魹ｽ魹ｽ_Exact_25.10.29,10,0,0.0
2026-03-23,Google,uac_aos_purchase_aim_(魹ｽ魹ｽ魹ｽ魹ｽ魹ｽﾒｱ魹ｽ)_25.05.27,uac_aos_purchase_aim_(魹ｽ魹ｽ魹ｽ魹ｽ魹ｽ魹ｽ魹ｽ魹ｽ)_26.03.06,12,0,0.0
2026-03-23,Google,uac_aos_purchase_aim_(魹ｽ魹ｽ魹ｽ魹ｽ魹ｽﾒｱ魹ｽ)_25.05.27,uac_aos_purchase_aim_(魹ｽ魹ｽ魹ｽ魹ｽ魹ｽﾒｱ魹ｽ)_25.12.31,36,0,0.0
2026-03-23,Meta,iOS_魹ｽ魹ｽﾅｸ魹ｽ魹ｽ_魹ｽ魹ｽﾈｫ魹ｽ魹ｽ(魹ｽ魹ｽ魹ｽ魹ｽ)_26.01.29_1,ios_purchase_all_vd_魹ｽ魹ｽ魹ｽﾃｷ魹ｽ魹ｽPA(1)_hn1_26.01.29,6,0,0.0
2026-03-23,Meta,iOS_魹ｽ魹ｽ魹ｽ魹ｽﾅｸ魹ｽ魹ｽ_ﾈｸ魹ｽ魹ｽ魹ｽ魹ｽ魹ｽ魹ｽ_26.02.06_4,ios_registration_lookalike(7%)_vd_150L(魹ｽ魹ｽ魹ｽ魹ｽ魹ｽ魹ｽ篁ｰ)_hn1_26.02.19,13,0,0.0
2026-03-23,social_alimtalk,Crm,魹ｽ魹ｽ魹ｽ魹ｽ 魹ｽ魹ｽ魹ｽ魹ｽ 魹ｽ魹ｽ魹ｽ魹ｽ 魹ｽﾈｳ魹ｽ5,8,0,0.0
