channel,campaign,ad_group,ad_creative,total_cost,total_impressions,total_clicks,total_installs,ctr_pct,cpc,cpi,roas_last
facebook.business,iOS_유사타겟_회원가입_26.02.06_4,ios_registration_lookalike(7%)_vd_150L(대형폐기물)_hn1_26.02.19,ios_vd_all_150L(가구)1_hn1_26.02.19,15357001.0,0.0,0.0,1496.0,,,10265.0,19201.98
facebook.business,iOS_논타겟_앱홍보(구매)_26.01.29_1,ios_purchase_all_vd_인플루언서PA(1)_hn1_26.01.29,ios_vd_all_오순의집2_hn1_26.01.29,13688790.0,0.0,0.0,787.0,,,17394.0,13478.17
facebook.business,AOS_논타겟_앱홍보(구매)_26.01.28,aos_purchase_lookalike(7%)_vd_인플루언서PA(1)_sj1_26.02.13,aos_vd_all_오순의집2_hn1_26.02.13,4998749.0,0.0,0.0,452.0,,,11059.0,19536253.42
facebook.business,iOS_논타겟_앱홍보(구매)_26.02.19_3,ios_purchase_lookalike(7%)_vd_여기서뭐해(음식물)_cr1_26.02.19,ios_vd_all_여기서뭐해(언음쓰)3_cr1_26.02.19,4836152.0,0.0,0.0,402.0,,,12030.0,26619.29
facebook.business,iOS_리타겟_앱홍보(구매)_26.03.25,ios_purchase_re_im_기본요금_sj1_26.03.25,ios_im_re_기본요금(A버전)1_sj1_26.03.25,3793454.0,0.0,0.0,410.0,,,9252.0,26419.54
facebook.business,iOS_논타겟_앱홍보(구매)_26.01.29_1,ios_purchase_all_vd_복합소구모음_hn1_26.01.29,ios_vd_all_도움(버틴)1_26.01.29,3463280.0,0.0,0.0,289.0,,,11984.0,34982.58
facebook.business,AOS_리타겟_구매_24.11.05,aos_purchase_re_vd_고효율소재모음(1)_25.07.23,aos_vd_all_150L(튼튼)3_hn1_26.03.25,3121422.0,0.0,0.0,140.0,,,22296.0,44997.58
facebook.business,AOS_논타겟_앱홍보(구매)_26.01.28,aos_purchase_all_vd_150L(대형폐기물)_hn1_26.04.10,aos_vd_all_150L(가구)1_hn1_26.04.10,3048040.0,0.0,0.0,563.0,,,5414.0,11719.55
facebook.business,AOS(Web2App)_논타겟_판매_26.02.03,aos(Web2App)_purchase_lookalike(7%)_vd_신부럽다/50%(음식물)_nk1_26.04.03,aos_vd_all_신부럽다50(냉동식품)3_nk1_26.04.03,2780843.0,0.0,0.0,371.0,,,7496.0,20479.4
facebook.business,iOS(Web2App)_논타겟_판매_26.02.03,ios(Web2App)_purchase_lookalike(7%)_vd_신부럽다/50%(음식물)_nk1_26.04.03,ios_vd_all_신부럽다50(냉동식품)3_nk1_26.04.03 -,2780631.0,0.0,0.0,113.0,,,24607.0,9375.59
facebook.business,iOS_논타겟_앱홍보(구매)_26.01.29_2,ios_purchase_lookalike(7%)_vd_인플루언서PA(1)_mk1_26.02.12,ios_vd_all_비앳홈(2월DM)_sj1_26.04.07,2530882.0,0.0,0.0,283.0,,,8943.0,15980.43
facebook.business,iOS_논타겟_앱홍보(구매)_26.01.29_1,ios_purchase_all_vd_인플루언서PA(1)_hn1_26.01.29,ios_vd_all_지지팀장7_hn1_26.01.29,2206683.0,0.0,0.0,165.0,,,13374.0,38296.67
facebook.business,AOS_유사타겟_회원가입_26.01.28,aos_registration_lookalike(7%)_vd_150L(대형폐기물)_hn1_26.02.19,aos_im_all_150L(가구)1_hn1_26.02.19,2176452.0,0.0,0.0,413.0,,,5270.0,22137.04
facebook.business,iOS(Web2App)_논타겟_판매_26.02.03,ios(Web2App)_purchase_all_vd_PA(친구초대)_3월(1)_hn1_26.03.26,ios_vd_all_주도연(3월)4_hn1_26.03.26,2133935.0,0.0,0.0,57.0,,,37437.0,4274.13
facebook.business,AOS_논타겟_앱홍보(구매)_26.01.28,aos_purchase_all_vd_복합소구모음_sj1_26.01.28,aos_vd_all_도움(버틴)1_26.01.28,1798870.0,0.0,0.0,199.0,,,9040.0,69984.59
facebook.business,AOS_리타겟_구매_24.11.05,aos_purchase_re_im_방문요금_sj1_26.03.25,aos_im_re_방문요금(A버전)1_sj1_26.03.25,1738992.0,0.0,0.0,60.0,,,28983.0,47423.19
facebook.business,AOS_논타겟_앱홍보(구매)_26.01.28,aos_purchase_all_vd_폐기물모음_sj1_26.01.28,aos_vd_all_테크덕후(선풍기)3_cr1_26.01.28,1723697.0,0.0,0.0,204.0,,,8449.0,1726009.62
facebook.business,AOS_논타겟_앱홍보(구매)_26.01.28,aos_purchase_lookalike(7%)_vd_인플루언서PA(2월)_hn1_26.02.23,aos_vd_all_진형(2월)1_hn1_26.02.23,1716237.0,0.0,0.0,213.0,,,8057.0,29522.92
facebook.business,AOS_논타겟_앱홍보(구매)_26.01.28,aos_purchase_all_vd_음식물모음_sj1_26.01.28,aos_vd_써야이유(치킨분리)5_26.01.28,1687305.0,0.0,0.0,152.0,,,11101.0,25569.52
facebook.business,AOS_리타겟_구매_24.11.05,aos_purchase_re_vd_고효율소재모음(1)_25.07.23,aos_vd_all_150L(가구)1_hn1_26.03.25,1662289.0,0.0,0.0,61.0,,,27251.0,829046.54
facebook.business,iOS_리타겟_앱홍보(구매)_26.03.25_2,ios_purchase_re_im_방문요금_sj1_26.03.25,ios_im_re_방문요금(A버전)1_sj1_26.03.25,1586555.0,0.0,0.0,195.0,,,8136.0,21980.68
facebook.business,iOS_논타겟_앱홍보(구매)_26.03.20,ios_purcahse_all_vd_이거모르고(대형폐기물)_cr1_26.03.25,ios_vd_all_이거모르고(헌옷)2_cr1_26.03.25,1543446.0,0.0,0.0,130.0,,,11873.0,16151.6
facebook.business,iOS_유사타겟_회원가입_26.02.06_4,ios_registration_lookalike(7%)_vd_150L(대형폐기물)_hn1_26.02.19,ios_vd_all_150L(튼튼)3_hn1_26.02.19,1534130.0,0.0,0.0,101.0,,,15189.0,3327694.07
facebook.business,AOS_유사타겟_회원가입_26.01.28,aos_registration_lookalike(7%)_vd_고효율소재모음_hn1_26.03.25,aos_vd_all_커뮤니티(솜이불)1_cr1_26.03.25,1522059.0,0.0,0.0,337.0,,,4516.0,16633.81
facebook.business,AOS_논타겟_앱홍보(구매)_26.01.28,aos_purchase_all_vd_오픈(음식물)_mk1_26.03.20,aos_vd_all_커버링써(냉동실)3_cr1_26.04.17,1323948.0,0.0,0.0,125.0,,,10592.0,9631.54
facebook.business,iOS_논타겟_앱홍보(구매)_26.04.12,ios_purchase_all_vd_하던나(폐기물)_cr1_26.04.12,ios_vd_all_하던나(텀블러)3_cr1_26.04.12,1276711.0,0.0,0.0,58.0,,,22012.0,14484.87
facebook.business,iOS_유사타겟_회원가입_26.01.28_2,ios_registration_lookalike(7%)_vd_폐기물모음_hn1_26.01.28,ios_vd_lookalike(7%)_워킹맘(베란다)4_dh1_26.01.30,1222650.0,0.0,0.0,127.0,,,9627.0,66700.67
facebook.business,iOS(Web2App)_논타겟_판매_26.02.03,ios(Web2App)_purchase_lookalike(7%)_vd_사투리/2500(음식물)_cr1_26.04.04,ios_vd_all_사투리2500(도움)1_cr1_26.04.04,1199051.0,0.0,490.0,38.0,,2447.0,31554.0,20719.82
facebook.business,iOS_논타겟_앱홍보(구매)_26.02.19_3,ios_purchase_lookalike(7%)_vd_인플루언서PA(2월)_hn1_26.02.23,ios_vd_all_진형(2월)1_hn1_26.02.23,1192907.0,0.0,0.0,83.0,,,14372.0,841931.15
facebook.business,AOS_논타겟_앱홍보(구매)_26.01.28,aos_purchase_all_vd_오픈(음식물)_mk1_26.03.20,aos_vd_all_오픈(냉동식품)2_mk1_26.03.20,1183066.0,0.0,0.0,88.0,,,13444.0,223016.69
facebook.business,iOS_논타겟_앱홍보(구매)_26.01.29_1,ios_purchase_all_vd_이사모음_hn1_26.01.29,ios_vd_all_이사(전기장판)3_hn1_26.03.25,1174585.0,0.0,0.0,108.0,,,10876.0,66034.32
facebook.business,iOS_논타겟_앱홍보(구매)_26.02.19_3,ios_purchase_lookalike(7%)_vd_인플루언서PA(2월)_hn1_26.02.23,ios_vd_all_데일리리본(2월)3_hn1_26.04.17,1085972.0,0.0,0.0,90.0,,,12066.0,8867.56
facebook.business,AOS_논타겟_앱홍보(구매)_26.01.28,aos_purchase_all_vd_필요없어요(대형폐기물)_mk1_26.04.08,aos_vd_all_필요없어요(친구)3_cr1_25.04.08,1081779.0,0.0,0.0,193.0,,,5605.0,14042.31
facebook.business,AOS(Web2App)_논타겟_판매_26.02.03,aos(Web2App)_purchase_all_vd_결산(대형폐기물)_mk1_26.03.06,aos_vd_all_대형폐기물(가전)3_mk1_26.03.06,1075101.0,0.0,437.0,27.0,,2460.0,39819.0,243337.72
facebook.business,iOS_논타겟_앱홍보(구매)_26.04.04,ios_purchase_all_vd_여러분(폐기물)_mk1_26.04.10,ios_vd_all_여러분(가구)1_mk1_26.04.10,1032033.0,0.0,0.0,63.0,,,16381.0,8885.78
facebook.business,AOS_논타겟_앱홍보(구매)_26.01.28,aos_purchase_lookalike(7%)_vd_이모든걸(대형폐기물)_mk1_26.03.31,aos_vd_all_이모든걸(살림용품)2_cr1_26.03.31,1027159.0,0.0,0.0,202.0,,,5085.0,17904.93
facebook.business,iOS_논타겟_앱홍보(구매)_26.01.29_1,ios_purchase_all_vd_폐기물모음_hn1_26.01.29,ios_vd_all_테크덕후(선풍기)3_cr1_26.01.29,1008467.0,0.0,0.0,75.0,,,13446.0,47857.97
facebook.business,AOS(Web2App)_논타겟_판매_26.02.03,aos(Web2App)_purchase_all_vd_스티커없이(대형폐기물)_cr1_26.02.19,aos_vd_all_스티커없이(식탁)2_cr1_25.02.19,970306.0,0.0,1084.0,79.0,,895.0,12282.0,45393.3
facebook.business,AOS(Web2App)_논타겟_판매_26.02.03,aos(Web2App)_purchase_lookalike(7%)_vd_사투리/2500(음식물)_cr1_26.04.04,aos_vd_all_사투리2500(도움)1_cr1_26.04.04,958975.0,0.0,200.0,75.0,,4795.0,12786.0,25867.32
facebook.business,iOS_논타겟_앱홍보(구매)_26.04.04,ios_purchase_all_vd_신친정엄마(폐기물)_cr1_26.04.04,ios_vd_all_신친정엄마(계단)2_cr1_26.04.04,944855.0,0.0,0.0,38.0,,,24865.0,20697.37
facebook.business,AOS(Web2App)_논타겟_판매_26.02.03,aos(Web2App)_purchase_all_vd_팀장님(대형폐기물)_hn1_26.03.25,aos_vd_all_팀장님(이사)2_hn1_26.03.25,927748.0,0.0,332.0,29.0,,2794.0,31991.0,20140.86
facebook.business,AOS(Web2App)_논타겟_판매_26.02.03,aos(Web2App)_purchase_all_vd_결산(대형폐기물)_mk1_26.03.06,aos_vd_all_대형폐기물(냉장고)2_mk1_26.03.06,893327.0,0.0,848.0,42.0,,1053.0,21270.0,21037.98
facebook.business,AOS_논타겟_앱홍보(구매)_26.01.28,aos_purchase_lookalike(7%)_vd_인플루언서PA(1)_sj1_26.02.13,aos_vd_all_데일리리본(2월)3_mk1_26.04.23,891639.0,0.0,0.0,151.0,,,5905.0,9895.36
facebook.business,iOS(Web2App)_논타겟_판매_26.02.03,ios(Web2App)_purchase_lookalike(7%)_vd_사투리/50(음식물)_cr1_26.04.04,ios_vd_all_사투리50(도움)1_cr1_26.04.04,855393.0,0.0,334.0,30.0,,2561.0,28513.0,19738.26
facebook.business,AOS_논타겟_앱홍보(구매)_26.01.28,aos_purchase_all_vd_팀장님(대형폐기물)_hn1_26.04.14,aos_vd_all_팀장님(이사)2_hn1_26.04.14,800719.0,0.0,0.0,65.0,,,12319.0,7116.18
facebook.business,AOS_논타겟_앱홍보(구매)_26.01.28,aos_purchase_all_vd_부럽다/천안50(음식물)_nk1_26.04.08,aos_vd_all_부럽다천안50(김치)1_nk1_26.04.08,785406.0,0.0,0.0,83.0,,,9463.0,25619.85
facebook.business,iOS_논타겟_앱홍보(구매)_26.01.29_1,ios_purchase_all_vd_음식물모음_hn1_26.01.29,ios_vd_all_그냥하자(냉동실)1_hn1_26.03.10,759877.0,0.0,0.0,57.0,,,13331.0,4862606.94
facebook.business,AOS(Web2App)_논타겟_판매_26.02.03,aos(Web2App)_purchase_lookalike(7%)_vd_청소부/2500(폐기물)_cr1_26.04.04,aos_vd_all_청소부2500(신고)1_cr1_26.04.04,738685.0,0.0,200.0,57.0,,3693.0,12959.0,91280.88
facebook.business,iOS(Web2App)_논타겟_판매_26.02.03,ios(Web2App)_purchase_lookalike(7%)_vd_신주목/100%(대형폐기물)_mk1_26.04.03,ios_vd_all_신주목100(대형가구)1_mk1_26.04.03,733054.0,0.0,296.0,31.0,,2477.0,23647.0,24994.48
facebook.business,iOS(Web2App)_논타겟_판매_26.02.03,ios(Web2App)_purchase_all_vd_아귀찮아(음식물)_cr1_26.02.03,ios_vd_써야이유(치킨분리)5_26.04.08,732245.0,0.0,411.0,36.0,,1782.0,20340.0,30678.58
facebook.business,AOS_논타겟_앱홍보(구매)_26.01.28,aos_purchase_all_vd_폐기물모음_sj1_26.01.28,aos_vd_all_이사(전기장판)3_hn1_26.03.10,723961.0,0.0,0.0,128.0,,,5656.0,20120.97
facebook.business,AOS(Web2App)_논타겟_판매_26.02.03,aos(Web2App)_purchase_all_vd_팀장님(대형폐기물)_hn1_26.03.25,aos_vd_all_팀장님(수거)3_hn1_26.03.25,708051.0,0.0,289.0,24.0,,2450.0,29502.0,128887.54
facebook.business,AOS(Web2App)_논타겟_판매_26.02.03,aos(Web2App)_purchase_all_vd_가장짧은시간(대형폐기물)_cr1_26.03.25,aos_vd_all_가장짧은시간(하이체어)3_cr1_26.03.25,691000.0,0.0,1361.0,50.0,,508.0,13820.0,3849.61
facebook.business,AOS_논타겟_앱홍보(구매)_26.01.28,aos_purchase_all_vd_하던나(폐기물)_cr1_26.04.12,aos_vd_all_하던나(커튼)2_cr1_26.04.12,686975.0,0.0,0.0,68.0,,,10103.0,12399.92
facebook.business,iOS(Web2App)_논타겟_판매_26.02.03,ios(Web2App)_purchase_all_vd_필요없어요(대형폐기물)_cr1_26.03.25,ios_vd_lookalike_필요없어요(허리)2_cr1_26.03.25,662272.0,0.0,1467.0,67.0,,451.0,9885.0,8731.34
facebook.business,AOS_논타겟_앱홍보(구매)_26.01.28,aos_purchase_all_vd_워킹맘모음_sj1_26.01.28,aos_vd_워킹맘(베란다)4_26.03.25,650995.0,0.0,0.0,119.0,,,5471.0,25951.18
facebook.business,AOS_리타겟_구매_24.11.05,aos_trial_re_vd_고효율소재모음(2)_dh1_26.02.20,aos_vd_폐기물(이불)2_sj1_26.02.20,641181.0,0.0,0.0,172.0,,,3728.0,31479.03
facebook.business,iOS_논타겟_앱홍보(구매)_26.01.29_2,ios_purchase_lookalike(7%)_vd_인플루언서PA(1)_mk1_26.02.12,ios_vd_lookalike(7%)_밍지의방_1월8_hn1_26.02.12,623994.0,0.0,0.0,33.0,,,18909.0,32689.79
facebook.business,iOS_논타겟_앱홍보(구매)_26.01.29_2,ios_purchase_lookalike(7%)_vd_인플루언서PA(1)_mk1_26.02.12,ios_vd_all_조사마_1월14_hn1_26.03.20,618796.0,0.0,0.0,55.0,,,11251.0,35661600.0
facebook.business,AOS_리타겟_구매_24.11.05,aos_purchase_re_vd_고효율소재모음(1)_25.07.23,aos_vd_all_30만명(쌍둥이)3_cr1_26.03.05,616714.0,0.0,0.0,6.0,,,102786.0,51594.6
facebook.business,iOS_논타겟_앱홍보(구매)_26.04.04,ios_purchase_all_vd_가장짧은시간(대형폐기물)_mk1_26.04.08,aos_vd_all_가장짧은시간(정리함)2_cr1_26.04.08,614158.0,0.0,0.0,14.0,,,43868.0,31283.35
facebook.business,AOS(Web2App)_논타겟_판매_26.02.03,aos(Web2App)_purchase_lookalike(7%)_vd_신부럽다/100%(음식물)_nk1_26.04.03,aos_vd_all_신부럽다100(김치통)1_nk1_26.04.03,602052.0,0.0,0.0,8.0,,,75257.0,5107.32
facebook.business,iOS_리타겟_봉투구매_26.04.12,ios_trial_re_vd_고효율소재모음(1)_dh1_26.04.12,ios_vd_폐기물(이불)2_sj1_26.04.12,589248.0,0.0,0.0,55.0,,,10714.0,13029.86
facebook.business,iOS(Web2App)_논타겟_판매_26.02.03,ios(Web2App)_purchase_lookalike(7%)_vd_청소부/2500(폐기물)_cr1_26.04.04,ios_vd_all_청소부2500(신고)1_cr1_26.04.04,585543.0,0.0,276.0,30.0,,2122.0,19518.0,36010.07
facebook.business,AOS_논타겟_앱홍보(구매)_26.01.28,aos_purchase_all_vd_신친정엄마(폐기물)_cr1_26.04.04,aos_vd_all_신친정엄마(계단)2_cr1_26.04.04,583734.0,0.0,0.0,56.0,,,10424.0,13736.41
facebook.business,AOS_유사타겟_회원가입_26.01.28,aos_registration_lookalike(7%)_vd_고효율소재모음_hn1_26.03.25,aos_vd_all_이사(전기장판)3_hn1_26.03.25,560564.0,0.0,0.0,156.0,,,3593.0,34696.59
facebook.business,iOS(Web2App)_논타겟_판매_26.02.03,ios(Web2App)_purchase_lookalike(7%)_vd_사투리/100(음식물)_cr1_26.04.04,ios_vd_all_사투리100(도움)1_cr1_26.04.04,555049.0,0.0,259.0,28.0,,2143.0,19823.0,20736.92
facebook.business,iOS(Web2App)_논타겟_판매_26.02.03,ios(Web2App)_purchase_lookalike(7%)_vd_청소부/50(폐기물)_cr1_26.04.04,ios_vd_all_청소부50(신고)1_cr1_26.04.04,550414.0,0.0,233.0,19.0,,2362.0,28969.0,34507.88
facebook.business,AOS_논타겟_앱홍보(구매)_26.01.28,aos_purchase_lookalike(7%)_vd_그냥하자(이사음식물)_sj1_26.02.24,aos_vd_all_그냥하자(김치)2_hn1_26.02.24,520901.0,0.0,0.0,39.0,,,13356.0,14558.83
facebook.business,iOS_논타겟_앱홍보(구매)_26.04.04,ios_purchase_lookalike(7%)_vd_부럽다/천안50(음식물)_nk1_26.04.08,ios_vd_all_부럽다천안50(냉동식품)3_nk1_26.04.08,506684.0,0.0,0.0,35.0,,,14477.0,11192.68
facebook.business,AOS_논타겟_앱홍보(구매)_26.01.28,aos_purchase_all_vd_폐기물모음_sj1_26.01.28,aos_im_all_해결(스티커_무빙)9_cr1_26.02.26,505267.0,0.0,0.0,55.0,,,9187.0,157443.19
facebook.business,iOS_논타겟_앱홍보(구매)_26.04.12,ios_purchase_all_vd_하던나(음식물)_cr1_26.04.12,ios_vd_all_하던나(식용유)3_cr1_26.04.12,494287.0,0.0,0.0,39.0,,,12674.0,10185.11
facebook.business,AOS_논타겟_앱홍보(구매)_26.01.28,aos_purchase_all_vd_친정엄마(폐기물)_cr1_26.03.02,aos_vd_all_친정엄마(계단)2_cr1_26.03.02,469658.0,0.0,0.0,37.0,,,12693.0,18832.77
facebook.business,iOS_리타겟_앱홍보(구매)_25.07.23,ios_purchase_re_vd_고효율소재모음(2)_25.07.23,ios_vd_re_150L(가구)1_hn1_26.04.08,460178.0,0.0,0.0,37.0,,,12437.0,94198.77
facebook.business,AOS(Web2App)_논타겟_판매_26.02.03,aos(Web2App)_purchase_lookalike(7%)_vd_신부럽다/100%(음식물)_nk1_26.04.03,aos_vd_all_신부럽다100(치킨뼈)2_nk1_26.04.03,450768.0,0.0,0.0,23.0,,,19599.0,239130.09
facebook.business,AOS(Web2App)_논타겟_판매_26.02.03,aos(Web2App)_purchase_lookalike(7%)_vd_신주목/100%(대형폐기물)_mk1_26.04.03,aos_vd_all_신주목100(대형가구)1_mk1_26.04.03,448913.0,0.0,0.0,38.0,,,11814.0,12335.65
facebook.business,iOS(Web2App)_논타겟_판매_26.02.03,ios(Web2App)_purchase_all_vd_팀장님(대형폐기물)_hn1_26.03.25,ios_vd_all_팀장님(배출품목)1_hn1_26.03.25,446636.0,0.0,279.0,21.0,,1601.0,21268.0,20731.53
facebook.business,AOS(Web2App)_논타겟_판매_26.02.03,aos(Web2App)_purchase_all_vd_PA(친구초대)_3월(1)_hn1_26.03.26,aos_vd_all_주도연(3월)4_hn1_26.03.26,435479.0,0.0,0.0,18.0,,,24193.0,7064.69
facebook.business,iOS(Web2App)_논타겟_판매_26.02.03,ios(Web2App)_purchase_lookalike(7%)_vd_신주목/2500(대형폐기물)_mk1_26.04.03,ios_vd_all_신주목2500(가전)2_mk1_26.04.03,418510.0,0.0,131.0,21.0,,3195.0,19929.0,8667.48
facebook.business,AOS_리타겟_구매_24.11.05,aos_trial_re_vd_타임어택(음식물)_cr1_26.03.30,aos_vd_타임어택(주부9단)2_cr1_26.03.30,417107.0,0.0,0.0,30.0,,,13904.0,5890751.72
facebook.business,iOS_리타겟_앱홍보(구매)_25.07.23,ios_purchase_re_vd_고효율소재모음(2)_25.07.23,ios_vd_re_150L(무게)2_hn1_26.04.08,416658.0,0.0,0.0,18.0,,,23148.0,388109.49
facebook.business,iOS(Web2App)_논타겟_판매_26.02.03,ios(Web2App)_purchase_lookalike(7%)_vd_신주목/2500(대형폐기물)_mk1_26.04.03,ios_vd_all_신주목2500(대형가구)1_mk1_26.04.03,407563.0,0.0,0.0,3.0,,,135854.0,8144.77
facebook.business,iOS(Web2App)_논타겟_판매_26.02.03,ios(Web2App)_purchase_all_vd_PA(친구초대)_3월(2)_hn1_26.03.26,ios_vd_all_멍지(3월)3_hn1_26.03.26,405355.0,0.0,0.0,4.0,,,101339.0,4119.02
facebook.business,iOS_리타겟_앱홍보(구매)_26.03.25_2,ios_purchase_re_im_방문요금_sj1_26.03.25,ios_im_re_방문요금(C버전)1_sj1_26.03.25,402484.0,0.0,0.0,27.0,,,14907.0,483480.17
facebook.business,AOS(Web2App)_논타겟_판매_26.02.03,aos(Web2App)_purchase_lookalike(7%)_vd_신부럽다/50%(음식물)_nk1_26.04.03,aos_vd_all_신부럽다50(치킨뼈)2_nk1_26.04.03,399355.0,0.0,0.0,9.0,,,44373.0,7995.6
facebook.business,iOS_유사타겟_회원가입_26.01.28_2,ios_registration_lookalike(7%)_vd_폐기물모음_hn1_26.01.28,ios_vd_lookalike(7%)_뭐게요(이사)3_26.03.25,395981.0,0.0,0.0,40.0,,,9900.0,38798.89
facebook.business,iOS_논타겟_앱홍보(구매)_26.03.20,ios_purcahse_all_vd_자취고인물(폐기물)_nk1_26.03.20,ios_vd_all_자취고인물(화장품)3_nk1_26.03.20,389360.0,0.0,0.0,5.0,,,77872.0,4770.0
facebook.business,iOS_유사타겟_회원가입_26.01.28_1,ios_registration_lookalike(7%)_vd_인플루언서PA(4)_hn1_26.01.28,ios_vd_all_데일리리본(2월)3_hn1_26.03.31,385521.0,0.0,0.0,58.0,,,6647.0,8814.96
facebook.business,iOS(Web2App)_논타겟_판매_26.02.03,ios(Web2App)_purchase_all_vd_아귀찮아(음식물)_cr1_26.02.03,ios_vd_all_그냥하자(반찬)3_hn1_26.03.10,379514.0,0.0,191.0,14.0,,1987.0,27108.0,22298113.04
facebook.business,iOS(Web2App)_논타겟_판매_26.02.03,ios(Web2App)_purchase_lookalike(7%)_vd_신부럽다/100%(음식물)_nk1_26.04.03,ios_vd_all_신부럽다100(치킨뼈)2_nk1_26.04.03,373296.0,0.0,98.0,24.0,,3809.0,15554.0,10228.55
facebook.business,iOS(Web2App)_논타겟_판매_26.02.03,ios(Web2App)_purchase_lookalike(7%)_vd_부럽다/아산100(음식물)_nk1_26.03.18,ios_vd_all_부럽다아산100(냉동식품)3_nk1_26.03.18,368856.0,0.0,0.0,0.0,,,,0.0
facebook.business,AOS(Web2App)_논타겟_판매_26.02.03,aos(Web2App)_purchase_lookalike(7%)_vd_부럽다/천안50(음식물)_nk1_26.03.18,aos_vd_all_부럽다천안50(김치통)1_nk1_26.03.18,362585.0,0.0,0.0,20.0,,,18129.0,18648.08
facebook.business,AOS_논타겟_앱홍보(구매)_26.01.28,aos_purchase_all_vd_오픈(음식물)_mk1_26.03.20,aos_vd_all_오픈(반찬통)1_mk1_26.03.20,361564.0,0.0,0.0,32.0,,,11299.0,906981.41
facebook.business,iOS(Web2App)_논타겟_판매_26.02.03,ios(Web2App)_purchase_all_vd_필요없어요(대형폐기물)_cr1_26.03.25,ios_vd_lookalike_필요없어요(친구)3_cr1_26.03.25,359820.0,0.0,944.0,36.0,,381.0,9995.0,9299.05
facebook.business,AOS(Web2App)_논타겟_판매(봄맞이)26.04.22,aos(Web2App)_purchase_all_vd_봄맞이프로모션(복합)_cr1_26.04.22,aos_vd_all_봄맞이(스티커)2_cr1_26.04.22,350506.0,0.0,279.0,8.0,,1256.0,43813.0,7655.63
facebook.business,AOS(Web2App)_논타겟_판매_26.02.03,aos(Web2App)_purchase_lookalike(7%)_vd_청소부/2500(폐기물)_cr1_26.04.04,aos_vd_all_청소부2500(소파)2_cr1_26.04.04,346321.0,0.0,68.0,23.0,,5093.0,15057.0,4537.13
facebook.business,AOS_논타겟_앱홍보(구매)_26.01.28,aos_purchase_all_vd_하던나(음식물)_cr1_26.04.12,aos_vd_all_봉투에던져(언음쓰)1_cr1_26.04.17,345106.0,0.0,0.0,30.0,,,11504.0,54327.89
facebook.business,AOS(Web2App)_논타겟_판매_26.02.03,aos(Web2App)_purchase_lookalike(7%)_vd_신주목/50%(대형폐기물)_mk1_26.04.03,aos_vd_all_신주목세종대전청주50(가전)2_mk1_26.04.03,343579.0,0.0,0.0,19.0,,,18083.0,0.0
facebook.business,AOS(Web2App)_논타겟_판매_26.02.03,aos(Web2App)_purchase_all_vd_PA(친구초대)_3월(3)_hn1_26.03.26,aos_vd_all_김윤정(3월)9_hn1_26.03.26,342738.0,0.0,0.0,14.0,,,24481.0,12815.16
facebook.business,iOS_논타겟_앱홍보(구매)_26.01.29_1,ios_purchase_all_vd_이사모음_hn1_26.01.29,ios_vd_all_이사치트키(주말)3_cr1_26.01.29,309406.0,0.0,0.0,20.0,,,15470.0,79568.07
facebook.business,iOS(Web2App)_논타겟_판매(봄맞이)26.04.22,ios(Web2App)_purchase_all_vd_봄맞이프로모션(복합)_cr1_26.04.22,ios_vd_all_봄맞이(봉투)3_cr1_26.04.22,305707.0,0.0,0.0,1.0,,,305707.0,3889.52
facebook.business,iOS_논타겟_앱홍보(구매)_26.02.19_3,ios_purchase_lookalike(7%)_vd_여기서뭐해(음식물)_cr1_26.02.19,ios_vd_all_여기서뭐해(쓰봉)2_cr1_26.02.19,304512.0,0.0,0.0,15.0,,,20301.0,613863.67
facebook.business,iOS_논타겟_앱홍보(구매)_26.01.29_1,ios_purchase_all_vd_폐기물모음_hn1_26.01.29,ios_vd_all_부피3대장(이불)1_cr1_26.01.29,290139.0,0.0,0.0,10.0,,,29014.0,45184850.0
facebook.business,iOS(Web2App)_논타겟_판매_26.02.03,ios(Web2App)_purchase_all_vd_PA(친구초대)_3월(3)_hn1_26.03.26,ios_vd_all_김윤정(3월)9_hn1_26.03.26,286503.0,0.0,0.0,3.0,,,95501.0,0.0
facebook.business,AOS(Web2App)_논타겟_판매(봄맞이)26.04.22,aos(Web2App)_purchase_all_im_봄맞이프로모션(복합)_sj1_26.04.22,aos_im_all_봄맞이(빵꾸)4_sj1_26.04.22,284622.0,0.0,167.0,3.0,,1704.0,94874.0,8672.08
facebook.business,AOS_논타겟_앱홍보(구매)_26.01.28,aos_purchase_all_vd_여러분(폐기물)_mk1_26.04.10,aos_vd_all_여러분(가전)3_mk1_26.04.11,283015.0,0.0,0.0,20.0,,,14151.0,10436.6
facebook.business,AOS_논타겟_앱홍보(구매)_26.01.28,aos_purchase_all_vd_폐기물모음_sj1_26.01.28,aos_vd_all_여러분(가구)1_mk1_26.04.10,282832.0,0.0,0.0,46.0,,,6149.0,8707.37
facebook.business,iOS(Web2App)_논타겟_판매(지구의날)26.04.22,ios(Web2App)_purchase_all_vd_지구의날프로모션(복합)_mk1_26.04.22,ios_vd_all_지구의날(실수로)3_mk1_26.04.22,280882.0,0.0,0.0,1.0,,,280882.0,0.0
facebook.business,iOS(Web2App)_논타겟_판매(지구의날)26.04.22,ios(Web2App)_purchase_all_vd_지구의날프로모션(복합)_cr1_26.04.22,ios_vd_all_지구의날(게으른)2_cr1_26.04.22,280582.0,0.0,0.0,2.0,,,140291.0,10596.06
facebook.business,AOS(Web2App)_논타겟_판매_26.02.03,aos(Web2App)_purchase_all_vd_결산(대형폐기물)_mk1_26.03.06,aos_vd_all_이거모르고(옷장정리)1_mk1_26.04.23,277627.0,0.0,0.0,2.0,,,138814.0,3114.8
facebook.business,iOS(Web2App)_논타겟_판매_26.02.03,ios(Web2App)_purchase_re_vd_봉투에던져(음식물)_cr1_26.03.30,ios_vd_all_봉투에던져(반찬통)3_cr1_26.03.30,275267.0,0.0,0.0,4.0,,,68817.0,15998.91
facebook.business,AOS(Web2App)_논타겟_판매_26.02.03,aos(Web2App)_purchase_lookalike(7%)_vd_청소부/100(폐기물)_cr1_26.04.04,aos_vd_all_청소부100(신고)1_cr1_26.04.04,274848.0,0.0,84.0,45.0,,3272.0,6108.0,56742.39
facebook.business,AOS(Web2App)_논타겟_판매_26.02.03,aos(Web2App)_purchase_lookalike(7%)_vd_신주목/50%(대형폐기물)_mk1_26.04.03,aos_vd_all_신주목세종대전청주50(침구)3_mk1_26.04.03,273955.0,0.0,0.0,12.0,,,22830.0,8921.92
facebook.business,AOS(Web2App)_논타겟_판매(지구의날)26.04.22,aos(Web2App)_purchase_all_vd_지구의날프로모션(복합)_mk1_26.04.22,aos_vd_all_지구의날(팀장님)1_mk1_26.04.22,271485.0,0.0,0.0,1.0,,,271485.0,5407.42
facebook.business,AOS(Web2App)_논타겟_판매(지구의날)26.04.22,aos(Web2App)_purchase_all_im_지구의날프로모션(복합)_sj1_26.04.22,aos_im_all_지구의날(귀찮)2_26.04.22,269553.0,0.0,128.0,1.0,,2106.0,269553.0,4850.69
facebook.business,iOS(Web2App)_논타겟_판매(지구의날)26.04.22,ios(Web2App)_purchase_all_im_지구의날프로모션(복합)_sj1_26.04.22,ios_im_all_지구의날(귀찮)2_26.04.22,268583.0,0.0,95.0,0.0,,2827.0,,0.0
facebook.business,iOS(Web2App)_논타겟_판매(봄맞이)26.04.22,ios(Web2App)_purchase_all_im_봄맞이프로모션(복합)_sj1_26.04.22,ios_im_all_봄맞이(빵꾸)4_sj1_26.04.22,259010.0,0.0,136.0,2.0,,1904.0,129505.0,3779.54
facebook.business,AOS_리타겟_구매_24.11.05,aos_purchase_re_vd_고효율소재모음(1)_25.07.23,aos_vd_all_30만명(끊을수없죠)1_cr1_26.03.05,254303.0,0.0,0.0,3.0,,,84768.0,19633.62
facebook.business,AOS(Web2App)_논타겟_판매(지구의날)26.04.22,aos(Web2App)_purchase_all_vd_지구의날프로모션(복합)_cr1_26.04.22,aos_vd_all_지구의날(게으른)2_cr1_26.04.22,254016.0,0.0,0.0,2.0,,,127008.0,4712.45
facebook.business,iOS_논타겟_앱홍보(구매)_26.04.04,ios_purchase_all_vd_신친정엄마(폐기물)_cr1_26.04.04,ios_vd_all_신친정엄마(현관문)3_cr1_26.04.04,253916.0,0.0,0.0,15.0,,,16928.0,419862.97
facebook.business,iOS(Web2App)_논타겟_판매_26.02.03,ios(Web2App)_purchase_lookalike(7%)_vd_청소부/50(폐기물)_cr1_26.04.04,ios_vd_all_청소부50(소파)2_cr1_26.04.04,251755.0,0.0,145.0,21.0,,1736.0,11988.0,16484.17
facebook.business,AOS(Web2App)_논타겟_판매_26.02.03,aos(Web2App)_purchase_lookalike(7%)_vd_신부럽다/2500(음식물)_nk1_26.04.03,aos_vd_all_신부럽다2500(냉동식품)3_nk1_26.04.03,251520.0,0.0,0.0,10.0,,,25152.0,18522.98
facebook.business,AOS_논타겟_앱홍보(구매)_26.01.28,aos_purchase_all_vd_하던나(음식물)_cr1_26.04.12,aos_vd_all_하던나(식용유)3_cr1_26.04.12,249510.0,0.0,0.0,26.0,,,9597.0,19358.73
facebook.business,iOS(Web2App)_논타겟_판매_26.02.03,ios(Web2App)_purchase_lookalike(7%)_vd_신부럽다2500(음식물)_nk1_26.04.03,ios_vd_all_신부럽다2500(냉동식품)3_nk1_26.04.03,242170.0,0.0,0.0,6.0,,,40362.0,7985.79
facebook.business,AOS(Web2App)_논타겟_판매_26.02.03,aos(Web2App)_purchase_lookalike(7%)_vd_신주목/50%(대형폐기물)_mk1_26.04.03,aos_vd_all_신주목세종대전청주50(대형가구)1_mk1_26.04.03,238069.0,0.0,0.0,15.0,,,15871.0,42419.56
facebook.business,AOS_논타겟_앱홍보(구매)_26.01.28,aos_purchase_lookalike(7%)_vd_인플루언서PA(1)_sj1_26.02.13,aos_vd_all_블레스홈6_hn1_26.02.13,237788.0,0.0,0.0,12.0,,,19816.0,13892.75
facebook.business,iOS(Web2App)_논타겟_판매_26.02.03,ios(Web2App)_purchase_lookalike(7%)_vd_청소부/50(폐기물)_cr1_26.04.04,ios_vd_all_청소부50(지역)3_cr1_26.04.04,237617.0,0.0,125.0,12.0,,1901.0,19801.0,910325.4
facebook.business,AOS_리타겟_구매_24.11.05,aos_trial_re_vd_고효율소재모음(2)_dh1_26.02.20,aos_vd_all_커버링써(냉동실)3_cr1_26.02.20,231771.0,0.0,0.0,26.0,,,8914.0,14313550.0
facebook.business,AOS_논타겟_앱홍보(구매)_26.01.28,aos_purchase_all_vd_가장짧은시간(대형폐기물)_cr1_26.04.11,aos_vd_all_가장짧은시간(하이체어)3_cr1_26.04.11,227789.0,0.0,0.0,20.0,,,11389.0,0.0
facebook.business,iOS_논타겟_앱홍보(구매)_26.04.12,ios_purchase_all_vd_팀장님(대형폐기물)_hn1_26.04.14,ios_vd_all_팀장님(이사)2_hn1_26.04.14,224075.0,0.0,0.0,6.0,,,37346.0,0.0
facebook.business,AOS(Web2App)_논타겟_판매_26.02.03,aos(Web2App)_purchase_all_vd_팀장님(대형폐기물)_hn1_26.03.25,aos_vd_all_팀장님(배출품목)1_hn1_26.03.25,220231.0,0.0,153.0,6.0,,1439.0,36705.0,0.0
facebook.business,iOS(Web2App)_논타겟_판매_26.02.03,ios(Web2App)_purchase_lookalike(7%)_vd_부럽다/천안100(음식물)_nk1_26.03.18,ios_vd_all_부럽다천안100(김치통)1_nk1_26.03.18,217335.0,0.0,0.0,7.0,,,31048.0,6181.56
facebook.business,iOS(Web2App)_논타겟_판매_26.02.03,ios(Web2App)_purchase_lookalike(7%)_vd_청소부/100(폐기물)_cr1_26.04.04,ios_vd_all_청소부100(소파)2_cr1_26.04.04,216412.0,0.0,116.0,14.0,,1866.0,15458.0,25678.69
facebook.business,AOS_논타겟_앱홍보(구매)_26.01.28,aos_purchase_all_vd_자취고인물(폐기물)_nk1_26.03.20,aos_vd_all_자취고인물(화장품)3_nk1_26.03.20,214803.0,0.0,0.0,15.0,,,14320.0,7188.79
facebook.business,AOS_리타겟_구매_24.11.05,aos_trial_re_vd_타임어택(음식물)_cr1_26.03.30,aos_vd_타임어택(냉동실)3_cr1_26.03.30,210846.0,0.0,0.0,15.0,,,14056.0,0.0
facebook.business,iOS_논타겟_앱홍보(구매)_26.01.29_1,ios_purchase_all_vd_인플루언서PA(1)_hn1_26.01.29,ios_vd_all_블레스홈6_hn1_26.01.29,207870.0,0.0,0.0,6.0,,,34645.0,272022.04
facebook.business,AOS(Web2App)_논타겟_판매_26.02.03,aos(Web2App)_purchase_all_vd_잘들어(천안)_hn1_26.04.10,aos_vd_all_잘들어(천안/맞벌이)3_hn1_26.04.10,207394.0,0.0,0.0,1.0,,,207394.0,30173.8
facebook.business,iOS(Web2App)_논타겟_판매_26.02.03,ios(Web2App)_purchase_lookalike(7%)_vd_사투리/100(음식물)_cr1_26.04.04,ios_vd_all_사투리100(아이스크림)3_cr1_26.04.04,203419.0,0.0,73.0,7.0,,2787.0,29060.0,817433.56
facebook.business,AOS(Web2App)_논타겟_판매_26.02.03,aos(Web2App)_purchase_lookalike(7%)_vd_청소부/100(폐기물)_cr1_26.04.04,aos_vd_all_청소부100(지역)3_cr1_26.04.04,200786.0,0.0,89.0,22.0,,2256.0,9127.0,480355.17
facebook.business,iOS(Web2App)_논타겟_판매_26.02.03,ios(Web2App)_purchase_all_vd_아귀찮아(음식물)_cr1_26.02.03,ios_vd_all_커버링써(냉동실)3_cr1_26.03.31,200364.0,0.0,0.0,5.0,,,40073.0,17990.9
facebook.business,AOS_논타겟_앱홍보(구매)_26.01.28,aos_purchase_all_vd_부럽다/천안50(음식물)_nk1_26.04.08,aos_vd_all_잘들어(천안/워킹맘)2_hn1_26.04.17,200176.0,0.0,0.0,25.0,,,8007.0,0.0
facebook.business,AOS(Web2App)_논타겟_판매_26.02.03,aos(Web2App)_purchase_lookalike(7%)_vd_청소부/50(폐기물)_cr1_26.04.04,aos_vd_all_청소부50(지역)3_cr1_26.04.04,199218.0,0.0,92.0,23.0,,2165.0,8662.0,11776.11
facebook.business,AOS(Web2App)_논타겟_판매_26.02.03,aos(Web2App)_purchase_re_vd_봉투에던져(음식물)_cr1_26.03.30,aos_vd_all_봉투에던져(언음쓰)1_cr1_26.03.30,198543.0,0.0,0.0,5.0,,,39709.0,0.0
facebook.business,AOS_논타겟_앱홍보(구매)_26.01.28,aos_purchase_all_vd_신친정엄마(폐기물)_cr1_26.04.04,aos_vd_all_신친정엄마(현관문)3_cr1_26.04.04,197858.0,0.0,0.0,10.0,,,19786.0,7585.46
facebook.business,iOS_논타겟_앱홍보(구매)_26.02.26,"ios_purchase_천안,아산_vd_PA고효율소재모음(2)_hn1_26.03.05",ios_vd_all_오순의집2_hn1_26.03.31,197729.0,0.0,0.0,18.0,,,10985.0,0.0
facebook.business,AOS(Web2App)_논타겟_판매_26.02.03,aos(Web2App)_purchase_lookalike(7%)_vd_부럽다/천안100(음식물)_nk1_26.03.18,aos_vd_all_부럽다천안100(김치통)1_nk1_26.03.18,196944.0,0.0,0.0,19.0,,,10365.0,13150.29
facebook.business,iOS_논타겟_앱홍보(구매)_26.04.04,ios_purchase_all_vd_가장짧은시간(대형폐기물)_mk1_26.04.08,aos_vd_all_가장짧은시간(하이체어)3_cr1_26.04.08,193869.0,0.0,0.0,2.0,,,96935.0,0.0
facebook.business,iOS(Web2App)_논타겟_판매_26.02.03,ios(Web2App)_purchase_all_vd_잘들어(천안)_hn1_26.04.10,ios_vd_all_잘들어(천안/워킹맘)2_hn1_26.04.10,188568.0,0.0,0.0,1.0,,,188568.0,0.0
facebook.business,iOS_리타겟_앱홍보(구매)_26.02.19,ios_purchase_re_vd_150L(대형폐기물)_hn1_26.02.19,ios_vd_re_150L(가구)1_hn1_26.02.19,187812.0,0.0,0.0,16.0,,,11738.0,77025.87
facebook.business,iOS_리타겟_앱홍보(구매)_26.02.19,ios_purchase_re_vd_타임어택(음식물)_cr1_26.03.30,ios_vd_타임어택(냉동실)3_cr1_26.03.30,186519.0,0.0,0.0,9.0,,,20724.0,16741.23
facebook.business,iOS_논타겟_앱홍보(구매)_26.04.12,ios_purchase_all_vd_하던나(음식물)_cr1_26.04.12,ios_vd_all_하던나(곰팡이)2_cr1_26.04.12,185478.0,0.0,0.0,5.0,,,37096.0,252882.82
facebook.business,AOS(Web2App)_논타겟_판매_26.02.03,aos(Web2App)_purchase_lookalike(7%)_vd_부럽다/천안50(음식물)_nk1_26.03.18,aos_vd_all_부럽다천안50(치킨뼈)2_nk1_26.03.18,185079.0,0.0,0.0,12.0,,,15423.0,24017.77
facebook.business,iOS_논타겟_앱홍보(구매)_26.01.29_1,ios_purchase_all_vd_음식물모음_hn1_26.01.29,ios_vd_all_커버링써(냉동실)3_cr1_26.01.29,184897.0,0.0,0.0,16.0,,,11556.0,13271.97
facebook.business,iOS_논타겟_앱홍보(구매)_26.03.20,ios_purcahse_all_vd_오픈(음식물)_mk1_26.03.20,ios_vd_all_오픈(냉동식품)2_mk1_26.03.20,184189.0,0.0,0.0,7.0,,,26313.0,17633.67
facebook.business,AOS(Web2App)_논타겟_판매_26.02.03,aos(Web2App)_purchase_lookalike(7%)_vd_신주목/2500(대형폐기물)_mk1_26.04.03,aos_vd_all_신주목2500(대형가구)1_mk1_26.04.03,182726.0,0.0,0.0,8.0,,,22841.0,9380.02
facebook.business,AOS(Web2App)_논타겟_판매_26.02.03,aos(Web2App)_purchase_lookalike(7%)_vd_신부럽다/50%(음식물)_nk1_26.04.03,aos_vd_all_신부럽다50(김치통)1_nk1_26.04.03,182476.0,0.0,0.0,3.0,,,60825.0,69104.53
facebook.business,iOS(Web2App)_논타겟_판매(지구의날)26.04.22,ios(Web2App)_purchase_all_vd_pa_지구의날프로모션(육아)_mk1_26.04.23,ios_vd_all_서혜진(지구의날4월pa)3_mk1_26.04.23,182092.0,0.0,0.0,0.0,,,,2948.5
facebook.business,AOS_리타겟_구매_24.11.05,aos_purchase_re_im_방문요금_sj1_26.03.25,aos_im_re_방문요금(C버전)3_sj1_26.03.25,179673.0,0.0,0.0,2.0,,,89837.0,115163.52
facebook.business,iOS_리타겟_앱홍보(구매)_25.07.23,ios_purchase_re_vd_고효율소재모음(2)_25.07.23,ios_vd_re_150L(튼튼)3_hn1_26.04.08,178146.0,0.0,0.0,9.0,,,19794.0,136425.72
facebook.business,iOS_유사타겟_회원가입_26.01.28_1,ios_registration_lookalike(7%)_vd_인플루언서PA(4)_hn1_26.01.28,ios_vd_all_이천커플1_hn1_26.03.31,175610.0,0.0,0.0,13.0,,,13508.0,0.0
facebook.business,iOS(Web2App)_논타겟_판매_26.02.03,ios(Web2App)_purchase_lookalike(7%)_vd_신부럽다/100%(음식물)_nk1_26.04.03,ios_vd_all_신부럽다100(냉동식품)3_nk1_26.04.03,174576.0,0.0,60.0,6.0,,2910.0,29096.0,21958.44
facebook.business,AOS(Web2App)_논타겟_판매(지구의날)26.04.22,aos(Web2App)_purchase_all_vd_pa_지구의날프로모션(육아)_mk1_26.04.23,aos_vd_all_서혜진(지구의날4월pa)3_mk1_26.04.23,172863.0,0.0,0.0,1.0,,,172863.0,0.0
facebook.business,iOS_유사타겟_회원가입_26.01.28_2,ios_registration_lookalike(7%)_vd_폐기물모음_hn1_26.01.28,ios_vd_lookalike(7%)_스티커없이(소파)1_cr1_26.03.20,172623.0,0.0,0.0,21.0,,,8220.0,11875780.0
facebook.business,AOS_리타겟_구매_24.11.05,aos_trial_re_vd_고효율소재모음(2)_dh1_26.02.20,aos_vd_써야이유(껍질)3_dh1_26.02.20,172368.0,0.0,0.0,26.0,,,6630.0,11345.94
facebook.business,iOS(Web2App)_논타겟_판매_26.02.03,ios(Web2App)_purchase_lookalike(7%)_vd_청소부/2500(폐기물)_cr1_26.04.04,ios_vd_all_청소부2500(소파)2_cr1_26.04.04,170017.0,0.0,103.0,10.0,,1651.0,17002.0,10954.88
facebook.business,AOS(Web2App)_논타겟_판매_26.02.03,aos(Web2App)_purchase_re_vd_봉투에던져(음식물)_cr1_26.03.30,aos_vd_all_봉투에던져(배달음식)2_cr1_26.03.30,167856.0,0.0,0.0,6.0,,,27976.0,69220.76
facebook.business,AOS_논타겟_앱홍보(구매)_26.01.28,aos_purchase_dcj_vd_150L(대형폐기물)_hn1_26.04.23,aos_vd_dcj_150L(가구)1_hn1_26.04.23,161450.0,0.0,0.0,66.0,,,2446.0,12694.57
facebook.business,AOS_논타겟_앱홍보(구매)_26.01.28,aos_purchase_cna/asn_vd_150L(대형폐기물)_hn1_26.04.23,aos_vd_cna/asn_150L(가구)1_hn1_26.04.23,159556.0,0.0,0.0,39.0,,,4091.0,0.0
facebook.business,AOS(Web2App)_논타겟_판매_26.02.03,aos(Web2App)_purchase_lookalike(7%)_vd_사투리/50(음식물)_cr1_26.04.04,aos_vd_all_사투리50(아이스크림)3_cr1_26.04.04,158974.0,0.0,66.0,16.0,,2409.0,9936.0,23522.2
facebook.business,iOS(Web2App)_논타겟_판매_26.02.03,ios(Web2App)_purchase_lookalike(7%)_vd_부럽다/아산100(음식물)_nk1_26.03.18,ios_vd_all_부럽다아산100(김치통)1_nk1_26.03.18,156332.0,0.0,20.0,1.0,,7817.0,156332.0,0.0
facebook.business,AOS_논타겟_앱홍보(구매)_26.01.28,aos_purchase_all_vd_워킹맘모음_sj1_26.01.28,aos_vd_all_임산부이사(쓰레기집)2_cr1_26.01.28,155704.0,0.0,0.0,6.0,,,25951.0,18214.67
facebook.business,iOS_논타겟_앱홍보(구매)_26.04.23,ios_purchase_all_vd_인플루언서PA_dcj_sj1_26.04.23,ios_vd_all_밍지의방_1월8_sj1_26.04.23,151078.0,0.0,0.0,52.0,,,2905.0,29979.48
facebook.business,iOS(Web2App)_논타겟_판매_26.02.03,ios(Web2App)_purchase_all_vd_팀장님(대형폐기물)_hn1_26.03.25,ios_vd_all_팀장님(수거)3_hn1_26.03.25,150531.0,0.0,94.0,2.0,,1601.0,75266.0,0.0
facebook.business,iOS_논타겟_앱홍보(구매)_26.04.12,ios_purchase_all_vd_팀장님(대형폐기물)_hn1_26.04.14,ios_vd_all_팀장님(배출품목)1_hn1_26.04.14,150233.0,0.0,0.0,2.0,,,75117.0,0.0
facebook.business,iOS(Web2App)_논타겟_판매(지구의날)26.04.22,ios(Web2App)_purchase_all_vd_pa_지구의날프로모션(환경)_mk1_26.04.23,ios_vd_all_부기빌리지(지구의날4월pa)6_mk1_26.04.23,146985.0,0.0,0.0,0.0,,,,0.0
facebook.business,AOS(Web2App)_논타겟_판매_26.02.03,aos(Web2App)_purchase_all_vd_PA(친구초대)_3월(3)_hn1_26.03.26,aos_vd_all_권세혁(3월)10_hn1_26.03.26,146726.0,0.0,0.0,7.0,,,20961.0,39189.63
facebook.business,iOS(Web2App)_논타겟_판매_26.02.03,ios(Web2App)_purchase_all_vd_잘들어(천안)_hn1_26.04.10,ios_vd_all_잘들어(천안/맞벌이)3_hn1_26.04.10,145193.0,0.0,0.0,0.0,,,,0.0
facebook.business,AOS_논타겟_앱홍보(구매)_26.01.28,aos_purchase_all_vd_잘들어(천안)_hn1_26.04.23,aos_vd_all_잘들어(천안/맞벌이)3_hn1_26.04.23,144284.0,0.0,0.0,17.0,,,8487.0,0.0
facebook.business,iOS_리타겟_앱홍보(구매)_25.07.23,ios_purchase_re_vd_고효율소재모음(2)_25.07.23,ios_vd_re_30만명(끊을수없죠)1_cr1_26.02.24,142984.0,0.0,0.0,6.0,,,23831.0,6016.32
facebook.business,iOS_논타겟_앱홍보(구매)_26.04.04,ios_purchase_lookalike(7%)_vd_부럽다/천안50(음식물)_nk1_26.04.08,ios_vd_all_부럽다천안50(김치통)1_nk1_26.04.08,142321.0,0.0,0.0,8.0,,,17790.0,0.0
facebook.business,AOS(Web2App)_논타겟_판매_26.02.03,aos(Web2App)_purchase_lookalike(7%)_vd_신주목/100%(대형폐기물)_mk1_26.04.03,aos_vd_all_신주목100(침구)3_mk1_26.04.03,140498.0,0.0,0.0,3.0,,,46833.0,0.0
facebook.business,AOS_논타겟_앱홍보(구매)_26.01.28,aos_purchase_all_vd_친정엄마(폐기물)_cr1_26.03.02,aos_vd_all_친정엄마(무릎)1_cr1_26.03.02,139205.0,0.0,0.0,8.0,,,17401.0,12671.1
facebook.business,iOS_논타겟_앱홍보(구매)_26.04.23,ios_purchase_all_vd_고효율소재모음_dcj_sj1_26.04.23,ios_vd_all_테크덕후(선풍기)3_sj1_26.04.23,136946.0,0.0,0.0,24.0,,,5706.0,7779.53
facebook.business,AOS_논타겟_앱홍보(구매)_26.01.28,aos_purchase_all_vd_고효율소재모음_dcj_sj1_26.04.23,aos_vd_dcj_신주목세종대전청주50(가전)2_dh1_26.04.23,136510.0,0.0,0.0,35.0,,,3900.0,7400.68
facebook.business,iOS(Web2App)_논타겟_판매_26.02.03,ios(Web2App)_purchase_lookalike(7%)_vd_사투리/2500(음식물)_cr1_26.04.04,ios_vd_all_사투리2500(아이스크림)3_cr1_26.04.04,135894.0,0.0,44.0,10.0,,3089.0,13589.0,299541.82
facebook.business,iOS_논타겟_앱홍보(구매)_26.04.04,ios_purchase_all_vd_신친정엄마(폐기물)_cr1_26.04.04,ios_vd_all_신친정엄마(효도)1_cr1_26.04.04,134464.0,0.0,0.0,0.0,,,,0.0
facebook.business,AOS_논타겟_앱홍보(구매)_26.01.28,aos_purchase_lookalike(7%)_vd_인플루언서PA(1)_sj1_26.02.13,aos_vd_all_이지홈_1월9_hn1_26.03.10,133199.0,0.0,0.0,15.0,,,8880.0,156961.37
facebook.business,AOS_논타겟_앱홍보(구매)_26.01.28,aos_purchase_all_vd_여러분(폐기물)_mk1_26.04.10,aos_vd_all_여러분(침구류)2_mk1_26.04.11,131358.0,0.0,0.0,10.0,,,13136.0,0.0
facebook.business,iOS_논타겟_앱홍보(구매)_26.04.23,ios_purchase_dcj_vd_150L(대형폐기물)_hn1_26.04.23,ios_vd_all_150L(가구)1_hn1_26.04.23,129841.0,0.0,0.0,30.0,,,4328.0,23846.69
facebook.business,AOS(Web2App)_논타겟_판매_26.02.03,aos(Web2App)_purchase_lookalike(7%)_vd_신부럽다/100%(음식물)_nk1_26.04.03,aos_vd_all_신부럽다100(냉동식품)3_nk1_26.04.03,129207.0,0.0,0.0,3.0,,,43069.0,8424.85
facebook.business,AOS(Web2App)_논타겟_판매_26.02.03,aos(Web2App)_purchase_all_vd_잘들어(아산)_hn1_26.04.10,aos_vd_all_잘들어(아산/직장인)1_hn1_26.04.10,128427.0,0.0,0.0,4.0,,,32107.0,0.0
facebook.business,iOS(Web2App)_논타겟_판매_26.02.03,ios(Web2App)_purchase_lookalike(7%)_vd_신주목/50%(대형폐기물)_mk1_26.04.03,ios_vd_all_신주목50(대형가구)1_mk1_26.04.03,128383.0,0.0,67.0,13.0,,1916.0,9876.0,54113.11
facebook.business,iOS_논타겟_앱홍보(구매)_26.04.23,ios_purchase_cna/asn_vd_150L(대형폐기물)_hn1_26.04.23,ios_vd_all_150L(가구)1_hn1_26.04.23,128320.0,0.0,0.0,17.0,,,7548.0,14276.8
facebook.business,AOS(Web2App)_논타겟_판매_26.02.03,aos(Web2App)_purchase_all_vd_잘들어(아산)_hn1_26.04.10,aos_vd_all_잘들어(아산/맞벌이)3_hn1_26.04.10,126948.0,0.0,0.0,2.0,,,63474.0,8127.94
facebook.business,iOS(Web2App)_논타겟_판매_26.02.03,ios(Web2App)_purchase_lookalike(7%)_vd_사투리/50(음식물)_cr1_26.04.04,ios_vd_all_사투리50(아이스크림)3_cr1_26.04.04,126604.0,0.0,45.0,9.0,,2813.0,14067.0,353666.46
facebook.business,AOS_리타겟_구매_24.11.05,aos_purchase_re_vd_커바니AI(재이용복합)_hn1_26.04.23,aos_vd_all_커바니AI(수거시간)2_hn1_26.04.23,126501.0,0.0,0.0,0.0,,,,6364.88
facebook.business,AOS(Web2App)_논타겟_판매_26.02.03,aos(Web2App)_purchase_lookalike(7%)_vd_사투리/50(음식물)_cr1_26.04.04,aos_vd_all_사투리50(반찬통)2_cr1_26.04.04,125137.0,0.0,59.0,9.0,,2121.0,13904.0,0.0
facebook.business,AOS(Web2App)_논타겟_판매_26.02.03,aos(Web2App)_purchase_lookalike(7%)_vd_부럽다/천안50(음식물)_nk1_26.03.18,aos_vd_all_주목천안50(매트릭스)3_mk1_26.04.08,125059.0,0.0,62.0,4.0,,2017.0,31265.0,0.0
facebook.business,AOS(Web2App)_논타겟_판매_26.02.03,aos(Web2App)_purchase_all_vd_스티커없이(대형폐기물)_cr1_26.02.19,aos_vd_all_이거모르고(옷장정리)1_cr1_26.03.31,123458.0,0.0,75.0,5.0,,1646.0,24692.0,46828.99
facebook.business,AOS(Web2App)_논타겟_판매(봄맞이)26.04.22,aos(Web2App)_purchase_all_vd_봄맞이프로모션(복합)_cr1_26.04.22,aos_vd_all_봄맞이(봉투)3_cr1_26.04.22,122510.0,0.0,66.0,1.0,,1856.0,122510.0,26819.09
facebook.business,iOS(Web2App)_논타겟_판매_26.02.03,ios(Web2App)_purchase_re_vd_봉투에던져(음식물)_cr1_26.03.30,ios_vd_all_봉투에던져(언음쓰)1_cr1_26.03.30,121091.0,0.0,0.0,5.0,,,24218.0,0.0
facebook.business,iOS_논타겟_앱홍보(구매)_26.02.19_3,ios_purchase_lookalike(7%)_vd_인플루언서PA(2월)_hn1_26.02.23,ios_vd_all_예진_1월4_hn1_26.03.20,120982.0,0.0,0.0,5.0,,,24196.0,31244.78
facebook.business,AOS(Web2App)_논타겟_판매_26.02.03,aos(Web2App)_purchase_all_vd_필요없어요(대형폐기물)_cr1_26.03.25,aos_vd_all_필요없어요(허리)2_cr1_25.03.25,120639.0,0.0,231.0,8.0,,522.0,15080.0,0.0
facebook.business,iOS_유사타겟_회원가입_26.02.06_4,ios_registration_lookalike(7%)_vd_150L(대형폐기물)_hn1_26.02.19,ios_vd_all_150L(무게)2_hn1_26.02.19,119010.0,0.0,0.0,11.0,,,10819.0,168253.76
facebook.business,AOS(Web2App)_논타겟_판매_26.02.03,aos(Web2App)_purchase_lookalike(7%)_vd_부럽다/천안100(음식물)_nk1_26.03.18,aos_vd_all_부럽다천안100(냉동식품)3_nk1_26.03.18,117609.0,0.0,0.0,15.0,,,7841.0,55435.24
facebook.business,AOS(Web2App)_논타겟_판매_26.02.03,aos(Web2App)_purchase_lookalike(7%)_vd_신부럽다/2500(음식물)_nk1_26.04.03,aos_vd_all_신부럽다2500(치킨뼈)2_nk1_26.04.03,116186.0,0.0,0.0,5.0,,,23237.0,27738.48
facebook.business,AOS(Web2App)_논타겟_판매(지구의날)26.04.22,aos(Web2App)_purchase_all_vd_pa_지구의날프로모션(환경)_mk1_26.04.23,aos_vd_all_홍우열(지구의날4월pa)7_mk1_26.04.23,115615.0,0.0,0.0,1.0,,,115615.0,10937.12
facebook.business,iOS_리타겟_앱홍보(구매)_25.07.23,ios_purchase_re_vd_고효율소재모음(2)_25.07.23,ios_vd_990원(특가)1_25.07.23,114919.0,0.0,0.0,4.0,,,28730.0,22001.82
facebook.business,AOS_논타겟_앱홍보(구매)_26.01.28,aos_purchase_dcj_vd_신주목/50%(대형폐기물)_dh1_26.04.23,aos_dcj_vd_50(대형가구)1_dh1_26.04.23,114298.0,0.0,0.0,26.0,,,4396.0,0.0
facebook.business,iOS(Web2App)_논타겟_판매_26.02.03,ios(Web2App)_purchase_lookalike(7%)_vd_신주목/50%(대형폐기물)_mk1_26.04.03,ios_vd_all_신주목50(침구)3_mk1_26.04.03,114291.0,0.0,0.0,1.0,,,114291.0,0.0
facebook.business,AOS_논타겟_앱홍보(구매)_26.01.28,aos_purchase_lookalike(7%)_vd_인플루언서PA(1)_sj1_26.02.13,aos_vd_all_달소유_1월20_hn1_26.04.27,114224.0,0.0,0.0,13.0,,,8786.0,0.0
facebook.business,AOS(Web2App)_논타겟_판매_26.02.03,aos(Web2App)_purchase_lookalike(7%)_vd_사투리/100(음식물)_cr1_26.04.04,aos_vd_all_사투리100(도움)1_cr1_26.04.04,113052.0,0.0,58.0,15.0,,1949.0,7537.0,6961.77
facebook.business,AOS_리타겟_구매_24.11.05,aos_purchase_re_im_방문요금_sj1_26.03.25,aos_im_re_방문요금(D버전)4_sj1_26.03.25,112889.0,0.0,0.0,0.0,,,,0.0
facebook.business,AOS_논타겟_앱홍보(구매)_26.01.28,aos_purchase_all_vd_인플루언서PA_dcj_sj1_26.04.23,aos_vd_all_지지팀장7_sj1_26.04.23,112454.0,0.0,0.0,32.0,,,3514.0,0.0
facebook.business,iOS_논타겟_앱홍보(구매)_26.04.04,ios_purchase_all_vd_여러분(폐기물)_mk1_26.04.10,ios_vd_all_여러분(침구류)2_mk1_26.04.10,112319.0,0.0,0.0,6.0,,,18720.0,792118.06
facebook.business,AOS(Web2App)_논타겟_판매_26.02.03,aos(Web2App)_purchase_lookalike(7%)_vd_사투리/100(음식물)_cr1_26.04.04,aos_vd_all_사투리100(아이스크림)3_cr1_26.04.04,111219.0,0.0,43.0,4.0,,2586.0,27805.0,0.0
facebook.business,AOS(Web2App)_논타겟_판매_26.02.03,aos(Web2App)_purchase_all_vd_PA(친구초대)_3월(3)_hn1_26.03.26,aos_vd_all_살림알림(3월)7_hn1_26.04.07,109280.0,0.0,0.0,4.0,,,27320.0,0.0
facebook.business,iOS_유사타겟_회원가입_26.04.23_6,ios_registration_lookalike(7%)_vd__인플루언서PA_dh1_26.04.23,ios_vd_dcj_달소유_1월20_dh1_26.04.24,108934.0,0.0,0.0,16.0,,,6808.0,28295.41
facebook.business,AOS_리타겟_구매_24.11.05,aos_purchase_re_im_기본요금_sj1_26.03.25,aos_im_re_기본요금(C버전)3_sj1_26.03.25,108924.0,0.0,0.0,0.0,,,,0.0
facebook.business,iOS_리타겟_앱홍보(구매)_26.02.19,ios_purchase_re_vd_커바니AI(재이용복합)_hn1_26.04.23,ios_vd_all_커바니AI(방문요금)1_hn1_26.04.23,108473.0,0.0,0.0,2.0,,,54237.0,11590.84
facebook.business,iOS_논타겟_앱홍보(구매)_26.02.26,"ios_purchase_천안,아산_vd_PA고효율소재모음(2)_hn1_26.03.05",ios_vd_all_밍지의방_1월8_hn1_26.03.05,108328.0,0.0,0.0,7.0,,,15475.0,53100.96
facebook.business,AOS_논타겟_앱홍보(구매)_26.01.28,aos_purchase_all_vd_잘들어(아산)_hn1_26.04.23,aos_vd_all_잘들어(아산/맞벌이)3_hn1_26.04.23,107479.0,0.0,0.0,14.0,,,7677.0,9681.02
facebook.business,AOS(Web2App)_논타겟_판매_26.02.03,aos(Web2App)_purchase_all_vd_PA(친구초대)_3월(2)_hn1_26.03.26,aos_vd_all_멍지(3월)3_hn1_26.03.26,106242.0,0.0,0.0,4.0,,,26561.0,0.0
facebook.business,AOS(Web2App)_논타겟_판매_26.02.03,aos(Web2App)_purchase_all_vd_잘들어(아산)_hn1_26.04.10,aos_vd_all_잘들어(아산/워킹맘)2_hn1_26.04.10,104537.0,0.0,0.0,3.0,,,34846.0,0.0
facebook.business,AOS_리타겟_구매_24.11.05,aos_purchase_re_vd_고효율소재모음(1)_25.07.23,aos_vd_all_스티커없이(식탁)2_sj1_25.04.27,104376.0,0.0,0.0,3.0,,,34792.0,2337.13
facebook.business,AOS_리타겟_구매_24.11.05,aos_trial_re_vd_고효율소재모음(2)_dh1_26.02.20,aos_vd_타임어택(저기요)1_mk1_26.04.23,103469.0,0.0,0.0,4.0,,,25867.0,0.0
facebook.business,iOS_논타겟_앱홍보(구매)_26.04.04,ios_purchase_all_vd_가장짧은시간(대형폐기물)_mk1_26.04.08,aos_vd_all_가장짧은시간(매트)1_cr1_26.04.08,101410.0,0.0,0.0,1.0,,,101410.0,0.0
facebook.business,AOS(Web2App)_논타겟_판매_26.02.03,aos(Web2App)_purchase_lookalike(7%)_vd_사투리/2500(음식물)_cr1_26.04.04,aos_vd_all_사투리2500(아이스크림)3_cr1_26.04.04,101013.0,0.0,22.0,4.0,,4592.0,25253.0,47442.65
facebook.business,iOS(Web2App)_논타겟_판매_26.02.03,ios(Web2App)_purchase_lookalike(7%)_vd_청소부/100(폐기물)_cr1_26.04.04,ios_vd_all_청소부100(신고)1_cr1_26.04.04,100901.0,0.0,64.0,9.0,,1577.0,11211.0,0.0
facebook.business,AOS(Web2App)_논타겟_판매(지구의날)26.04.22,aos(Web2App)_purchase_all_vd_pa_지구의날프로모션(환경)_mk1_26.04.23,aos_vd_all_류소향(지구의날4월pa)5_mk1_26.04.23,100336.0,0.0,0.0,3.0,,,33445.0,7627.51
facebook.business,iOS_리타겟_앱홍보(구매)_25.07.23,ios_purchase_re_vd_고효율소재모음(2)_25.07.23,ios_vd_all_댓글읽기(껍질)3_hn1_25.10.28,97533.0,0.0,0.0,1.0,,,97533.0,56410866.67
facebook.business,iOS(Web2App)_논타겟_판매_26.02.03,ios(Web2App)_purchase_all_vd_PA(친구초대)_3월(3)_hn1_26.03.26,ios_vd_all_권세혁(3월)10_hn1_26.03.26,97468.0,0.0,0.0,1.0,,,97468.0,6266.95
facebook.business,AOS(Web2App)_논타겟_판매_26.02.03,aos(Web2App)_purchase_all_vd_스티커없이(대형폐기물)_cr1_26.02.19,aos_vd_all_저만그래요(매트리스)3_nk1_26.03.25,95985.0,0.0,148.0,6.0,,649.0,15998.0,0.0
facebook.business,iOS_논타겟_앱홍보(구매)_26.04.04,ios_purchase_lookalike(7%)_vd_부럽다/천안50(음식물)_nk1_26.04.08,ios_vd_all_부럽다천안50(치킨)2_nk1_26.04.08,95545.0,0.0,0.0,7.0,,,13649.0,45106.68
facebook.business,AOS(Web2App)_논타겟_판매_26.02.03,aos(Web2App)_purchase_lookalike(7%)_vd_사투리/100(음식물)_cr1_26.04.04,aos_vd_all_사투리100(반찬통)2_cr1_26.04.04,93412.0,0.0,22.0,2.0,,4246.0,46706.0,0.0
facebook.business,iOS_논타겟_앱홍보(구매)_26.04.12,ios_purchase_all_vd_잘들어(천안)_hn1_26.04.23,ios_vd_all_잘들어(천안/워킹맘)2_hn1_26.04.23,92778.0,0.0,0.0,15.0,,,6185.0,0.0
facebook.business,iOS_유사타겟_회원가입_26.04.23_6,ios_registration_lookalike(7%)_dcj_vd__인플루언서PA_dh1_26.04.24,ios_vd_all_밍지의방_1월8_dh1_26.04.23,92670.0,0.0,0.0,26.0,,,3564.0,35770.27
facebook.business,iOS(Web2App)_논타겟_판매_26.02.03,ios(Web2App)_purchase_lookalike(7%)_vd_사투리/100(음식물)_cr1_26.04.04,ios_vd_all_사투리100(반찬통)2_cr1_26.04.04,92437.0,0.0,28.0,0.0,,3301.0,,0.0
facebook.business,AOS_논타겟_앱홍보(구매)_26.01.28,aos_purchase_all_vd_가장짧은시간(대형폐기물)_cr1_26.04.11,aos_vd_all_가장짧은시간(매트)1_cr1_26.04.11,92131.0,0.0,0.0,6.0,,,15355.0,10990.92
facebook.business,iOS(Web2App)_논타겟_판매_26.02.03,ios(Web2App)_purchase_lookalike(7%)_vd_부럽다/천안50(음식물)_nk1_26.03.18,ios_vd_all_부럽다천안50(김치통)1_nk1_26.03.18,90717.0,0.0,0.0,2.0,,,45359.0,9621.82
facebook.business,iOS_리타겟_앱홍보(구매)_26.03.25_2,ios_purchase_re_im_방문요금_sj1_26.03.25,ios_im_re_방문요금(B버전)1_sj1_26.03.25,90346.0,0.0,0.0,1.0,,,90346.0,0.0
facebook.business,iOS_리타겟_앱홍보(구매)_26.02.19,ios_purchase_re_vd_150L(대형폐기물)_hn1_26.02.19,ios_vd_re_150L(튼튼)3_hn1_26.02.19,90290.0,0.0,0.0,11.0,,,8208.0,105396.55
facebook.business,iOS(Web2App)_논타겟_판매_26.02.03,ios(Web2App)_purchase_lookalike(7%)_vd_청소부/2500(폐기물)_cr1_26.04.04,ios_vd_all_청소부2500(지역)3_cr1_26.04.04,85813.0,0.0,46.0,8.0,,1866.0,10727.0,513117.07
facebook.business,iOS_논타겟_앱홍보(구매)_26.04.12,ios_purchase_all_vd_하던나(폐기물)_cr1_26.04.12,ios_vd_all_하던나(조명)1_cr1_26.04.12,85687.0,0.0,0.0,1.0,,,85687.0,47666.85
facebook.business,AOS(Web2App)_논타겟_판매_26.02.03,aos(Web2App)_purchase_all_vd_결산(대형폐기물)_mk1_26.03.06,aos_vd_all_대형폐기물(책상)1_mk1_26.03.06,85656.0,0.0,5.0,2.0,,17131.0,42828.0,12937.82
facebook.business,iOS_논타겟_앱홍보(구매)_26.01.29_2,ios_purchase_lookalike(7%)_vd_인플루언서PA(1)_mk1_26.02.12,ios_vd_all_이천커플1_hn1_26.04.08,85100.0,0.0,0.0,2.0,,,42550.0,0.0
facebook.business,AOS(Web2App)_논타겟_판매_26.02.03,aos(Web2App)_purchase_all_vd_잘들어(천안)_hn1_26.04.10,aos_vd_all_잘들어(천안/직장인)1_hn1_26.04.10,84907.0,0.0,0.0,1.0,,,84907.0,0.0
facebook.business,AOS(Web2App)_논타겟_판매_26.02.03,aos(Web2App)_purchase_all_vd_스티커없이(대형폐기물)_cr1_26.02.19,aos_vd_all_저만그래요(소파)2_nk1_26.03.25,84593.0,0.0,27.0,1.0,,3133.0,84593.0,80102.02
facebook.business,iOS(Web2App)_논타겟_판매_26.02.03,ios(Web2App)_purchase_all_vd_가장짧은시간(대형폐기물)_cr1_26.03.25,ios_vd_lookalike_가장짧은시간(매트)1_cr1_26.03.25,83783.0,0.0,95.0,3.0,,882.0,27928.0,0.0
facebook.business,iOS(Web2App)_논타겟_판매_26.02.03,ios(Web2App)_purchase_re_vd_봉투에던져(음식물)_cr1_26.03.30,ios_vd_all_봉투에던져(배달음식)2_cr1_26.03.30,83642.0,0.0,0.0,1.0,,,83642.0,0.0
facebook.business,AOS(Web2App)_논타겟_판매_26.02.03,aos(Web2App)_purchase_lookalike(7%)_vd_신부럽다/2500(음식물)_nk1_26.04.03,aos_vd_all_신부럽다2500(김치통)1_nk1_26.04.03,83567.0,0.0,0.0,2.0,,,41784.0,0.0
facebook.business,iOS(Web2App)_논타겟_판매_26.02.03,ios(Web2App)_purchase_lookalike(7%)_vd_신부럽다/50%(음식물)_nk1_26.04.03,ios_vd_all_신부럽다50(김치통)1_nk1_26.04.03,83086.0,0.0,0.0,0.0,,,,0.0
facebook.business,AOS(Web2App)_논타겟_판매_26.02.03,aos(Web2App)_purchase_lookalike(7%)_vd_청소부/50(폐기물)_cr1_26.04.04,aos_vd_all_청소부50(소파)2_cr1_26.04.04,82191.0,0.0,33.0,3.0,,2491.0,27397.0,0.0
facebook.business,iOS_리타겟_앱홍보(구매)_26.02.19,ios_purchase_re_vd_타임어택(음식물)_cr1_26.03.30,ios_vd_타임어택(저기요)1_cr1_26.03.30,81825.0,0.0,0.0,5.0,,,16365.0,6560300.0
facebook.business,iOS(Web2App)_논타겟_판매_26.02.03,ios(Web2App)_purchase_lookalike(7%)_vd_신부럽다/100%(음식물)_nk1_26.04.03,ios_vd_all_신부럽다100(김치통)1_nk1_26.04.03,81812.0,0.0,24.0,1.0,,3409.0,81812.0,0.0
facebook.business,iOS_논타겟_앱홍보(구매)_26.01.29_1,ios_purchase_all_vd_복합소구모음_hn1_26.01.29,ios_vd_all_프로모션_버티세요(홈파티)3_hn1_26.01.29,79078.0,0.0,0.0,1.0,,,79078.0,121844.87
facebook.business,iOS_리타겟_앱홍보(구매)_25.07.23,ios_purchase_re_vd_고효율소재모음(2)_25.07.23,ios_vd_re_자취생(배달음식)1_mk1_26.02.24,78920.0,0.0,0.0,1.0,,,78920.0,0.0
facebook.business,iOS(Web2App)_논타겟_판매_26.02.03,ios(Web2App)_purchase_lookalike(7%)_vd_청소부/100(폐기물)_cr1_26.04.04,ios_vd_all_청소부100(지역)3_cr1_26.04.04,77973.0,0.0,41.0,7.0,,1902.0,11139.0,0.0
facebook.business,iOS_논타겟_앱홍보(구매)_26.04.12,ios_purchase_all_vd_잘들어(아산)_hn1_26.04.23,ios_vd_all_잘들어(아산/직장인)1_hn1_26.04.23,77830.0,0.0,0.0,0.0,,,,0.0
facebook.business,AOS(Web2App)_논타겟_판매_26.02.03,aos(Web2App)_purchase_lookalike(7%)_vd_신주목/2500(대형폐기물)_mk1_26.04.03,aos_vd_all_신주목주2500(침구)3_mk1_26.04.03,77435.0,0.0,0.0,6.0,,,12906.0,15028.96
facebook.business,iOS_논타겟_앱홍보(구매)_26.02.26,ios_purchase_all_vd_인플루언서 PA(DM2월)_sj1_26.02.27,ios_vd_all_비앳홈(2월DM)_sj1_26.02.27,75799.0,0.0,0.0,8.0,,,9475.0,22810.2
facebook.business,AOS(Web2App)_논타겟_판매_26.02.03,aos(Web2App)_purchase_all_vd_잘들어(천안)_hn1_26.04.10,aos_vd_all_잘들어(천안/워킹맘)2_hn1_26.04.10,74513.0,0.0,0.0,2.0,,,37257.0,0.0
facebook.business,AOS_유사타겟_회원가입_26.01.28,aos_registration_lookalike(7%)_vd_150L(대형폐기물)_hn1_26.02.19,aos_im_all_150L(튼튼)3_hn1_26.02.19,74413.0,0.0,0.0,7.0,,,10630.0,71190.68
facebook.business,iOS_논타겟_앱홍보(구매)_26.04.12,ios_purchase_all_vd_하던나(폐기물)_cr1_26.04.12,ios_vd_all_하던나(커튼)2_cr1_26.04.12,73187.0,0.0,0.0,0.0,,,,0.0
facebook.business,AOS_논타겟_앱홍보(구매)_26.01.28,aos_purchase_all_vd_신친정엄마(폐기물)_cr1_26.04.04,aos_vd_all_친정엄마(계단)2_cr1_26.04.17,72850.0,0.0,0.0,2.0,,,36425.0,0.0
facebook.business,iOS_리타겟_앱홍보(구매)_26.02.19,ios_purchase_re_vd_타임어택(음식물)_cr1_26.03.30,ios_vd_타임어택(주부9단)2_cr1_26.03.30,72618.0,0.0,0.0,0.0,,,,0.0
facebook.business,iOS(Web2App)_논타겟_판매_26.02.03,ios(Web2App)_purchase_all_vd_가장짧은시간(대형폐기물)_cr1_26.03.25,ios_vd_lookalike_가장짧은시간(하이체어)3_cr1_26.03.25,71311.0,0.0,68.0,3.0,,1049.0,23770.0,0.0
facebook.business,iOS_리타겟_앱홍보(구매)_25.07.23,ios_purchase_re_vd_고효율소재모음(2)_25.07.23,ios_vd_all_팀장님(이사)2_hn1_26.04.27,71005.0,0.0,0.0,1.0,,,71005.0,0.0
facebook.business,iOS(Web2App)_논타겟_판매_26.02.03,ios(Web2App)_purchase_lookalike(7%)_vd_신부럽다2500(음식물)_nk1_26.04.03,ios_vd_all_신부럽다2500(치킨뼈)2_nk1_26.04.03,70274.0,0.0,0.0,0.0,,,,0.0
facebook.business,AOS(Web2App)_논타겟_판매_26.02.03,aos(Web2App)_purchase_lookalike(7%)_vd_사투리/2500(음식물)_cr1_26.04.04,aos_vd_all_사투리2500(반찬통)2_cr1_26.04.04,70133.0,0.0,15.0,1.0,,4676.0,70133.0,25270.16
facebook.business,AOS(Web2App)_논타겟_판매_26.02.03,aos(Web2App)_purchase_lookalike(7%)_vd_신주목/100%(대형폐기물)_mk1_26.04.03,aos_vd_all_신주목100(가전)2_mk1_26.04.03,70046.0,0.0,0.0,5.0,,,14009.0,84920.13
facebook.business,AOS(Web2App)_논타겟_판매_26.02.03,aos(Web2App)_purchase_all_vd_필요없어요(대형폐기물)_cr1_26.03.25,aos_vd_all_필요없어요(친구)3_cr1_25.03.25,69806.0,0.0,214.0,8.0,,326.0,8726.0,0.0
facebook.business,AOS(Web2App)_논타겟_판매_26.02.03,aos(Web2App)_purchase_all_vd_스티커없이(대형폐기물)_cr1_26.02.19,aos_vd_all_이거모르고(베란다)3_cr1_26.03.31,69670.0,0.0,36.0,0.0,,1935.0,,28118.73
facebook.business,iOS(Web2App)_논타겟_판매_26.02.03,ios(Web2App)_purchase_lookalike(7%)_vd_신주목/2500(대형폐기물)_mk1_26.04.03,ios_vd_all_신주목2500(침구)3_mk1_26.04.03,68785.0,0.0,26.0,3.0,,2646.0,22928.0,40586.73
facebook.business,iOS(Web2App)_논타겟_판매_26.02.03,ios(Web2App)_purchase_all_vd_잘들어(아산)_hn1_26.04.10,ios_vd_all_잘들어(아산/직장인)1_hn1_26.04.10,68688.0,0.0,0.0,1.0,,,68688.0,0.0
facebook.business,AOS(Web2App)_논타겟_판매_26.02.03,aos(Web2App)_purchase_all_vd_PA(친구초대)_3월(2)_hn1_26.03.26,aos_vd_all_살림알림(3월)7_hn1_26.03.26,67882.0,0.0,0.0,7.0,,,9697.0,0.0
facebook.business,iOS_리타겟_앱홍보(구매)_26.03.25,ios_purchase_re_im_기본요금_sj1_26.03.25,ios_im_re_기본요금(B버전)1_sj1_26.03.25,67797.0,0.0,0.0,1.0,,,67797.0,4464226.32
facebook.business,AOS(Web2App)_논타겟_판매_26.02.03,aos(Web2App)_purchase_lookalike(7%)_vd_신주목/2500(대형폐기물)_mk1_26.04.03,aos_vd_all_신주목2500(가전)2_mk1_26.04.03,67269.0,0.0,0.0,2.0,,,33635.0,0.0
facebook.business,iOS(Web2App)_논타겟_판매_26.02.03,ios(Web2App)_purchase_lookalike(7%)_vd_부럽다/천안100(음식물)_nk1_26.03.18,ios_vd_all_부럽다천안100(냉동식품)3_nk1_26.03.18,66337.0,0.0,0.0,1.0,,,66337.0,14836.52
facebook.business,iOS(Web2App)_논타겟_판매(지구의날)26.04.22,ios(Web2App)_purchase_all_vd_pa_지구의날프로모션(환경)_mk1_26.04.23,ios_vd_all_류소향(지구의날4월pa)5_mk1_26.04.23,66320.0,0.0,0.0,1.0,,,66320.0,41504.19
facebook.business,AOS(Web2App)_논타겟_판매_26.02.03,aos(Web2App)_purchase_all_vd_PA(친구초대)_3월(3)_hn1_26.03.26,aos_vd_all_남솔지(3월)8_hn1_26.03.26,65015.0,0.0,0.0,1.0,,,65015.0,7213.5
facebook.business,iOS_논타겟_앱홍보(구매)_26.04.04,ios_purchase_all_vd_여러분(폐기물)_mk1_26.04.10,ios_vd_all_여러분(가전)3_mk1_26.04.10,64411.0,0.0,0.0,2.0,,,32206.0,4283412.2
facebook.business,AOS_논타겟_앱홍보(구매)_26.01.28,aos_purchase_all_vd_가장짧은시간(대형폐기물)_cr1_26.04.11,aos_vd_all_가장짧은시간(정리함)2_cr1_26.04.11,64275.0,0.0,0.0,3.0,,,21425.0,0.0
facebook.business,AOS_리타겟_구매_24.11.05,aos_purchase_re_im_기본요금_sj1_26.03.25,aos_im_re_기본요금(B버전)2_sj1_26.03.25,63733.0,0.0,0.0,2.0,,,31867.0,128317.55
facebook.business,AOS(Web2App)_논타겟_판매(지구의날)26.04.22,aos(Web2App)_purchase_all_vd_지구의날프로모션(복합)_cr1_26.04.22,aos_vd_all_지구의날(죄책감)3_cr1_26.04.22,62628.0,0.0,0.0,0.0,,,,7661.56
facebook.business,iOS(Web2App)_논타겟_판매_26.02.03,ios(Web2App)_purchase_lookalike(7%)_vd_사투리/50(음식물)_cr1_26.04.04,ios_vd_all_사투리50(반찬통)2_cr1_26.04.04,61010.0,0.0,29.0,3.0,,2104.0,20337.0,98762.21
facebook.business,iOS_논타겟_앱홍보(구매)_26.03.20,ios_purcahse_all_vd_오픈(음식물)_mk1_26.03.20,ios_vd_all_오픈(반찬통)1_mk1_26.03.20,60171.0,0.0,0.0,0.0,,,,0.0
facebook.business,AOS(Web2App)_논타겟_판매(지구의날)26.04.22,aos(Web2App)_purchase_all_vd_pa_지구의날프로모션(환경)_mk1_26.04.23,aos_vd_all_부기빌리지(지구의날4월pa)6_mk1_26.04.23,59398.0,0.0,0.0,0.0,,,,38792.25
facebook.business,AOS(Web2App)_논타겟_판매(봄맞이)26.04.22,aos(Web2App)_purchase_all_vd_봄맞이프로모션(복합)_cr1_26.04.22,aos_vd_all_봄맞이(분류)1_cr1_26.04.22,59234.0,0.0,39.0,2.0,,1519.0,29617.0,29616.92
facebook.business,iOS_논타겟_앱홍보(구매)_26.04.12,ios_purchase_all_vd_잘들어(아산)_hn1_26.04.23,ios_vd_all_잘들어(아산/맞벌이)3_hn1_26.04.23,58620.0,0.0,0.0,4.0,,,14655.0,0.0
facebook.business,iOS_논타겟_앱홍보(구매)_26.04.12,ios_purchase_all_vd_팀장님(대형폐기물)_hn1_26.04.14,ios_vd_all_팀장님(수거)3_hn1_26.04.14,58121.0,0.0,0.0,2.0,,,29061.0,59122933.33
facebook.business,iOS(Web2App)_논타겟_판매_26.02.03,ios(Web2App)_purchase_lookalike(7%)_vd_부럽다/아산100(음식물)_nk1_26.03.18,ios_vd_all_부럽다아산100(치킨뼈)2_nk1_26.03.18,57882.0,0.0,10.0,0.0,,5788.0,,0.0
facebook.business,iOS_논타겟_앱홍보(구매)_26.03.20,ios_purcahse_all_vd_자취고인물(폐기물)_nk1_26.03.20,ios_vd_all_자취고인물(헌 옷)1_nk1_26.03.20,57468.0,0.0,0.0,2.0,,,28734.0,0.0
facebook.business,iOS(Web2App)_논타겟_판매_26.02.03,ios(Web2App)_purchase_lookalike(7%)_vd_신주목/50%(대형폐기물)_mk1_26.04.03,ios_vd_all_신주목50(가전)2_mk1_26.04.03,56877.0,0.0,0.0,1.0,,,56877.0,17475.38
facebook.business,AOS_논타겟_앱홍보(구매)_26.01.28,aos_purchase_all_vd_부럽다/천안50(음식물)_nk1_26.04.08,aos_vd_all_부럽다천안50(치킨)2_nk1_26.04.08,53486.0,0.0,0.0,5.0,,,10697.0,0.0
facebook.business,AOS(Web2App)_논타겟_판매_26.02.03,aos(Web2App)_purchase_lookalike(7%)_vd_부럽다/천안50(음식물)_nk1_26.03.18,aos_vd_all_주목천안50(가구)1_mk1_26.04.08,52578.0,0.0,23.0,6.0,,2286.0,8763.0,0.0
facebook.business,iOS(Web2App)_논타겟_판매_26.02.03,ios(Web2App)_purchase_all_vd_잘들어(아산)_hn1_26.04.10,ios_vd_all_잘들어(아산/워킹맘)2_hn1_26.04.10,52108.0,0.0,0.0,0.0,,,,0.0
facebook.business,iOS_유사타겟_회원가입_26.04.23_6,ios_registration_lookalike(7%)_dcj_vd__인플루언서PA_dh1_26.04.24,ios_vd_all_달소유_1월20_dh1_26.04.23,51928.0,0.0,0.0,11.0,,,4721.0,14963400.0
facebook.business,AOS_논타겟_앱홍보(구매)_26.01.28,aos_purchase_all_vd_하던나(폐기물)_cr1_26.04.12,aos_vd_all_하던나(조명)1_cr1_26.04.12,51104.0,0.0,0.0,3.0,,,17035.0,0.0
facebook.business,iOS(Web2App)_논타겟_판매(지구의날)26.04.22,ios(Web2App)_purchase_all_vd_pa_지구의날프로모션(환경)_mk1_26.04.23,ios_vd_all_홍우열(지구의날4월pa)7_mk1_26.04.23,51048.0,0.0,0.0,1.0,,,51048.0,142349.92
facebook.business,AOS_논타겟_앱홍보(구매)_26.01.28,aos_purchase_all_vd_부럽다/천안50(음식물)_nk1_26.04.08,aos_vd_all_부럽다천안50(냉동식품)3_nk1_26.04.08,50084.0,0.0,0.0,2.0,,,25042.0,0.0
facebook.business,iOS(Web2App)_논타겟_판매(봄맞이)26.04.22,ios(Web2App)_purchase_all_im_봄맞이프로모션(복합)_sj1_26.04.22,ios_im_all_봄맞이(빛)3_sj1_26.04.22,49247.0,0.0,10.0,0.0,,4925.0,,0.0
facebook.business,AOS_리타겟_구매_24.11.05,aos_purchase_re_vd_고효율소재모음(1)_25.07.23,aos_vd_all_오픈(냉동식품)2_sj1_26.04.27,48565.0,0.0,0.0,0.0,,,,0.0
facebook.business,AOS(Web2App)_논타겟_판매(지구의날)26.04.22,aos(Web2App)_purchase_all_vd_지구의날프로모션(복합)_cr1_26.04.22,aos_vd_all_지구의날(환경)1_cr1_26.04.22,48173.0,0.0,0.0,0.0,,,,0.0
facebook.business,AOS(Web2App)_논타겟_판매(지구의날)26.04.22,aos(Web2App)_purchase_all_im_지구의날프로모션(복합)_sj1_26.04.22,aos_im_all_지구의날(소각)4_26.04.22,48143.0,0.0,5.0,0.0,,9629.0,,0.0
facebook.business,AOS(Web2App)_논타겟_판매(지구의날)26.04.22,aos(Web2App)_purchase_all_vd_지구의날프로모션(복합)_mk1_26.04.22,aos_vd_all_지구의날(실수로)3_mk1_26.04.22,47883.0,0.0,0.0,3.0,,,15961.0,0.0
facebook.business,AOS(Web2App)_논타겟_판매_26.02.03,aos(Web2App)_purchase_all_vd_결산(대형폐기물)_mk1_26.03.06,aos_vd_all_이거모르고(베란다)3_mk1_26.04.23,47596.0,0.0,0.0,0.0,,,,10587.4
facebook.business,iOS(Web2App)_논타겟_판매(지구의날)26.04.22,ios(Web2App)_purchase_all_vd_지구의날프로모션(복합)_cr1_26.04.22,ios_vd_all_지구의날(환경)1_cr1_26.04.22,46697.0,0.0,0.0,0.0,,,,0.0
facebook.business,iOS_논타겟_앱홍보(구매)_26.02.26,"ios_purchase_천안,아산_vd_PA고효율소재모음(2)_hn1_26.03.05",ios_vd_all_지지팀장7_hn1_26.03.05,46490.0,0.0,0.0,3.0,,,15497.0,21977.7
facebook.business,iOS_논타겟_앱홍보(구매)_26.03.20,ios_purcahse_all_vd_이거모르고(대형폐기물)_cr1_26.03.25,ios_vd_all_이거모르고(옷장정리)1_cr1_26.03.25,45709.0,0.0,0.0,0.0,,,,0.0
facebook.business,AOS(Web2App)_논타겟_판매(지구의날)26.04.22,aos(Web2App)_purchase_all_vd_pa_지구의날프로모션(육아)_mk1_26.04.23,aos_vd_all_김보라(지구의날4월pa)2_mk1_26.04.23,44585.0,0.0,0.0,0.0,,,,0.0
facebook.business,iOS(Web2App)_논타겟_판매(지구의날)26.04.22,ios(Web2App)_purchase_all_vd_지구의날프로모션(복합)_mk1_26.04.22,ios_vd_all_지구의날(마케터)2_mk1_26.04.22,44548.0,0.0,0.0,0.0,,,,0.0
facebook.business,iOS_유사타겟_회원가입_26.01.28_1,ios_registration_lookalike(7%)_vd_인플루언서PA(4)_hn1_26.01.28,ios_vd_lookalike(7%)_수수룸_1월19_hn1_26.01.28,44280.0,0.0,0.0,3.0,,,14760.0,126639.81
facebook.business,iOS_리타겟_봉투구매_26.04.12,ios_trial_re_vd_고효율소재모음(1)_dh1_26.04.12,ios_vd_써야이유(껍질)3_dh1_26.04.12,43670.0,0.0,0.0,1.0,,,43670.0,0.0
facebook.business,iOS(Web2App)_논타겟_판매(지구의날)26.04.22,ios(Web2App)_purchase_all_vd_pa_지구의날프로모션(육아)_mk1_26.04.23,ios_vd_all_이아현(지구의날4월pa)1_mk1_26.04.23,43248.0,0.0,0.0,1.0,,,43248.0,0.0
facebook.business,AOS(Web2App)_논타겟_판매(지구의날)26.04.22,aos(Web2App)_purchase_all_vd_지구의날프로모션(복합)_mk1_26.04.22,aos_vd_all_지구의날(마케터)2_mk1_26.04.22,42866.0,0.0,0.0,0.0,,,,0.0
facebook.business,AOS_논타겟_앱홍보(구매)_26.01.28,aos_purchase_all_vd_워킹맘모음_sj1_26.01.28,aos_vd_all_워킹맘(육퇴)2_hn1_26.03.25,41719.0,0.0,0.0,3.0,,,13906.0,20678.7
facebook.business,iOS_유사타겟_회원가입_26.04.23_6,ios_registration_lookalike(7%)_vd__인플루언서PA_dh1_26.04.23,ios_vd_dcj_밍지의방_1월8_dh1_26.04.24,41392.0,0.0,0.0,3.0,,,13797.0,0.0
facebook.business,iOS(Web2App)_논타겟_판매_26.02.03,ios(Web2App)_purchase_lookalike(7%)_vd_부럽다/천안100(음식물)_nk1_26.03.18,ios_vd_all_부럽다천안100(치킨뼈)2_nk1_26.03.18,41295.0,0.0,0.0,0.0,,,,0.0
facebook.business,AOS(Web2App)_논타겟_판매(지구의날)26.04.22,aos(Web2App)_purchase_all_vd_pa_지구의날프로모션(육아)_mk1_26.04.23,aos_vd_all_이아현(지구의날4월pa)1_mk1_26.04.23,40633.0,0.0,0.0,0.0,,,,0.0
facebook.business,AOS(Web2App)_논타겟_판매_26.02.03,aos(Web2App)_purchase_re_vd_봉투에던져(음식물)_cr1_26.03.30,aos_vd_all_봉투에던져(반찬통)3_cr1_26.03.30,40599.0,0.0,0.0,1.0,,,40599.0,0.0
facebook.business,iOS(Web2App)_논타겟_판매(봄맞이)26.04.22,ios(Web2App)_purchase_all_vd_봄맞이프로모션(복합)_cr1_26.04.22,ios_vd_all_봄맞이(스티커)2_cr1_26.04.22,40023.0,0.0,0.0,0.0,,,,0.0
facebook.business,iOS_논타겟_앱홍보(구매)_26.01.29_1,ios_purchase_all_vd_폐기물모음_hn1_26.01.29,ios_vd_all_자취고인물(헌 옷)1_nk1_26.04.08,40008.0,0.0,0.0,0.0,,,,0.0
facebook.business,AOS(Web2App)_논타겟_판매(봄맞이)26.04.22,aos(Web2App)_purchase_all_im_봄맞이프로모션(복합)_sj1_26.04.22,aos_im_all_봄맞이(빛)3_sj1_26.04.22,39560.0,0.0,7.0,1.0,,5651.0,39560.0,0.0
facebook.business,iOS(Web2App)_논타겟_판매(지구의날)26.04.22,ios(Web2App)_purchase_all_im_지구의날프로모션(복합)_sj1_26.04.22,ios_im_all_지구의날(의심)3_26.04.22,39046.0,0.0,5.0,0.0,,7809.0,,0.0
facebook.business,AOS_논타겟_앱홍보(구매)_26.01.28,aos_purchase_all_vd_잘들어(아산)_hn1_26.04.23,aos_vd_all_잘들어(아산/워킹맘)2_hn1_26.04.23,38739.0,0.0,0.0,7.0,,,5534.0,0.0
facebook.business,iOS(Web2App)_논타겟_판매(지구의날)26.04.22,ios(Web2App)_purchase_all_vd_pa_지구의날프로모션(육아)_mk1_26.04.23,ios_vd_all_김보라(지구의날4월pa)2_mk1_26.04.23,38587.0,0.0,0.0,0.0,,,,0.0
facebook.business,AOS(Web2App)_논타겟_판매_26.02.03,aos(Web2App)_purchase_lookalike(7%)_vd_청소부/50(폐기물)_cr1_26.04.04,aos_vd_all_청소부50(신고)1_cr1_26.04.04,38557.0,0.0,29.0,5.0,,1330.0,7711.0,0.0
facebook.business,iOS_논타겟_앱홍보(구매)_26.01.29_1,ios_purchase_all_vd_음식물모음_hn1_26.01.29,ios_vd_all_봉투에던져(반찬통)3_cr1_26.04.17,38143.0,0.0,0.0,3.0,,,12714.0,0.0
facebook.business,iOS_논타겟_앱홍보(구매)_26.01.29_1,ios_purchase_all_vd_이사모음_hn1_26.01.29,ios_vd_all_이사짤(소형가전)1_sj1_26.01.29,37967.0,0.0,0.0,2.0,,,18984.0,213062.92
facebook.business,iOS(Web2App)_논타겟_판매_26.02.03,ios(Web2App)_purchase_all_vd_팀장님(대형폐기물)_hn1_26.03.25,ios_vd_all_팀장님(이사)2_hn1_26.03.25,37315.0,0.0,13.0,1.0,,2870.0,37315.0,0.0
facebook.business,iOS_리타겟_앱홍보(구매)_26.02.19,ios_purchase_re_vd_커바니AI(재이용복합)_hn1_26.04.23,ios_vd_all_커바니AI(여름음쓰)3_hn1_26.04.23,37136.0,0.0,0.0,0.0,,,,0.0
facebook.business,iOS_논타겟_앱홍보(구매)_26.01.29_1,ios_purchase_all_vd_폐기물모음_hn1_26.01.29,ios_vd_all_이사할때 짤(가전)5_mk1_26.03.10,36575.0,0.0,0.0,2.0,,,18288.0,0.0
facebook.business,AOS(Web2App)_논타겟_판매_26.02.03,aos(Web2App)_purchase_lookalike(7%)_vd_청소부/2500(폐기물)_cr1_26.04.04,aos_vd_all_청소부2500(지역)3_cr1_26.04.04,36412.0,0.0,32.0,5.0,,1138.0,7282.0,0.0
facebook.business,iOS_논타겟_앱홍보(구매)_26.04.12,ios_purchase_all_vd_하던나(음식물)_cr1_26.04.12,ios_vd_all_하던나(냉장고)1_cr1_26.04.12,36145.0,0.0,0.0,0.0,,,,0.0
facebook.business,iOS(Web2App)_논타겟_판매(지구의날)26.04.22,ios(Web2App)_purchase_all_vd_지구의날프로모션(복합)_mk1_26.04.22,ios_vd_all_지구의날(팀장님)1_mk1_26.04.22,35935.0,0.0,0.0,0.0,,,,0.0
facebook.business,iOS_논타겟_앱홍보(구매)_26.01.29_1,ios_purchase_all_vd_폐기물모음_hn1_26.01.29,ios_vd_all_스티커없이(소파)1_cr1_26.04.27,35291.0,0.0,0.0,2.0,,,17646.0,0.0
facebook.business,AOS(Web2App)_논타겟_판매_26.02.03,aos(Web2App)_purchase_lookalike(7%)_vd_사투리/50(음식물)_cr1_26.04.04,aos_vd_all_사투리50(도움)1_cr1_26.04.04,34470.0,0.0,19.0,2.0,,1814.0,17235.0,586718.56
facebook.business,iOS(Web2App)_논타겟_판매(지구의날)26.04.22,ios(Web2App)_purchase_all_vd_지구의날프로모션(복합)_cr1_26.04.22,ios_vd_all_지구의날(죄책감)3_cr1_26.04.22,33270.0,0.0,0.0,0.0,,,,29234.27
facebook.business,iOS_논타겟_앱홍보(구매)_26.02.26,"ios_purchase_천안,아산_vd_PA고효율소재모음(2)_hn1_26.03.05",ios_vd_all_우주맘4_hn1_26.03.31,33153.0,0.0,0.0,2.0,,,16577.0,0.0
facebook.business,iOS(Web2App)_논타겟_판매_26.02.03,ios(Web2App)_purchase_all_vd_아귀찮아(음식물)_cr1_26.02.03,ios_vd_all_오픈(냉동식품)2_mk1_26.04.08,32734.0,0.0,8.0,1.0,,4092.0,32734.0,106157.65
facebook.business,iOS_논타겟_앱홍보(구매)_26.04.12,ios_purchase_all_vd_잘들어(천안)_hn1_26.04.23,ios_vd_all_잘들어(천안/맞벌이)3_hn1_26.04.23,32465.0,0.0,0.0,3.0,,,10822.0,0.0
facebook.business,iOS_논타겟_앱홍보(구매)_26.02.19_3,ios_purchase_lookalike(7%)_vd_인플루언서PA(2월)_hn1_26.02.23,ios_vd_lookalike(7%)_이지홈_1월9_hn1_26.03.20,32356.0,0.0,0.0,1.0,,,32356.0,1967867.06
facebook.business,AOS_리타겟_구매_24.11.05,aos_trial_re_vd_타임어택(음식물)_cr1_26.03.30,aos_vd_타임어택(저기요)1_cr1_26.03.30,32303.0,0.0,0.0,2.0,,,16152.0,24919.82
facebook.business,iOS_논타겟_앱홍보(구매)_26.04.23,ios_purchase_dcj_vd_150L(대형폐기물)_hn1_26.04.23,ios_vd_dcj_150L(가구)1_hn1_26.04.23,32165.0,0.0,0.0,6.0,,,5361.0,0.0
facebook.business,iOS(Web2App)_논타겟_판매(지구의날)26.04.22,ios(Web2App)_purchase_all_im_지구의날프로모션(복합)_sj1_26.04.22,ios_im_all_지구의날(안돼)1_26.04.22,31555.0,0.0,0.0,0.0,,,,0.0
facebook.business,iOS(Web2App)_논타겟_판매_26.02.03,ios(Web2App)_purchase_all_vd_PA(친구초대)_3월(3)_hn1_26.03.26,ios_vd_all_남솔지(3월)8_hn1_26.03.26,31535.0,0.0,0.0,1.0,,,31535.0,0.0
facebook.business,iOS_리타겟_앱홍보(구매)_25.07.23,ios_purchase_re_vd_고효율소재모음(2)_25.07.23,ios_vd_re_30만명(쌍둥이)3_cr1_26.02.24,30835.0,0.0,0.0,0.0,,,,0.0
facebook.business,iOS(Web2App)_논타겟_판매(봄맞이)26.04.22,ios(Web2App)_purchase_all_im_봄맞이프로모션(복합)_sj1_26.04.22,ios_im_all_봄맞이(진짜)1_sj1_26.04.22,29921.0,0.0,0.0,0.0,,,,0.0
facebook.business,iOS_논타겟_앱홍보(구매)_26.04.23,ios_purchase_cna/asn_vd_150L(대형폐기물)_hn1_26.04.23,ios_vd_cna/asn_150L(가구)1_hn1_26.04.23,29816.0,0.0,0.0,1.0,,,29816.0,0.0
facebook.business,iOS_리타겟_앱홍보(구매)_26.03.25,ios_purchase_re_im_기본요금_sj1_26.03.25,ios_im_re_기본요금(C버전)1_sj1_26.03.25,28728.0,0.0,0.0,1.0,,,28728.0,0.0
facebook.business,iOS_논타겟_앱홍보(구매)_26.01.29_1,ios_purchase_all_vd_음식물모음_hn1_26.01.29,ios_vd_아귀찮아(이많은걸)1_cr1_26.03.10,28504.0,0.0,0.0,0.0,,,,115134.53
facebook.business,iOS_논타겟_앱홍보(구매)_26.02.26,"ios_purchase_천안,아산_vd_PA고효율소재모음(2)_hn1_26.03.05",ios_vd_all_예진_1월4_hn1_26.03.05,28150.0,0.0,0.0,3.0,,,9383.0,0.0
facebook.business,AOS_논타겟_앱홍보(구매)_26.01.28,aos_purchase_lookalike(7%)_vd_인플루언서PA(1)_sj1_26.02.13,aos_vd_all_수수룸_1월19_hn1_26.04.27,28128.0,0.0,0.0,2.0,,,14064.0,0.0
facebook.business,iOS_논타겟_앱홍보(구매)_26.04.12,ios_purchase_all_vd_잘들어(아산)_hn1_26.04.23,ios_vd_all_잘들어(아산/워킹맘)2_hn1_26.04.23,27577.0,0.0,0.0,0.0,,,,0.0
facebook.business,iOS(Web2App)_논타겟_판매(지구의날)26.04.22,ios(Web2App)_purchase_all_im_지구의날프로모션(복합)_sj1_26.04.22,ios_im_all_지구의날(소각)4_26.04.22,27531.0,0.0,6.0,0.0,,4589.0,,0.0
facebook.business,AOS(Web2App)_논타겟_판매(봄맞이)26.04.22,aos(Web2App)_purchase_all_im_봄맞이프로모션(복합)_sj1_26.04.22,aos_im_all_봄맞이(특가)2_sj1_26.04.22,27127.0,0.0,8.0,1.0,,3391.0,27127.0,0.0
facebook.business,iOS(Web2App)_논타겟_판매_26.02.03,ios(Web2App)_purchase_all_vd_PA(친구초대)_3월(2)_hn1_26.03.26,ios_vd_all_다미(3월)1_hn1_26.03.26,25892.0,0.0,0.0,0.0,,,,0.0
facebook.business,AOS_유사타겟_회원가입_26.01.28,aos_registration_lookalike(7%)_vd_고효율소재모음_hn1_26.03.25,aos_vd_all_여러분(가전)3_mk1_26.04.27,25883.0,0.0,0.0,6.0,,,4314.0,7017.63
facebook.business,AOS(Web2App)_논타겟_판매_26.02.03,aos(Web2App)_purchase_lookalike(7%)_vd_청소부/100(폐기물)_cr1_26.04.04,aos_vd_all_청소부100(소파)2_cr1_26.04.04,25509.0,0.0,35.0,7.0,,729.0,3644.0,0.0
facebook.business,AOS_논타겟_앱홍보(구매)_26.01.28,aos_purchase_all_vd_인플루언서PA_dcj_sj1_26.04.23,aos_vd_all_데일리리본(2월)3_sj1_26.04.23,25106.0,0.0,0.0,10.0,,,2511.0,0.0
facebook.business,AOS_리타겟_구매_24.11.05,aos_purchase_re_im_방문요금_sj1_26.03.25,aos_im_re_방문요금(B버전)2_sj1_26.03.25,25095.0,0.0,0.0,0.0,,,,107147.76
facebook.business,iOS_논타겟_앱홍보(구매)_26.01.29_2,ios_purchase_lookalike(7%)_vd_인플루언서PA(1)_mk1_26.02.12,ios_vd_lookalike(7%)_제이_1월2_hn1_26.02.12,24915.0,0.0,0.0,0.0,,,,63475.96
facebook.business,AOS(Web2App)_논타겟_판매(지구의날)26.04.22,aos(Web2App)_purchase_all_im_지구의날프로모션(복합)_sj1_26.04.22,aos_im_all_지구의날(의심)3_26.04.22,24860.0,0.0,0.0,0.0,,,,0.0
facebook.business,iOS_논타겟_앱홍보(구매)_26.04.12,ios_purchase_all_vd_잘들어(천안)_hn1_26.04.23,ios_vd_all_잘들어(천안/직장인)1_hn1_26.04.23,23871.0,0.0,0.0,1.0,,,23871.0,0.0
facebook.business,iOS(Web2App)_논타겟_판매_26.02.03,ios(Web2App)_purchase_lookalike(7%)_vd_신부럽다/50%(음식물)_nk1_26.04.03,ios_vd_all_신부럽다50(치킨뼈)2_nk1_26.04.03,23602.0,0.0,5.0,1.0,,4720.0,23602.0,0.0
facebook.business,iOS(Web2App)_논타겟_판매_26.02.03,ios(Web2App)_purchase_all_vd_PA(친구초대)_3월(1)_hn1_26.03.26,ios_vd_all_채다경(3월)6_hn1_26.03.26,23468.0,0.0,0.0,0.0,,,,0.0
facebook.business,AOS(Web2App)_논타겟_판매_26.02.03,aos(Web2App)_purchase_all_vd_가장짧은시간(대형폐기물)_cr1_26.03.25,aos_vd_all_가장짧은시간(매트)1_cr1_26.03.25,23279.0,0.0,32.0,1.0,,727.0,23279.0,0.0
facebook.business,AOS(Web2App)_논타겟_판매(지구의날)26.04.22,aos(Web2App)_purchase_all_vd_pa_지구의날프로모션(육아)_mk1_26.04.23,aos_vd_all_김선미(지구의날4월pa)4_mk1_26.04.23,22773.0,0.0,0.0,0.0,,,,21005.29
facebook.business,AOS_논타겟_앱홍보(구매)_26.01.28,aos_purchase_dcj_vd_신주목/50%(대형폐기물)_dh1_26.04.23,aos_dcj_vd_50(가전)2_dh1_26.04.23,22647.0,0.0,0.0,7.0,,,3235.0,32176.83
facebook.business,iOS(Web2App)_논타겟_판매_26.02.03,ios(Web2App)_purchase_all_vd_잘들어(천안)_hn1_26.04.10,ios_vd_all_잘들어(천안/직장인)1_hn1_26.04.10,22558.0,0.0,0.0,0.0,,,,0.0
facebook.business,AOS_논타겟_앱홍보(구매)_26.01.28,aos_purchase_all_vd_음식물모음_sj1_26.01.28,aos_vd_all_커버링써(냉동실)3_cr1_26.01.28,22325.0,0.0,0.0,4.0,,,5581.0,346118.91
facebook.business,iOS_리타겟_앱홍보(구매)_26.03.25_2,ios_purchase_re_im_방문요금_sj1_26.03.25,ios_im_re_방문요금(D버전)1_sj1_26.03.25,22159.0,0.0,0.0,1.0,,,22159.0,0.0
facebook.business,iOS_논타겟_앱홍보(구매)_26.04.23,ios_purchase_all_vd_고효율소재모음_dcj_sj1_26.04.23,ios_vd_all_이사(전기장판)3_sj1_26.04.23,21837.0,0.0,0.0,2.0,,,10919.0,0.0
facebook.business,AOS_리타겟_구매_24.11.05,aos_trial_re_vd_고효율소재모음(2)_dh1_26.02.20,aos_vd_all_30만명(끊을수없죠)1_cr1_26.04.27,21811.0,0.0,0.0,3.0,,,7270.0,0.0
facebook.business,AOS_논타겟_앱홍보(구매)_26.01.28,aos_purchase_all_vd_인플루언서PA_dcj_sj1_26.04.23,aos_vd_all_달소유_1월20_sj1_26.04.23,21476.0,0.0,0.0,12.0,,,1790.0,0.0
facebook.business,AOS_논타겟_앱홍보(구매)_26.01.28,aos_purchase_all_vd_하던나(음식물)_cr1_26.04.12,aos_vd_all_하던나(곰팡이)2_cr1_26.04.12,20819.0,0.0,0.0,0.0,,,,0.0
facebook.business,AOS_리타겟_구매_24.11.05,aos_purchase_re_vd_커바니AI(재이용복합)_hn1_26.04.23,aos_vd_all_커바니AI(방문요금)1_hn1_26.04.23,20583.0,0.0,0.0,0.0,,,,0.0
facebook.business,AOS_논타겟_앱홍보(구매)_26.01.28,aos_purchase_all_vd_하던나(폐기물)_cr1_26.04.12,aos_vd_all_하던나(텀블러)3_cr1_26.04.12,20368.0,0.0,0.0,0.0,,,,0.0
facebook.business,AOS_논타겟_앱홍보(구매)_26.01.28,aos_purchase_all_vd_팀장님(대형폐기물)_hn1_26.04.14,aos_vd_all_팀장님(배출품목)1_hn1_26.04.14,20317.0,0.0,0.0,0.0,,,,0.0
facebook.business,iOS(Web2App)_논타겟_판매(봄맞이)26.04.22,ios(Web2App)_purchase_all_im_봄맞이프로모션(복합)_sj1_26.04.22,ios_im_all_봄맞이(특가)2_sj1_26.04.22,20304.0,0.0,11.0,0.0,,1846.0,,0.0
facebook.business,AOS_리타겟_구매_24.11.05,aos_purchase_re_im_기본요금_sj1_26.03.25,aos_im_re_기본요금(D버전)4_sj1_26.03.25,20252.0,0.0,0.0,0.0,,,,0.0
facebook.business,AOS_논타겟_앱홍보(구매)_26.01.28,aos_purchase_all_vd_자취고인물(폐기물)_nk1_26.03.20,aos_vd_all_자취고인물(헌 옷)1_nk1_26.03.20,19853.0,0.0,0.0,1.0,,,19853.0,37096.12
facebook.business,B2B(Web)_논타겟_참여(방문수거)26.04.28,b2b(Web)_lead_ncr_vd_방문수거(집앞)_mk1_26.04.28,b2b(Web)_lead_ncr_vd_방문수거(집앞)4_mk1_26.04.28,19736.0,0.0,0.0,0.0,,,,0.0
facebook.business,iOS_리타겟_앱홍보(구매)_26.03.25,ios_purchase_re_im_기본요금_sj1_26.03.25,ios_im_re_기본요금(D버전)1_sj1_26.03.25,19686.0,0.0,0.0,0.0,,,,0.0
facebook.business,AOS_논타겟_앱홍보(구매)_26.01.28,aos_purchase_lookalike(7%)_vd_인플루언서PA(2월)_hn1_26.02.23,aos_vd_all_레이미네(2월)4_hn1_26.02.23,19125.0,0.0,0.0,1.0,,,19125.0,186338.73
facebook.business,B2B(Web)_논타겟_참여(방문수거)26.04.28,b2b(Web)_lead_ncr_vd_방문수거(추가금)_mk1_26.04.28,b2b(Web)_lead_ncr_vd_방문수거(추가금)2_mk1_26.04.28,18918.0,0.0,0.0,0.0,,,,0.0
facebook.business,AOS_유사타겟_회원가입_26.01.28,aos_registration_lookalike(7%)_vd_고효율소재모음_hn1_26.03.25,aos_vd_워킹맘(베란다)4_dh1_26.03.25,18635.0,0.0,0.0,3.0,,,6212.0,0.0
facebook.business,AOS(Web2App)_논타겟_판매(지구의날)26.04.22,aos(Web2App)_purchase_all_im_지구의날프로모션(복합)_sj1_26.04.22,aos_im_all_지구의날(안돼)1_26.04.22,18209.0,0.0,0.0,0.0,,,,32048.06
facebook.business,iOS_논타겟_앱홍보(구매)_26.01.29_1,ios_purchase_all_vd_폐기물모음_hn1_26.01.29,ios_vd_all_주부인터뷰(특수마대)2_cr1_26.02.24,17743.0,0.0,0.0,0.0,,,,0.0
facebook.business,AOS_논타겟_앱홍보(구매)_26.01.28,aos_purchase_all_vd_고효율소재모음_dcj_sj1_26.04.23,aos_vd_dcj_신주목세종대전청주50(대형가구)1_dh1_26.04.23,17534.0,0.0,0.0,4.0,,,4384.0,0.0
facebook.business,iOS(Web2App)_논타겟_판매_26.02.03,ios(Web2App)_purchase_lookalike(7%)_vd_신주목/100%(대형폐기물)_mk1_26.04.03,ios_vd_all_신주목100(가전)2_mk1_26.04.03,17201.0,0.0,0.0,2.0,,,8601.0,0.0
facebook.business,iOS(Web2App)_논타겟_판매_26.02.03,ios(Web2App)_purchase_lookalike(7%)_vd_부럽다/천안50(음식물)_nk1_26.03.18,ios_vd_all_부럽다천안50(치킨뼈)2_nk1_26.03.18,17167.0,0.0,0.0,0.0,,,,0.0
facebook.business,AOS_논타겟_앱홍보(구매)_26.01.28,aos_purchase_all_vd_하던나(음식물)_cr1_26.04.12,aos_vd_all_하던나(냉장고)1_cr1_26.04.12,17147.0,0.0,0.0,0.0,,,,0.0
facebook.business,iOS(Web2App)_논타겟_판매(봄맞이)26.04.22,ios(Web2App)_purchase_all_vd_봄맞이프로모션(복합)_cr1_26.04.22,ios_vd_all_봄맞이(분류)1_cr1_26.04.22,16778.0,0.0,0.0,0.0,,,,0.0
facebook.business,AOS_논타겟_앱홍보(구매)_26.01.28,aos_purchase_all_vd_폐기물모음_sj1_26.01.28,aos_vd_all_부피3대장(이불)1_cr1_26.01.28,16576.0,0.0,0.0,2.0,,,8288.0,0.0
facebook.business,AOS_논타겟_앱홍보(구매)_26.01.28,aos_purchase_all_vd_팀장님(대형폐기물)_hn1_26.04.14,aos_vd_all_팀장님(수거)3_hn1_26.04.14,16356.0,0.0,0.0,0.0,,,,0.0
facebook.business,AOS(Web2App)_논타겟_판매_26.02.03,aos(Web2App)_purchase_all_vd_팀장님(대형폐기물)_hn1_26.03.25,aos_vd_all_스티커없이(식탁)2_cr1_25.04.27,16291.0,0.0,6.0,0.0,,2715.0,,0.0
facebook.business,iOS_논타겟_앱홍보(구매)_26.03.20,ios_purcahse_all_vd_이거모르고(대형폐기물)_cr1_26.03.25,ios_vd_all_이거모르고(베란다)3_cr1_26.03.26,16127.0,0.0,0.0,0.0,,,,0.0
facebook.business,AOS(Web2App)_논타겟_판매_26.02.03,aos(Web2App)_purchase_all_vd_PA(친구초대)_3월(3)_hn1_26.03.26,aos_vd_all_멍지(3월)3_hn1_26.04.07,15807.0,0.0,0.0,0.0,,,,0.0
facebook.business,iOS(Web2App)_논타겟_판매_26.02.03,ios(Web2App)_purchase_all_vd_잘들어(아산)_hn1_26.04.10,ios_vd_all_잘들어(아산/맞벌이)3_hn1_26.04.10,15495.0,0.0,0.0,0.0,,,,0.0
facebook.business,AOS_논타겟_앱홍보(구매)_26.01.28,aos_purchase_all_vd_골드미스(복합소구)_cr1_26.04.28,aos_vd_all_골드미스(집안)3_cr1_26.04.28,15312.0,0.0,0.0,0.0,,,,0.0
facebook.business,AOS_논타겟_앱홍보(구매)_26.01.28,aos_purchase_all_vd_오픈(음식물)_mk1_26.03.20,aos_vd_all_그냥하자(반찬)3_hn1_26.04.17,14467.0,0.0,0.0,2.0,,,7234.0,0.0
facebook.business,AOS_논타겟_앱홍보(구매)_26.01.28,aos_purchase_all_vd_필요없어요(대형폐기물)_mk1_26.04.08,aos_vd_all_필요없어요(허리)2_cr1_25.04.08,13981.0,0.0,0.0,0.0,,,,0.0
facebook.business,iOS_논타겟_앱홍보(구매)_26.04.28,ios_purchase_all_vd_골드미스(복합소구)_cr1_26.04.28,ios_vd_all_골드미스(허리)2_cr1_26.04.28,13714.0,0.0,0.0,0.0,,,,0.0
facebook.business,iOS(Web2App)_논타겟_판매_26.02.03,ios(Web2App)_purchase_lookalike(7%)_vd_신주목/100%(대형폐기물)_mk1_26.04.03,ios_vd_all_신주목100(침구)3_mk1_26.04.03,13403.0,0.0,0.0,1.0,,,13403.0,0.0
facebook.business,AOS_논타겟_앱홍보(구매)_26.01.28,aos_purchase_all_vd_신친정엄마(폐기물)_cr1_26.04.04,aos_vd_all_신친정엄마(효도)1_cr1_26.04.04,13388.0,0.0,0.0,0.0,,,,0.0
facebook.business,iOS_논타겟_앱홍보(구매)_26.01.29_1,ios_purchase_all_vd_폐기물모음_hn1_26.01.29,ios_im_all_실제후기(폐기물)2_hn1_26.02.24,13065.0,0.0,0.0,0.0,,,,0.0
facebook.business,AOS_리타겟_구매_24.11.05,aos_trial_re_vd_고효율소재모음(2)_dh1_26.02.20,aos_vd_타임어택(주부9단)2_cr1_26.04.27,12953.0,0.0,0.0,1.0,,,12953.0,0.0
facebook.business,AOS_논타겟_앱홍보(구매)_26.01.28,aos_purchase_dcj_vd_신주목/50%(대형폐기물)_dh1_26.04.23,aos_dcj_vd_50(침구)3_dh1_26.04.23,12551.0,0.0,0.0,2.0,,,6276.0,0.0
facebook.business,AOS_리타겟_구매_24.11.05,aos_purchase_re_vd_커바니AI(재이용복합)_hn1_26.04.23,aos_vd_all_커바니AI(여름음쓰)3_hn1_26.04.23,12542.0,0.0,0.0,1.0,,,12542.0,0.0
facebook.business,AOS_논타겟_앱홍보(구매)_26.01.28,aos_purchase_all_vd_잘들어(아산)_hn1_26.04.23,aos_vd_all_잘들어(아산/직장인)1_hn1_26.04.23,11833.0,0.0,0.0,0.0,,,,0.0
facebook.business,iOS(Web2App)_논타겟_판매_26.02.03,ios(Web2App)_purchase_all_vd_가장짧은시간(대형폐기물)_cr1_26.03.25,ios_vd_lookalike_가장짧은시간(정리함)2_cr1_26.03.25,10990.0,0.0,11.0,0.0,,999.0,,0.0
facebook.business,iOS_논타겟_앱홍보(구매)_26.01.29_1,ios_purchase_all_vd_폐기물모음_hn1_26.01.29,ios_vd_all_가장짧은시간(하이체어)3_cr1_26.04.27,10409.0,0.0,0.0,0.0,,,,0.0
facebook.business,AOS_논타겟_앱홍보(구매)_26.01.28,aos_purchase_all_vd_잘들어(천안)_hn1_26.04.23,aos_vd_all_잘들어(천안/워킹맘)2_hn1_26.04.23,10403.0,0.0,0.0,1.0,,,10403.0,0.0
facebook.business,AOS_논타겟_앱홍보(구매)_26.01.28,aos_purchase_all_vd_여러분(폐기물)_mk1_26.04.10,aos_vd_all_여러분(가구)1_mk1_26.04.11,10232.0,0.0,0.0,0.0,,,,0.0
facebook.business,iOS_리타겟_앱홍보(구매)_26.02.19,ios_purchase_re_vd_커바니AI(재이용복합)_hn1_26.04.23,ios_vd_all_커바니AI(수거시간)2_hn1_26.04.23,9953.0,0.0,0.0,0.0,,,,0.0
facebook.business,AOS(Web2App)_논타겟_판매_26.02.03,aos(Web2App)_purchase_all_vd_팀장님(대형폐기물)_hn1_26.03.25,aos_vd_all_대형폐기물(냉장고)2_mk1_26.03.04.27,9942.0,0.0,2.0,0.0,,4971.0,,0.0
facebook.business,iOS_논타겟_앱홍보(구매)_26.04.28,ios_purchase_all_vd_신혼부부(복합소구)_cr1_26.04.28,ios_vd_all_신혼부부(말)1_cr1_26.04.28,9827.0,0.0,0.0,0.0,,,,0.0
facebook.business,B2B(Web)_논타겟_참여(방문수거)26.04.28,b2b(Web)_lead_ncr_vd_방문수거(집앞)_mk1_26.04.28,b2b(Web)_lead_ncr_vd_방문수거(집앞)1_mk1_26.04.28,9769.0,0.0,0.0,0.0,,,,0.0
facebook.business,iOS_논타겟_앱홍보(구매)_26.01.29_1,ios_purchase_all_vd_음식물모음_hn1_26.01.29,ios_vd_all_오픈(냉동식품)2_mk1_26.04.09,9713.0,0.0,0.0,0.0,,,,0.0
facebook.business,AOS(Web2App)_논타겟_판매(봄맞이)26.04.22,aos(Web2App)_purchase_all_im_봄맞이프로모션(복합)_sj1_26.04.22,aos_im_all_봄맞이(진짜)1_sj1_26.04.22,9607.0,0.0,1.0,0.0,,9607.0,,0.0
facebook.business,B2B(Web)_논타겟_참여(방문수거)26.04.28,b2b(Web)_lead_ncr_vd_방문수거(추가금)_mk1_26.04.28,b2b(Web)_lead_ncr_vd_방문수거(추가금)1_mk1_26.04.28,9339.0,0.0,0.0,0.0,,,,0.0
facebook.business,iOS(Web2App)_논타겟_판매(지구의날)26.04.22,ios(Web2App)_purchase_all_vd_pa_지구의날프로모션(육아)_mk1_26.04.23,ios_vd_all_김선미(지구의날4월pa)4_mk1_26.04.23,9119.0,0.0,0.0,0.0,,,,0.0
facebook.business,iOS(Web2App)_논타겟_판매_26.02.03,ios(Web2App)_purchase_lookalike(7%)_vd_사투리/2500(음식물)_cr1_26.04.04,ios_vd_all_사투리2500(반찬통)2_cr1_26.04.04,8457.0,0.0,0.0,0.0,,,,0.0
facebook.business,iOS_논타겟_앱홍보(구매)_26.04.28,ios_purchase_all_vd_신혼부부(복합소구)_cr1_26.04.28,ios_vd_all_신혼부부(당번)2_cr1_26.04.28,7783.0,0.0,0.0,0.0,,,,0.0
facebook.business,iOS_리타겟_봉투구매_26.04.12,ios_trial_re_vd_고효율소재모음(1)_dh1_26.04.12,ios_vd_타임어택(냉동실)3_cr1_26.04.12,7697.0,0.0,0.0,1.0,,,7697.0,0.0
facebook.business,AOS_리타겟_구매_24.11.05,aos_trial_re_vd_고효율소재모음(2)_dh1_26.02.20,aos_vd_아직도2_dh1_26.02.20,7499.0,0.0,0.0,1.0,,,7499.0,0.0
facebook.business,AOS(Web2App)_논타겟_판매_26.02.03,aos(Web2App)_purchase_all_vd_PA(친구초대)_3월(2)_hn1_26.03.26,aos_vd_all_다미(3월)1_hn1_26.03.26,7130.0,0.0,0.0,0.0,,,,0.0
facebook.business,AOS(Web2App)_논타겟_판매_26.02.03,aos(Web2App)_purchase_all_vd_PA(친구초대)_3월(2)_hn1_26.03.26,aos_vd_all_로운(3월)2_hn1_26.03.26,6755.0,0.0,0.0,0.0,,,,0.0
facebook.business,iOS_리타겟_앱홍보(구매)_26.02.19,ios_purchase_re_vd_150L(대형폐기물)_hn1_26.02.19,ios_vd_re_150L(무게)2_hn1_26.02.19,6496.0,0.0,0.0,0.0,,,,0.0
facebook.business,iOS_유사타겟_회원가입_26.04.23_6,ios_registration_lookalike(7%)_dcj_vd__인플루언서PA_dh1_26.04.24,ios_vd_all_수수룸_1월19_dh1_26.04.23,6237.0,0.0,0.0,0.0,,,,0.0
facebook.business,AOS(Web2App)_논타겟_판매_26.02.03,aos(Web2App)_purchase_all_vd_PA(친구초대)_3월(1)_hn1_26.03.26,aos_vd_all_채다경(3월)6_hn1_26.03.26,5871.0,0.0,0.0,0.0,,,,0.0
facebook.business,iOS_유사타겟_회원가입_26.01.28_2,ios_registration_lookalike(7%)_vd_폐기물모음_hn1_26.01.28,ios_vd_lookalike(7%)_이거맞아(폐기물신고)2_hn1_26.01.28,5587.0,0.0,0.0,1.0,,,5587.0,0.0
facebook.business,iOS(Web2App)_논타겟_판매_26.02.03,ios(Web2App)_purchase_lookalike(7%)_vd_신부럽다2500(음식물)_nk1_26.04.03,ios_vd_all_신부럽다2500(김치통)1_nk1_26.04.03,5539.0,0.0,0.0,0.0,,,,0.0
facebook.business,AOS_논타겟_앱홍보(구매)_26.01.28,aos_purchase_all_vd_고효율소재모음_dcj_sj1_26.04.23,aos_vd_dcj_신주목세종대전청주50(침구)3_dh1_26.04.23,5520.0,0.0,0.0,1.0,,,5520.0,281537.47
facebook.business,AOS_논타겟_앱홍보(구매)_26.01.28,aos_purchase_all_vd_필요없어요(대형폐기물)_mk1_26.04.08,aos_vd_all_필요없어요(신고)1_cr1_25.04.08,4763.0,0.0,0.0,2.0,,,2382.0,0.0
facebook.business,iOS_논타겟_앱홍보(구매)_26.02.19_3,ios_purchase_lookalike(7%)_vd_여기서뭐해(음식물)_cr1_26.02.19,ios_vd_all_여기서뭐해(미생물)1_cr1_26.02.19,4690.0,0.0,0.0,0.0,,,,0.0
facebook.business,AOS_리타겟_구매_24.11.05,aos_trial_re_vd_고효율소재모음(2)_dh1_26.02.20,aos_vd_all_세띠_1월13_hn1_26.02.20,4617.0,0.0,0.0,0.0,,,,0.0
facebook.business,iOS_논타겟_앱홍보(구매)_26.04.28,ios_purchase_all_vd_신혼부부(복합소구)_cr1_26.04.28,ios_vd_all_신혼부부(잔소리)3_cr1_26.04.28,4570.0,0.0,0.0,0.0,,,,0.0
facebook.business,AOS_논타겟_앱홍보(구매)_26.01.28,aos_purchase_all_vd_복합소구모음_sj1_26.01.28,aos_vd_all_프로모션_폐기물(폐기물)2_dh1_26.01.28,4533.0,0.0,0.0,1.0,,,4533.0,4125087.8
facebook.business,iOS_논타겟_앱홍보(구매)_26.04.28,ios_purchase_all_vd_골드미스(복합소구)_cr1_26.04.28,ios_vd_all_골드미스(집안)3_cr1_26.04.28,4516.0,0.0,0.0,0.0,,,,0.0
facebook.business,B2B(Web)_논타겟_참여(방문수거)26.04.28,b2b(Web)_lead_ncr_vd_방문수거(추가금)_mk1_26.04.28,b2b(Web)_lead_ncr_vd_방문수거(추가금)5_mk1_26.04.28,4281.0,0.0,0.0,0.0,,,,0.0
facebook.business,iOS(Web2App)_논타겟_판매_26.02.03,ios(Web2App)_purchase_all_vd_PA(친구초대)_3월(1)_hn1_26.03.26,ios_vd_all_비키니보이즈(3월)5_hn1_26.03.26,4250.0,0.0,0.0,0.0,,,,0.0
facebook.business,iOS_논타겟_앱홍보(구매)_26.04.23,ios_purchase_all_vd_인플루언서PA_dcj_sj1_26.04.23,ios_vd_all_새로미_1월1_sj1_26.04.23,3992.0,0.0,0.0,0.0,,,,0.0
facebook.business,B2B(Web)_논타겟_참여(방문수거)26.04.28,b2b(Web)_lead_ncr_vd_방문수거(집앞)_mk1_26.04.28,b2b(Web)_lead_ncr_vd_집앞(??)_mk1_26.04.28,3963.0,0.0,0.0,0.0,,,,0.0
facebook.business,AOS_논타겟_앱홍보(구매)_26.01.28,aos_purchase_all_vd_인플루언서PA_dcj_sj1_26.04.23,aos_vd_all_예진_1월4_sj1_26.04.23,3946.0,0.0,0.0,2.0,,,1973.0,0.0
facebook.business,iOS_논타겟_앱홍보(구매)_26.04.23,ios_purchase_all_vd_인플루언서PA_dcj_sj1_26.04.23,ios_vd_all_수수룸_1월19_sj1_26.04.23,3878.0,0.0,0.0,0.0,,,,0.0
facebook.business,iOS_리타겟_봉투구매_26.04.12,ios_trial_re_vd_고효율소재모음(1)_dh1_26.04.12,ios_vd_타임어택(주부9단)2_cr1_26.04.12,3634.0,0.0,0.0,0.0,,,,0.0
facebook.business,iOS_논타겟_앱홍보(구매)_26.04.23,ios_purchase_all_vd_고효율소재모음_dcj_sj1_26.04.23,ios_vd_아귀찮아(냉동실)3_sj1_26.04.23,3425.0,0.0,0.0,0.0,,,,0.0
facebook.business,iOS_논타겟_앱홍보(구매)_26.04.28,ios_purchase_all_vd_골드미스(복합소구)_cr1_26.04.28,ios_vd_all_골드미스(독박)1_cr1_26.04.28,3051.0,0.0,0.0,0.0,,,,0.0
facebook.business,iOS_리타겟_봉투구매_26.04.12,ios_trial_re_vd_고효율소재모음(1)_dh1_26.04.12,ios_vd_타임어택(저기요)1_cr1_26.04.12,2719.0,0.0,0.0,0.0,,,,0.0
facebook.business,iOS_논타겟_앱홍보(구매)_26.04.23,ios_purchase_cna/asn_vd_150L(대형폐기물)_hn1_26.04.23,ios_vd_all_150L(튼튼)3_hn1_26.04.23,2526.0,0.0,0.0,0.0,,,,0.0
facebook.business,iOS_논타겟_앱홍보(구매)_26.04.23,ios_purchase_all_vd_고효율소재모음_dcj_sj1_26.04.23,ios_vd_all_팀장님(배출품목)1_sj1_26.04.23,2497.0,0.0,0.0,0.0,,,,0.0
facebook.business,iOS_논타겟_앱홍보(구매)_26.04.23,ios_purchase_all_vd_인플루언서PA_dcj_sj1_26.04.23,ios_vd_all_우주맘4_sj1_26.04.23,2314.0,0.0,0.0,0.0,,,,0.0
facebook.business,B2B(Web)_논타겟_참여(방문수거)26.04.28,b2b(Web)_lead_ncr_vd_방문수거(집앞)_mk1_26.04.28,b2b(Web)_lead_ncr_vd_방문수거(집앞)2_mk1_26.04.28,2057.0,0.0,0.0,0.0,,,,0.0
facebook.business,AOS_논타겟_앱홍보(구매)_26.01.28,aos_purchase_all_vd_잘들어(천안)_hn1_26.04.23,aos_vd_all_잘들어(천안/직장인)1_hn1_26.04.23,2050.0,0.0,0.0,0.0,,,,0.0
facebook.business,B2B(Web)_논타겟_참여(방문수거)26.04.28,b2b(Web)_lead_ncr_vd_방문수거(추가금)_mk1_26.04.28,b2b(Web)_lead_ncr_vd_방문수거(추가금)3_mk1_26.04.28,2026.0,0.0,0.0,0.0,,,,0.0
facebook.business,AOS_논타겟_앱홍보(구매)_26.01.28,aos_purchase_all_vd_150L(대형폐기물)_hn1_26.04.10,aos_vd_all_150L(튼튼)3_hn1_26.04.10,1999.0,0.0,0.0,0.0,,,,0.0
facebook.business,B2B(Web)_논타겟_참여(방문수거)26.04.28,b2b(Web)_lead_ncr_vd_방문수거(집앞)_mk1_26.04.28,b2b(Web)_lead_ncr_vd_방문수거(집앞)3_mk1_26.04.28,1523.0,0.0,0.0,0.0,,,,0.0
facebook.business,B2B(Web)_논타겟_참여(방문수거)26.04.28,b2b(Web)_lead_ncr_vd_방문수거(추가금)_mk1_26.04.28,b2b(Web)_lead_ncr_vd_방문수거(추가금)4_mk1_26.04.28,1384.0,0.0,0.0,0.0,,,,0.0
facebook.business,iOS_논타겟_앱홍보(구매)_26.04.23,ios_purchase_all_vd_인플루언서PA_dcj_sj1_26.04.23,ios_vd_all_예진_1월4_sj1_26.04.23,1377.0,0.0,0.0,0.0,,,,0.0
facebook.business,iOS_논타겟_앱홍보(구매)_26.02.26,ios_purchase_all_vd_인플루언서 PA(DM2월)_sj1_26.02.27,ios_vd_all_샬림을더하다(2월DM)_sj1_26.02.27,1348.0,0.0,0.0,0.0,,,,0.0
facebook.business,iOS_유사타겟_회원가입_26.04.23_6,ios_registration_lookalike(7%)_vd__인플루언서PA_dh1_26.04.23,ios_vd_dcj_수수룸_1월19_dh1_26.04.24,1157.0,0.0,0.0,2.0,,,579.0,0.0
facebook.business,iOS(Web2App)_논타겟_판매_26.02.03,ios(Web2App)_purchase_all_vd_필요없어요(대형폐기물)_cr1_26.03.25,ios_vd_lookalike_필요없어요(신고)1_cr1_26.03.25,1091.0,0.0,0.0,0.0,,,,0.0
facebook.business,iOS_논타겟_앱홍보(구매)_26.04.23,ios_purchase_dcj_vd_150L(대형폐기물)_hn1_26.04.23,ios_vd_all_150L(튼튼)3_hn1_26.04.23,1006.0,0.0,0.0,0.0,,,,0.0
facebook.business,AOS_유사타겟_회원가입_26.01.28,aos_registration_lookalike(7%)_vd_150L(대형폐기물)_hn1_26.02.19,aos_im_all_150L(무게)2_hn1_26.02.19,874.0,0.0,0.0,0.0,,,,0.0
facebook.business,B2B(Web)_논타겟_참여(방문수거)26.04.28,b2b(Web)_lead_ncr_vd_방문수거(집앞)_mk1_26.04.28,b2b(Web)_lead_ncr_vd_방문수거(집앞)5_mk1_26.04.28,821.0,0.0,0.0,0.0,,,,0.0
facebook.business,AOS(Web2App)_논타겟_판매_26.02.03,aos(Web2App)_purchase_all_vd_가장짧은시간(대형폐기물)_cr1_26.03.25,aos_vd_all_가장짧은시간(정리함)2_cr1_26.03.25,804.0,0.0,2.0,0.0,,402.0,,0.0
facebook.business,iOS_유사타겟_회원가입_26.04.23_6,ios_registration_lookalike(7%)_vd__인플루언서PA_dh1_26.04.23,ios_vd_dcj_이지홈_1월9_dh1_26.04.24,800.0,0.0,0.0,0.0,,,,0.0
facebook.business,AOS_논타겟_앱홍보(구매)_26.01.28,aos_purchase_all_vd_인플루언서PA_dcj_sj1_26.04.23,aos_vd_all_블레스홈6_sj1_26.04.23,656.0,0.0,0.0,0.0,,,,0.0
facebook.business,AOS_논타겟_앱홍보(구매)_26.01.28,aos_purchase_lookalike(7%)_vd_그냥하자(이사음식물)_sj1_26.02.24,aos_vd_all_그냥하자(반찬)3_hn1_26.02.24,595.0,0.0,0.0,0.0,,,,0.0
facebook.business,iOS_논타겟_앱홍보(구매)_26.04.23,ios_purchase_all_vd_고효율소재모음_dcj_sj1_26.04.23,ios_vd_all_그냥하자(반찬)3_sj1_26.04.23,545.0,0.0,0.0,0.0,,,,0.0
facebook.business,iOS_논타겟_앱홍보(구매)_26.04.23,ios_purchase_cna/asn_vd_150L(대형폐기물)_hn1_26.04.23,ios_vd_all_150L(무게)2_hn1_26.04.23,440.0,0.0,0.0,0.0,,,,0.0
facebook.business,AOS_논타겟_앱홍보(구매)_26.01.28,aos_purchase_all_vd_워킹맘모음_sj1_26.01.28,aos_vd_mom_전화(손목)2_cr1_26.03.25,422.0,0.0,0.0,0.0,,,,0.0
facebook.business,AOS_논타겟_앱홍보(구매)_26.01.28,aos_purchase_all_vd_폐기물모음_sj1_26.01.28,aos_vd_all_자취고인물(헌 옷)1_nk1_26.04.08,370.0,0.0,0.0,0.0,,,,0.0
facebook.business,AOS(Web2App)_논타겟_판매_26.02.03,aos(Web2App)_purchase_all_vd_PA(친구초대)_3월(1)_hn1_26.03.26,aos_vd_all_비키니보이즈(3월)5_hn1_26.03.26,368.0,0.0,0.0,0.0,,,,0.0
facebook.business,AOS_논타겟_앱홍보(구매)_26.01.28,aos_purchase_cna/asn_vd_150L(대형폐기물)_hn1_26.04.23,aos_vd_cna/asn_150L(튼튼)3_hn1_26.04.23,288.0,0.0,0.0,0.0,,,,0.0
facebook.business,AOS_논타겟_앱홍보(구매)_26.01.28,aos_purchase_all_vd_음식물모음_sj1_26.01.28,aos_vd_all_화해했어요(냉동식품)3_nk1_26.03.05,280.0,0.0,0.0,0.0,,,,0.0
facebook.business,AOS_논타겟_앱홍보(구매)_26.01.28,aos_purchase_dcj_vd_150L(대형폐기물)_hn1_26.04.23,aos_vd_dcj_150L(튼튼)3_hn1_26.04.23,270.0,0.0,0.0,0.0,,,,0.0
facebook.business,AOS_논타겟_앱홍보(구매)_26.01.28,aos_purchase_dcj_vd_150L(대형폐기물)_hn1_26.04.23,aos_vd_dcj_150L(무게)2_hn1_26.04.23,220.0,0.0,0.0,0.0,,,,0.0
facebook.business,AOS_논타겟_앱홍보(구매)_26.01.28,aos_purchase_lookalike(7%)_vd_이모든걸(대형폐기물)_mk1_26.03.31,aos_vd_all_이모든걸(펫용품)3_cr1_26.03.31,214.0,0.0,0.0,0.0,,,,0.0
facebook.business,iOS_유사타겟_회원가입_26.04.23_6,ios_registration_lookalike(7%)_dcj_vd__인플루언서PA_dh1_26.04.24,ios_vd_all_이지홈_1월9_dh1_26.04.23,200.0,0.0,0.0,0.0,,,,0.0
facebook.business,AOS_논타겟_앱홍보(구매)_26.01.28,aos_purchase_all_vd_150L(대형폐기물)_hn1_26.04.10,aos_vd_all_150L(무게)2_hn1_26.04.10,152.0,0.0,0.0,0.0,,,,0.0
facebook.business,AOS_논타겟_앱홍보(구매)_26.01.28,aos_purchase_cna/asn_vd_150L(대형폐기물)_hn1_26.04.23,aos_vd_cna/asn_150L(무게)2_hn1_26.04.23,143.0,0.0,0.0,0.0,,,,0.0
facebook.business,AOS_논타겟_앱홍보(구매)_26.01.28,aos_purchase_all_vd_폐기물모음_sj1_26.01.28,aos_vd_all_가장짧은시간(정리함)2_sj1_26.04.27,78.0,0.0,0.0,0.0,,,,0.0
facebook.business,AOS_논타겟_앱홍보(구매)_26.01.28,aos_purchase_all_vd_여러분(폐기물)_mk1_26.04.10,aos_vd_all_테크덕후(선풍기)3_cr1_26.01.28,61.0,0.0,0.0,0.0,,,,0.0
facebook.business,AOS_논타겟_앱홍보(구매)_26.01.28,aos_purchase_all_vd_복합소구모음_sj1_26.01.28,aos_vd_all_프로모션_아직쓰지마(연말)4_sj1_26.01.28,47.0,0.0,0.0,0.0,,,,0.0
facebook.business,AOS_유사타겟_회원가입_26.01.28,aos_registration_lookalike(7%)_vd_고효율소재모음_hn1_26.03.25,aos_im_all_해결(스티커_무빙)9_cr1_26.03.25,45.0,0.0,0.0,0.0,,,,0.0
facebook.business,AOS(Web2App)_논타겟_판매_26.02.03,aos(Web2App)_purchase_all_vd_필요없어요(대형폐기물)_cr1_26.03.25,aos_vd_all_필요없어요(신고)1_cr1_25.03.25,43.0,0.0,0.0,0.0,,,,0.0
facebook.business,AOS_논타겟_앱홍보(구매)_26.01.28,aos_purchase_lookalike(7%)_vd_이모든걸(대형폐기물)_mk1_26.03.31,aos_vd_all_이모든걸(육아용품)1_cr1_26.03.31,43.0,0.0,0.0,0.0,,,,0.0
facebook.business,AOS_유사타겟_회원가입_26.01.28,aos_registration_lookalike(7%)_vd_고효율소재모음_hn1_26.03.25,aos_im_all_큰일나(굳은치킨)2_mk1_26.03.25,40.0,0.0,0.0,0.0,,,,0.0
facebook.business,iOS_논타겟_앱홍보(구매)_26.04.23,ios_purchase_dcj_vd_150L(대형폐기물)_hn1_26.04.23,ios_vd_all_150L(무게)2_hn1_26.04.23,36.0,0.0,0.0,0.0,,,,0.0
facebook.business,AOS_논타겟_앱홍보(구매)_26.01.28,aos_purchase_all_vd_필요없어요(대형폐기물)_mk1_26.04.08,aos_vd_all_신친정엄마(계단)2_cr1_26.04.04,12.0,0.0,0.0,0.0,,,,0.0
facebook.business,AOS_논타겟_앱홍보(구매)_26.01.28,aos_purchase_all_vd_필요없어요(대형폐기물)_mk1_26.04.08,aos_vd_all_신친정엄마(효도)1_cr1_26.04.04,5.0,0.0,0.0,0.0,,,,0.0
facebook.business,AOS_논타겟_앱홍보(구매)_26.01.28,aos_purchase_all_vd_여러분(폐기물)_mk1_26.04.10,aos_vd_all_여러분(가전)3_mk1_26.04.10,0.0,0.0,0.0,10.0,,,0.0,0.0
facebook.business,iOS_논타겟_앱홍보(구매)_26.02.19_3,ios_purchase_lookalike(7%)_vd_음식물모음_sj1_26.02.24,ios_vd_써야이유(치킨분리)5_26.03.25,0.0,0.0,0.0,1.0,,,0.0,0.0
facebook.business,AOS(Web2App)_논타겟_판매_26.02.03,aos(Web2App)_purchase_all_vd_PA(친구초대)_3월(3)_hn1_26.03.26,aos_vd_all_살림알림(3월)7_hn1_26.03.26 - 사본,0.0,0.0,79.0,1.0,,0.0,0.0,0.0
facebook.business,AOS(Web2App)_논타겟_판매_26.02.03,aos(Web2App)_purchase_lookalike(7%)_vd_신주목(대형폐기물)_mk1_26.04.03 - 사본 - 사본,aos_vd_all_신주목세종대전청주100(가전)2_mk1_26.04.03,0.0,0.0,4.0,2.0,,0.0,0.0,0.0
facebook.business,AOS(Web2App)_논타겟_판매_26.02.03,aos(Web2App)_purchase_lookalike(7%)_vd_신부럽다(음식물)_nk1_26.04.03 - 사본,aos_vd_all_신부럽다50(냉동식품)3_nk1_26.04.03,0.0,0.0,204.0,13.0,,0.0,0.0,0.0
facebook.business,iOS(Web2App)_논타겟_판매(지구의날)26.04.21,ios(Web2App)_purchase_all_vd_지구의날프로모션(복합)_cr1_26.04.21,ios_vd_all_지구의날(게으른)2_cr1_26.04.22,0.0,0.0,120.0,2.0,,0.0,0.0,0.0
facebook.business,AOS(Web2App)_논타겟_판매_26.02.03,aos(Web2App)_purchase_lookalike(7%)_vd_신주목(대형폐기물)_mk1_26.04.03,"aos_vd_all_신주목세종대전청주2,500(가전)2_mk1_26.04.03",0.0,0.0,6.0,1.0,,0.0,0.0,0.0
facebook.business,AOS_논타겟_회원가입_24.07.06,aos_registration_all_vd_불편해(귀찮음)_24.07.06,aos_vd_불편해(유통기한)2_24.07.06,0.0,0.0,0.0,1.0,,,0.0,0.0
facebook.business,iOS(Web2App)_논타겟_판매_26.02.03,ios(Web2App)_purchase_re_vd_봉투에던져(음식물)_cr1_26.03.30,aos_vd_all_봉투에던져(언음쓰)1_cr1_26.03.30 - 사본,0.0,0.0,59.0,4.0,,0.0,0.0,0.0
facebook.business,AOS(Web2App)_논타겟_판매_26.02.03,aos(Web2App)_purchase_lookalike(7%)_vd_신부럽다(음식물)_nk1_26.04.03,aos_vd_all_신부럽다100(치킨뼈)2_nk1_26.04.03,0.0,0.0,50.0,3.0,,0.0,0.0,0.0
facebook.business,iOS(Web2App)_논타겟_판매_26.02.03,ios(Web2App)_purchase_lookalike(7%)_vd_부럽다/천안100(음식물)_nk1_26.03.18,ios_vd_all_부럽다아산100(김치통)1_nk1_26.03.18,0.0,0.0,111.0,12.0,,0.0,0.0,0.0
facebook.business,iOS(Web2App)_논타겟_판매_26.02.03,ios(Web2App)_purchase_lookalike(7%)_vd_부럽다/천안100(음식물)_nk1_26.03.18,ios_vd_all_부럽다아산100(냉동식품)3_nk1_26.03.18,0.0,0.0,40.0,5.0,,0.0,0.0,0.0
facebook.business,iOS(Web2App)_논타겟_판매_26.02.03,ios(Web2App)_purchase_all_vd_아귀찮아(음식물)_cr1_26.02.03,ios_vd_all_커버링써(냉동실)3_cr1_25.12.24 - 사본,0.0,0.0,69.0,3.0,,0.0,0.0,0.0
facebook.business,AOS(Web2App)_논타겟_판매_26.02.03,aos(Web2App)_purchase_lookalike(7%)_vd_부럽다/천안100(음식물)_nk1_26.03.18,aos_vd_all_부럽다천안50(김치통)1_nk1_26.03.18 - 사본,0.0,0.0,82.0,3.0,,0.0,0.0,0.0
facebook.business,AOS(Web2App)_논타겟_판매_26.02.03,aos(Web2App)_purchase_all_vd_잘들어(아산)_hn1_26.04.10,aos_vd_all_잘들어(아산/맞벌이)3_hn1_26.04.09,0.0,0.0,11.0,1.0,,0.0,0.0,0.0
facebook.business,AOS(Web2App)_논타겟_판매_26.02.03,aos(Web2App)_purchase_all_vd_PA(친구초대)_3월(3)_hn1_26.03.26,ios_vd_all_권세혁(3월)3_hn1_26.03.26 - 사본,0.0,0.0,61.0,2.0,,0.0,0.0,0.0
facebook.business,AOS(Web2App)_논타겟_판매_26.02.03,aos(Web2App)_trial_re_vd_봉투에던져(음식물)_cr1_26.03.30,aos_vd_all_봉투에던져(배달음식)2_cr1_26.03.30,0.0,0.0,15.0,1.0,,0.0,0.0,0.0
facebook.business,iOS(Web2App)_논타겟_판매_26.02.03,ios(Web2App)_purchase_lookalike(7%)_vd_부럽다/천안100(음식물)_nk1_26.03.18,ios_vd_all_부럽다아산100(치킨뼈)2_nk1_26.03.18,0.0,0.0,4.0,1.0,,0.0,0.0,0.0
facebook.business,iOS_논타겟_앱홍보(구매)_26.04.12,ios_purchase_all_vd_팀장님(대형폐기물)_hn1_26.04.14,aos_vd_all_팀장님(배출품목)1_hn1_26.04.14,0.0,0.0,0.0,3.0,,,0.0,0.0
facebook.business,AOS_논타겟_앱홍보(구매)_26.01.28,aos_purchase_all_vd_여러분(폐기물)_mk1_26.04.10,aos_vd_all_여러분(침구류)2_mk1_26.04.10,0.0,0.0,0.0,3.0,,,0.0,0.0
facebook.business,iOS(Web2App)_논타겟_판매_26.02.03,ios(Web2App)_purchase_lookalike(7%)_vd_신주목(대형폐기물)_mk1_26.04.03 - 사본,ios_vd_all_신주목50(가전)2_mk1_26.04.03,0.0,0.0,23.0,4.0,,0.0,0.0,0.0
facebook.business,AOS(Web2App)_논타겟_판매_26.02.03,aos(Web2App)_purchase_lookalike(7%)_vd_부럽다/천안100(음식물)_nk1_26.03.18,aos_vd_all_부럽다천안50(냉동식품)3_nk1_26.03.18 - 사본,0.0,0.0,30.0,1.0,,0.0,0.0,0.0
facebook.business,AOS_논타겟_앱홍보(구매)_25.01.23,aos_purchase_all_vd_써야이유(냉장고1)_25.03.12,aos_vd_써야이유(배달음식)1_25.03.12,0.0,0.0,0.0,1.0,,,0.0,0.0
facebook.business,iOS_논타겟_앱홍보(구매)_26.04.12,ios_purchase_all_vd_하던나(폐기물)_cr1_26.04.12,aos_vd_all_하던나(텀블러)3_cr1_26.04.12,0.0,0.0,0.0,2.0,,,0.0,0.0
facebook.business,AOS(Web2App)_논타겟_판매_26.02.03,aos(Web2App)_purchase_lookalike(7%)_vd_부럽다/천안100(음식물)_nk1_26.03.18,aos_vd_all_대형폐기물(가전)3_mk1_26.03.06,0.0,0.0,82.0,4.0,,0.0,0.0,0.0
facebook.business,iOS(Web2App)_논타겟_판매_26.02.03,ios(Web2App)_purchase_re_vd_봉투에던져(음식물)_cr1_26.03.30,aos_vd_all_봉투에던져(배달음식)2_cr1_26.03.30 - 사본,0.0,0.0,1.0,1.0,,0.0,0.0,0.0
facebook.business,iOS(Web2App)_논타겟_판매_26.02.03,ios(Web2App)_purchase_lookalike(7%)_vd_신부럽다(음식물)_nk1_26.04.03,ios_vd_all_신부럽다50(냉동식품)3_nk1_26.04.03 -,0.0,0.0,1633.0,227.0,,0.0,0.0,0.0
facebook.business,iOS(Web2App)_논타겟_판매_26.02.03,ios(Web2App)_purchase_lookalike(7%)_vd_신주목(대형폐기물)_mk1_26.04.03 - 사본 - 사본,ios_vd_all_신주목2500(대형가구)1_mk1_26.04.03,0.0,0.0,68.0,8.0,,0.0,0.0,0.0
facebook.business,iOS(Web2App)_논타겟_판매_26.02.03,ios(Web2App)_purchase_all_vd_PA(친구초대)_3월(1)_hn1_26.03.26 - 사본,ios_vd_all_비키니보이즈(3월)5_hn1_26.03.26,0.0,0.0,98.0,7.0,,0.0,0.0,0.0
facebook.business,iOS(Web2App)_논타겟_판매_26.02.03,ios(Web2App)_purchase_all_vd_PA(친구초대)_3월_hn1_26.03.26,ios_vd_all_주도연(3월)4_hn1_26.03.26,0.0,0.0,1824.0,73.0,,0.0,0.0,0.0
facebook.business,iOS(Web2App)_논타겟_판매_26.02.03,ios(Web2App)_purchase_all_vd_PA(친구초대)_3월(2)_hn1_26.03.26,ios_vd_all_멍지(3월)2_hn1_26.03.26,0.0,0.0,131.0,8.0,,0.0,0.0,0.0
facebook.business,AOS(Web2App)_논타겟_판매_26.02.03,aos(Web2App)_purchase_all_vd_이거모르고(대형폐기물)_cr1_26.03.07,aos_vd_all_이거모르고(옷장정리)1_cr1_26.03.07,0.0,0.0,0.0,1.0,,,0.0,0.0
facebook.business,AOS_논타겟_앱홍보(구매)_26.01.28,aos_purchase_all_vd_여러분(폐기물)_mk1_26.04.10,aos_vd_all_여러분(가구)1_mk1_26.04.10,0.0,0.0,0.0,1.0,,,0.0,0.0
facebook.business,AOS_논타겟_앱홍보(구매)_25.01.23,aos_purchase_all_vd_도움_25.05.17,aos_vd_all_도움(버틴)1_25.05.17,0.0,0.0,0.0,2.0,,,0.0,0.0
facebook.business,AOS(Web2App)_논타겟_판매_26.02.03,aos(Web2App)_purchase_all_vd_PA(친구초대)_3월_hn1_26.03.26 - 사본,aos_vd_all_살림알림(3월)2_hn1_26.03.26,0.0,0.0,59.0,1.0,,0.0,0.0,0.0
facebook.business,iOS(Web2App)_논타겟_판매(지구의날)26.04.22,aos(Web2App)_purchase_all_vd_pa_지구의날프로모션(육아)_mk1_26.04.23 - 사본,aos_vd_all_서혜진(지구의날4월pa)3_mk1_26.04.23,0.0,0.0,7.0,1.0,,0.0,0.0,0.0
facebook.business,iOS(Web2App)_논타겟_판매_26.02.03,ios(Web2App)_purchase_lookalike(7%)_vd_신부럽다(음식물)_nk1_26.04.03,ios_vd_all_신부럽다50(김치통)1_nk1_26.04.03,0.0,0.0,14.0,1.0,,0.0,0.0,0.0
facebook.business,iOS_유사타겟_회원가입_26.01.28_2,ios_registration_lookalike(7%)_vd_복합소구모음1_hn1_26.01.28,ios_vd_all_이모든걸(살림용품)2_cr1_26.03.10,0.0,0.0,0.0,1.0,,,0.0,0.0
facebook.business,iOS(Web2App)_논타겟_판매_26.02.03,ios(Web2App)_purchase_lookalike(7%)_vd_부럽다/천안50(음식물)_nk1_26.03.18,ios_vd_all_부럽다천안100(김치통)1_nk1_26.03.18,0.0,0.0,71.0,4.0,,0.0,0.0,0.0
facebook.business,{{campaign.name}},{{adset.name}},{{ad.name}},0.0,0.0,765.0,37.0,,0.0,0.0,0.0
facebook.business,AOS_논타겟_앱홍보(구매)_26.01.28,"aos_purschase_천안,아산_vd_고효율소재모음_ sj1_26.02.11",aos_vd_all_커뮤니티(솜이불)1_cr1_26.02.11,0.0,0.0,0.0,2.0,,,0.0,0.0
facebook.business,iOS(Web2App)_논타겟_판매_26.02.03,ios(Web2App)_purchase_lookalike(7%)_vd_잘들어(아산)_hn1_26.04.09,ios_vd_all_잘들어(아산/워킹맘)2_hn1_26.04.09,0.0,0.0,4.0,2.0,,0.0,0.0,0.0
facebook.business,AOS(Web2App)_논타겟_판매_26.02.03,aos(Web2App)_purchase_lookalike(7%)_vd_신부럽다(음식물)_nk1_26.04.03,aos_vd_all_신부럽다100(김치통)1_nk1_26.04.03,0.0,0.0,2.0,1.0,,0.0,0.0,0.0
facebook.business,AOS_논타겟_앱홍보(구매)_26.01.28,"aos_purschase_천안,아산_vd_PA고효율소재모음_nk1_26.02.13",aos_vd_all_조사마_1월14_hn1_26.02.13,0.0,0.0,0.0,1.0,,,0.0,0.0
facebook.business,AOS(Web2App)_논타겟_판매_26.02.03,aos(Web2App)_purchase_lookalike(7%)_vd_신주목(대형폐기물)_mk1_26.04.03 - 사본,aos_vd_all_신주목세종대전청주50(가전)2_mk1_26.04.03,0.0,0.0,30.0,1.0,,0.0,0.0,0.0
facebook.business,iOS(Web2App)_논타겟_판매_26.02.03,ios(Web2App)_purchase_re_vd_봉투에던져(음식물)_cr1_26.03.30,aos_vd_all_봉투에던져(반찬통)3_cr1_26.03.30 - 사본,0.0,0.0,42.0,4.0,,0.0,0.0,0.0
facebook.business,AOS(Web2App)_논타겟_판매_26.02.03,aos(Web2App)_purchase_all_vd_PA(친구초대)_3월(3)_hn1_26.03.26,ios_vd_all_남솔지(3월)4_hn1_26.03.26 - 사본,0.0,0.0,16.0,1.0,,0.0,0.0,0.0
facebook.business,AOS(Web2App)_논타겟_판매_26.02.03,aos(Web2App)_purchase_lookalike(7%)_vd_신주목(대형폐기물)_mk1_26.04.03,"aos_vd_all_신주목세종대전청주2,500(대형가구)1_mk1_26.04.03",0.0,0.0,4.0,1.0,,0.0,0.0,0.0
facebook.business,AOS(Web2App)_논타겟_판매_26.02.03,aos(Web2App)_purchase_lookalike(7%)_vd_신부럽다/2500(음식물)_nk1_26.04.03,aos_vd_all_신부럽다2.5(치킨뼈)2_nk1_26.04.03 - 사본,0.0,0.0,3.0,1.0,,0.0,0.0,0.0
facebook.business,AOS(Web2App)_논타겟_판매_26.02.03,aos(Web2App)_purchase_lookalike(7%)_vd_신부럽다/2500(음식물)_nk1_26.04.03,aos_vd_all_신부럽다2.5(냉동식품)3_nk1_26.04.03,0.0,0.0,18.0,1.0,,0.0,0.0,0.0
facebook.business,AOS_유사타겟_회원가입_26.01.28,aos_registration_lookalike(7%)_vd_이사모음_sj1_26.01.29,aos_vd_all_이사(전기장판)3_hn1_26.01.29,0.0,0.0,0.0,1.0,,,0.0,0.0
facebook.business,iOS(Web2App)_논타겟_판매_26.02.03,ios(Web2App)_purchase_all_vd_잘들어(천안)_hn1_26.04.10,ios_vd_all_잘들어(천안/워킹맘)2_hn1_26.04.09,0.0,0.0,9.0,2.0,,0.0,0.0,0.0
facebook.business,AOS_논타겟_앱홍보(구매)_26.01.28,"aos_purschase_천안,아산_vd_PA고효율소재모음_nk1_26.02.13",aos_vd_all_오순의집2_hn1_26.02.14,0.0,0.0,0.0,1.0,,,0.0,0.0
facebook.business,iOS(Web2App)_논타겟_판매_26.02.03,ios(Web2App)_purchase_all_vd_잘들어(천안)_hn1_26.04.10,ios_vd_all_잘들어(천안/맞벌이)3_hn1_26.04.09,0.0,0.0,12.0,2.0,,0.0,0.0,0.0
facebook.business,AOS(Web2App)_논타겟_판매_26.02.03,aos(Web2App)_purchase_lookalike(7%)_vd_신주목(대형폐기물)_mk1_26.04.03 - 사본,aos_vd_all_신주목세종대전청주50(침구)3_mk1_26.04.03,0.0,0.0,4.0,1.0,,0.0,0.0,0.0
facebook.business,AOS(Web2App)_논타겟_판매_26.02.03,aos(Web2App)_purchase_lookalike(7%)_vd_부럽다/천안100(음식물)_nk1_26.03.18,aos_vd_all_부럽다천안100(치킨뼈)2_nk1_26.03.18,0.0,0.0,0.0,1.0,,,0.0,0.0
facebook.business,AOS(Web2App)_논타겟_판매_26.02.03,aos(Web2App)_purchase_lookalike(7%)_vd_부럽다/천안100(음식물)_nk1_26.03.18,aos_vd_all_대형폐기물(냉장고)2_mk1_26.03.06,0.0,0.0,80.0,3.0,,0.0,0.0,0.0
facebook.business,iOS_논타겟_앱홍보(구매)_26.04.12,ios_purchase_all_vd_하던나(폐기물)_cr1_26.04.12,aos_vd_all_하던나(조명)1_cr1_26.04.12,0.0,0.0,0.0,1.0,,,0.0,0.0
facebook.business,iOS_논타겟_앱홍보(구매)_26.04.12,ios_purchase_all_vd_하던나(음식물)_cr1_26.04.12,aos_vd_all_하던나(식용유)3_cr1_26.04.12,0.0,0.0,0.0,1.0,,,0.0,0.0
facebook.business,iOS(Web2App)_논타겟_판매_26.02.03,ios(Web2App)_purchase_lookalike(7%)_vd_신부럽다2500(음식물)_nk1_26.04.03 - 사본,ios_vd_all_신부럽다2.5(냉동식품)3_nk1_26.04.03,0.0,0.0,56.0,9.0,,0.0,0.0,0.0
facebook.business,AOS_논타겟_앱홍보(구매)_25.01.23,aos_purchase_all_vd_써야이유(냉장고1)_25.03.12,aos_vd_써야이유(껍질)3_25.03.12,0.0,0.0,0.0,1.0,,,0.0,0.0
facebook.business,AOS(Web2App)_논타겟_판매_26.02.03,aos(Web2App)_purchase_lookalike(7%)_vd_신주목(대형폐기물)_mk1_26.04.03 - 사본 - 사본,aos_vd_all_신주목세종대전청주100(대형가구)1_mk1_26.04.03,0.0,0.0,17.0,1.0,,0.0,0.0,0.0
facebook.business,AOS_리타겟_구매_24.11.05,aos_purchase_re_vd_고효율소재모음(1)_25.07.23,aos_vd_990원(특가)1_25.07.23,0.0,0.0,0.0,1.0,,,0.0,0.0
facebook.business,AOS(Web2App)_논타겟_판매_26.02.03,aos(Web2App)_purchase_lookalike(7%)_vd_신부럽다/2500(음식물)_nk1_26.04.03,aos_vd_all_신부럽다2.5(김치통)1_nk1_26.04.03,0.0,0.0,7.0,1.0,,0.0,0.0,0.0
facebook.business,AOS(Web2App)_논타겟_판매_26.02.03,aos(Web2App)_purchase_lookalike(7%)_vd_신주목(대형폐기물)_mk1_26.04.03 - 사본,aos_vd_all_신주목세종대전청주50(대형가구)1_mk1_26.04.03,0.0,0.0,11.0,1.0,,0.0,0.0,0.0
facebook.business,AOS(Web2App)_논타겟_판매_26.02.03,aos(Web2App)_purchase_lookalike(7%)_vd_잘들어(천안)_hn1_26.04.09,aos_vd_all_잘들어(천안/직장인)1_hn1_26.04.09,0.0,0.0,4.0,1.0,,0.0,0.0,0.0
facebook.business,AOS_논타겟_앱홍보(구매)_25.01.23,aos_purchase_all_vd_써야이유(냉장고2)_25.03.12,aos_vd_써야이유(치킨분리)5_25.03.12,0.0,0.0,0.0,2.0,,,0.0,0.0
facebook.business,AOS_논타겟_앱홍보(구매)_25.01.23,aos_purchase_all_vd_인플루언서PA(1)_hn1_25.11.26,aos_vd_all_오순의집2_hn1_25.11.26,0.0,0.0,0.0,1.0,,,0.0,0.0
facebook.business,AOS_논타겟_앱홍보(구매)_26.01.28,aos_purchase_lookalike(7%)_vd_인플루언서PA(2월)_hn1_26.02.23,aos_vd_all_데일리리본(2월)3_hn1_26.02.23,0.0,0.0,0.0,1.0,,,0.0,0.0
facebook.business,iOS(Web2App)_논타겟_판매_26.02.03,ios(Web2App)_purchase_lookalike(7%)_vd_부럽다/아산100(음식물)_nk1_26.03.18,ios_vd_lookalike_화해했어요(냉동식품)3_nk1_26.03.10,0.0,0.0,8.0,1.0,,0.0,0.0,0.0
facebook.business,iOS(Web2App)_논타겟_판매_26.02.03,ios(Web2App)_purchase_lookalike(7%)_vd_신주목(대형폐기물)_mk1_26.04.03 - 사본,ios_vd_all_신주목50(침구)3_mk1_26.04.03,0.0,0.0,24.0,3.0,,0.0,0.0,0.0
facebook.business,AOS_유사타겟_회원가입_26.01.28,aos_registration_lookalike(7%)_vd_인플루언서PA(4)_sj1_26.01.29,aos_vd_all_조사마_1월14_hn1_26.01.29,0.0,0.0,0.0,1.0,,,0.0,0.0
facebook.business,iOS(Web2App)_논타겟_판매_26.02.03,ios(Web2App)_purchase_all_vd_PA(친구초대)_3월(1)_hn1_26.03.26 - 사본,ios_vd_all_채다경(3월)3_hn1_26.03.26,0.0,0.0,25.0,1.0,,0.0,0.0,0.0
facebook.business,iOS_논타겟_앱홍보(구매)_26.04.12,ios_purchase_all_vd_팀장님(대형폐기물)_hn1_26.04.14,aos_vd_all_팀장님(이사)2_hn1_26.04.14,0.0,0.0,0.0,1.0,,,0.0,0.0
facebook.business,iOS(Web2App)_논타겟_판매_26.02.03,ios(Web2App)_purchase_all_vd_잘들어(천안)_hn1_26.04.10,ios_vd_all_주목천안50(가구)1_mk1_26.03.18,0.0,0.0,2.0,1.0,,0.0,0.0,0.0
facebook.business,AOS(Web2App)_논타겟_판매_26.02.03,aos(Web2App)_purchase_all_vd_PA(친구초대)_3월_hn1_26.03.26,aos_vd_all_주도연(3월)4_hn1_26.03.26,0.0,0.0,157.0,4.0,,0.0,0.0,0.0
