鬠ｿregion_1_depth_name,region_2_depth_name,h_name,h_code,days,active_flag
魹ｽ魹ｽ箏ｵ,魹ｽ魹ｽ魹ｽ魹ｽ 魹ｽ魹ｽ魹ｽ邀ｸ,魹ｽﾉｰ豨ｿ,4128161000,"[1,1,1,1,1,1,1]",true
魹ｽ魹ｽ箏ｵ,魹ｽ魹ｽ魹ｽ魹ｽ 魹ｽ魹ｽ魹ｽ邀ｸ,魹ｽ魹ｽ魹ｽ魹ｽ魹ｽ,4128167000,"[1,1,1,1,1,1,1]",true
魹ｽ魹ｽ箏ｵ,魹ｽ魹ｽ魹ｽ魹ｽ 魹ｽ魹ｽ魹ｽ邀ｸ,魹ｽ魹ｽ魹ｽ1魹ｽ魹ｽ,4128157600,"[1,1,1,1,1,1,1]",true
魹ｽ魹ｽ箏ｵ,魹ｽ魹ｽ魹ｽ魹ｽ 魹ｽ魹ｽ魹ｽ邀ｸ,魹ｽ魹ｽ魹ｽ2魹ｽ魹ｽ,4128157700,"[1,1,1,1,1,1,1]",true
魹ｽ魹ｽ箏ｵ,魹ｽ魹ｽ魹ｽ魹ｽ 魹ｽ魹ｽ魹ｽ邀ｸ,魹ｽ魹ｽ魹ｽ魹ｽ1魹ｽ魹ｽ,4128154000,"[1,1,1,1,1,1,1]",true
魹ｽ魹ｽ箏ｵ,魹ｽ魹ｽ魹ｽ魹ｽ 魹ｽ魹ｽ魹ｽ邀ｸ,魹ｽ魹ｽ魹ｽ魹ｽ2魹ｽ魹ｽ,4128155000,"[1,1,1,1,1,1,1]",true
魹ｽ魹ｽ箏ｵ,魹ｽ魹ｽ魹ｽ魹ｽ 魹ｽ魹ｽ魹ｽ邀ｸ,魹ｽ魹ｽ魹ｽﾅｵ魹ｽ,4128152000,"[1,1,1,1,1,1,1]",true
魹ｽ魹ｽ箏ｵ,魹ｽ魹ｽ魹ｽ魹ｽ 魹ｽ魹ｽ魹ｽ邀ｸ,魹ｽﾖｱ魹ｽ魹ｽ魹ｽ,4128151000,"[1,1,1,1,1,1,1]",true
魹ｽ魹ｽ箏ｵ,魹ｽ魹ｽ魹ｽ魹ｽ 魹ｽ魹ｽ魹ｽ邀ｸ,ﾃ｢魹ｽ魹ｽ魹ｽ魹ｽ,4128158000,"[1,1,1,1,1,1,1]",true
魹ｽ魹ｽ箏ｵ,魹ｽ魹ｽ魹ｽ魹ｽ 魹ｽ魹ｽ魹ｽ邀ｸ,魹ｽ魹ｽ魹ｽ1魹ｽ魹ｽ,4128164000,"[1,1,1,1,1,1,1]",true
魹ｽ魹ｽ箏ｵ,魹ｽ魹ｽ魹ｽ魹ｽ 魹ｽ魹ｽ魹ｽ邀ｸ,魹ｽ魹ｽ魹ｽ2魹ｽ魹ｽ,4128165000,"[1,1,1,1,1,1,1]",true
魹ｽ魹ｽ箏ｵ,魹ｽ魹ｽ魹ｽ魹ｽ 魹ｽ魹ｽ魹ｽ邀ｸ,魹ｽ魹ｽ魹ｽ3魹ｽ魹ｽ,4128165500,"[1,1,1,1,1,1,1]",true
魹ｽ魹ｽ箏ｵ,魹ｽ魹ｽ魹ｽ魹ｽ 魹ｽ魹ｽ魹ｽ邀ｸ,魹ｽ魹ｽ魹ｽ4魹ｽ魹ｽ,4128165600,"[1,1,1,1,1,1,1]",true
魹ｽ魹ｽ箏ｵ,魹ｽ魹ｽ魹ｽ魹ｽ 魹ｽ魹ｽ魹ｽ邀ｸ,魹ｽ魹ｽ魹ｽﾖｵ魹ｽ,4128163000,"[1,1,1,1,1,1,1]",true
魹ｽ魹ｽ箏ｵ,魹ｽ魹ｽ魹ｽ魹ｽ 魹ｽ魹ｽ魹ｽ邀ｸ,ﾈｭ魹ｽ魹ｽ魹ｽ魹ｽ,4128166000,"[1,1,1,1,1,1,1]",true
魹ｽ魹ｽ箏ｵ,魹ｽ魹ｽ魹ｽ魹ｽ 魹ｽ魹ｽ魹ｽ邀ｸ,ﾈｭ魹ｽ魹ｽ1魹ｽ魹ｽ,4128162100,"[1,1,1,1,1,1,1]",true
魹ｽ魹ｽ箏ｵ,魹ｽ魹ｽ魹ｽ魹ｽ 魹ｽ魹ｽ魹ｽ邀ｸ,ﾈｭ魹ｽ魹ｽ2魹ｽ魹ｽ,4128162200,"[1,1,1,1,1,1,1]",true
魹ｽ魹ｽ箏ｵ,魹ｽ魹ｽ魹ｽ魹ｽ 魹ｽ魹ｽ魹ｽ邀ｸ,魹ｽ髃ｵ魹ｽ魹ｽ,4128153000,"[1,1,1,1,1,1,1]",true
魹ｽ魹ｽ箏ｵ,魹ｽ魹ｽ魹ｽ魹ｽ 魹ｽﾏｻ弶ｿ魹ｽ魹ｽ,魹ｽ魹ｽ魹ｽ魹ｽ1魹ｽ魹ｽ,4128556000,"[1,1,1,1,1,1,1]",true
魹ｽ魹ｽ箏ｵ,魹ｽ魹ｽ魹ｽ魹ｽ 魹ｽﾏｻ弶ｿ魹ｽ魹ｽ,魹ｽ魹ｽ魹ｽ魹ｽ2魹ｽ魹ｽ,4128557000,"[1,1,1,1,1,1,1]",true
魹ｽ魹ｽ箏ｵ,魹ｽ魹ｽ魹ｽ魹ｽ 魹ｽﾏｻ弶ｿ魹ｽ魹ｽ,魹ｽ鮠ｮ1魹ｽ魹ｽ,4128555100,"[1,1,1,1,1,1,1]",true
魹ｽ魹ｽ箏ｵ,魹ｽ魹ｽ魹ｽ魹ｽ 魹ｽﾏｻ弶ｿ魹ｽ魹ｽ,魹ｽ鮠ｮ2魹ｽ魹ｽ,4128555200,"[1,1,1,1,1,1,1]",true
魹ｽ魹ｽ箏ｵ,魹ｽ魹ｽ魹ｽ魹ｽ 魹ｽﾏｻ弶ｿ魹ｽ魹ｽ,魹ｽﾄｻ邨ｿ,4128551000,"[1,1,1,1,1,1,1]",true
魹ｽ魹ｽ箏ｵ,魹ｽ魹ｽ魹ｽ魹ｽ 魹ｽﾏｻ弶ｿ魹ｽ魹ｽ,魹ｽ魹ｽ魹ｽ魹ｽ1魹ｽ魹ｽ,4128558000,"[1,1,1,1,1,1,1]",true
魹ｽ魹ｽ箏ｵ,魹ｽ魹ｽ魹ｽ魹ｽ 魹ｽﾏｻ弶ｿ魹ｽ魹ｽ,魹ｽ魹ｽ魹ｽ魹ｽ2魹ｽ魹ｽ,4128559000,"[1,1,1,1,1,1,1]",true
魹ｽ魹ｽ箏ｵ,魹ｽ魹ｽ魹ｽ魹ｽ 魹ｽﾏｻ弶ｿ魹ｽ魹ｽ,魹ｽ魹ｽ魹ｽﾟｻ弶ｿ,4128553000,"[1,1,1,1,1,1,1]",true
魹ｽ魹ｽ箏ｵ,魹ｽ魹ｽ魹ｽ魹ｽ 魹ｽﾏｻ弶ｿ魹ｽ魹ｽ,魹ｽﾟｻ魹ｽ1魹ｽ魹ｽ,4128552500,"[1,1,1,1,1,1,1]",true
魹ｽ魹ｽ箏ｵ,魹ｽ魹ｽ魹ｽ魹ｽ 魹ｽﾏｻ弶ｿ魹ｽ魹ｽ,魹ｽﾟｻ魹ｽ2魹ｽ魹ｽ,4128552600,"[1,1,1,1,1,1,1]",true
魹ｽ魹ｽ箏ｵ,魹ｽ魹ｽ魹ｽ魹ｽ 魹ｽﾏｻ弶ｿ魹ｽ魹ｽ,ﾇｳ魹ｽ弶ｿ,4128554000,"[1,1,1,1,1,1,1]",true
魹ｽ魹ｽ箏ｵ,魹ｽ魹ｽ魹ｽ魹ｽ 魹ｽﾏｻ彧ｭ魹ｽ魹ｽ,魹ｽ魹ｽﾈｭ魹ｽ魹ｽ,4128757000,"[1,1,1,1,1,1,1]",true
魹ｽ魹ｽ箏ｵ,魹ｽ魹ｽ魹ｽ魹ｽ 魹ｽﾏｻ彧ｭ魹ｽ魹ｽ,魹ｽ魹ｽ魹ｽﾌｵ魹ｽ,4128760000,"[1,1,1,1,1,1,1]",true
魹ｽ魹ｽ箏ｵ,魹ｽ魹ｽ魹ｽ魹ｽ 魹ｽﾏｻ彧ｭ魹ｽ魹ｽ,魹ｽ魹ｽ魹ｽ魹ｽ魹ｽ魹ｽ,4128758000,"[1,1,1,1,1,1,1]",true
魹ｽ魹ｽ箏ｵ,魹ｽ魹ｽ魹ｽ魹ｽ 魹ｽﾏｻ彧ｭ魹ｽ魹ｽ,魹ｽﾏｻ魹ｽ1魹ｽ魹ｽ,4128751000,"[1,1,1,1,1,1,1]",true
魹ｽ魹ｽ箏ｵ,魹ｽ魹ｽ魹ｽ魹ｽ 魹ｽﾏｻ彧ｭ魹ｽ魹ｽ,魹ｽﾏｻ魹ｽ2魹ｽ魹ｽ,4128752000,"[1,1,1,1,1,1,1]",true
魹ｽ魹ｽ箏ｵ,魹ｽ魹ｽ魹ｽ魹ｽ 魹ｽﾏｻ彧ｭ魹ｽ魹ｽ,魹ｽﾏｻ魹ｽ3魹ｽ魹ｽ,4128753000,"[1,1,1,1,1,1,1]",true
魹ｽ魹ｽ箏ｵ,魹ｽ魹ｽ魹ｽ魹ｽ 魹ｽﾏｻ彧ｭ魹ｽ魹ｽ,魹ｽﾖｿ魹ｽ1魹ｽ魹ｽ,4128755000,"[1,1,1,1,1,1,1]",true
魹ｽ魹ｽ箏ｵ,魹ｽ魹ｽ魹ｽ魹ｽ 魹ｽﾏｻ彧ｭ魹ｽ魹ｽ,魹ｽﾖｿ魹ｽ2魹ｽ魹ｽ,4128756000,"[1,1,1,1,1,1,1]",true
魹ｽ魹ｽ箏ｵ,魹ｽ魹ｽ魹ｽ魹ｽ 魹ｽﾏｻ彧ｭ魹ｽ魹ｽ,ﾅｺ魹ｽ魹ｽ1魹ｽ魹ｽ,4128754500,"[1,1,1,1,1,1,1]",true
魹ｽ魹ｽ箏ｵ,魹ｽ魹ｽ魹ｽ魹ｽ 魹ｽﾏｻ彧ｭ魹ｽ魹ｽ,ﾅｺ魹ｽ魹ｽ2魹ｽ魹ｽ,4128754600,"[1,1,1,1,1,1,1]",true
魹ｽ魹ｽ箏ｵ,魹ｽ魹ｽﾃｵ魹ｽ魹ｽ,魹ｽ魹ｽ魹ｽ魹ｽ魹ｽ魹ｽ,4129052000,"[1,1,1,1,1,1,1]",true
魹ｽ魹ｽ箏ｵ,魹ｽ魹ｽﾃｵ魹ｽ魹ｽ,魹ｽ魹ｽﾃｵ魹ｽ魹ｽ,4129055000,"[1,1,1,1,1,1,1]",true
魹ｽ魹ｽ箏ｵ,魹ｽ魹ｽﾃｵ魹ｽ魹ｽ,魹ｽ魹ｽ魹ｽ魹ｽ魹ｽ魹ｽ,4129056000,"[1,1,1,1,1,1,1]",true
魹ｽ魹ｽ箏ｵ,魹ｽ魹ｽﾃｵ魹ｽ魹ｽ,魹ｽ魹ｽ魹ｽ邨ｿ,4129053000,"[1,1,1,1,1,1,1]",true
魹ｽ魹ｽ箏ｵ,魹ｽ魹ｽﾃｵ魹ｽ魹ｽ,魹ｽﾎｸ魹ｽ魹ｽ魹ｽ,4129054000,"[1,1,1,1,1,1,1]",true
魹ｽ魹ｽ箏ｵ,魹ｽ魹ｽﾃｵ魹ｽ魹ｽ,魹ｽ魹ｽ魹ｽ魹ｽ魹ｽ魹ｽ,4129051500,"[1,1,1,1,1,1,1]",true
魹ｽ魹ｽ箏ｵ,魹ｽ魹ｽﾃｵ魹ｽ魹ｽ,魹ｽﾟｾﾓｵ魹ｽ,4129051000,"[1,1,1,1,1,1,1]",true
魹ｽ魹ｽ箏ｵ,魹ｽ魹ｽ魹ｽ魹ｽ魹ｽ,魹ｽ魹ｽ魹ｽ魹ｽ1魹ｽ魹ｽ,4121051000,"[1,1,1,1,1,1,1]",true
魹ｽ魹ｽ箏ｵ,魹ｽ魹ｽ魹ｽ魹ｽ魹ｽ,魹ｽ魹ｽ魹ｽ魹ｽ2魹ｽ魹ｽ,4121052000,"[1,1,1,1,1,1,1]",true
魹ｽ魹ｽ箏ｵ,魹ｽ魹ｽ魹ｽ魹ｽ魹ｽ,魹ｽ魹ｽ魹ｽ魹ｽ3魹ｽ魹ｽ,4121054000,"[1,1,1,1,1,1,1]",true
魹ｽ魹ｽ箏ｵ,魹ｽ魹ｽ魹ｽ魹ｽ魹ｽ,魹ｽ魹ｽ魹ｽ魹ｽ4魹ｽ魹ｽ,4121055000,"[1,1,1,1,1,1,1]",true
魹ｽ魹ｽ箏ｵ,魹ｽ魹ｽ魹ｽ魹ｽ魹ｽ,魹ｽ魹ｽ魹ｽ魹ｽ5魹ｽ魹ｽ,4121056000,"[1,1,1,1,1,1,1]",true
魹ｽ魹ｽ箏ｵ,魹ｽ魹ｽ魹ｽ魹ｽ魹ｽ,魹ｽ魹ｽ魹ｽ魹ｽ6魹ｽ魹ｽ,4121057000,"[1,1,1,1,1,1,1]",true
魹ｽ魹ｽ箏ｵ,魹ｽ魹ｽ魹ｽ魹ｽ魹ｽ,魹ｽ魹ｽ魹ｽ魹ｽ7魹ｽ魹ｽ,4121058000,"[1,1,1,1,1,1,1]",true
魹ｽ魹ｽ箏ｵ,魹ｽ魹ｽ魹ｽ魹ｽ魹ｽ,魹ｽ魹ｽ魹ｽ魹ｽ1魹ｽ魹ｽ,4121064000,"[1,1,1,1,1,1,1]",true
魹ｽ魹ｽ箏ｵ,魹ｽ魹ｽ魹ｽ魹ｽ魹ｽ,魹ｽ魹ｽ魹ｽ魹ｽ2魹ｽ魹ｽ,4121065000,"[1,1,1,1,1,1,1]",true
魹ｽ魹ｽ箏ｵ,魹ｽ魹ｽ魹ｽ魹ｽ魹ｽ,魹ｽ魹ｽ魹ｽ魹ｽ魹ｽ魹ｽ,4121065500,"[1,1,1,1,1,1,1]",true
魹ｽ魹ｽ箏ｵ,魹ｽ魹ｽ魹ｽ魹ｽ魹ｽ,ﾃｶ魹ｽ魹ｽ1魹ｽ魹ｽ,4121059000,"[1,1,1,1,1,1,1]",true
魹ｽ魹ｽ箏ｵ,魹ｽ魹ｽ魹ｽ魹ｽ魹ｽ,ﾃｶ魹ｽ魹ｽ2魹ｽ魹ｽ,4121060000,"[1,1,1,1,1,1,1]",true
魹ｽ魹ｽ箏ｵ,魹ｽ魹ｽ魹ｽ魹ｽ魹ｽ,ﾃｶ魹ｽ魹ｽ3魹ｽ魹ｽ,4121061000,"[1,1,1,1,1,1,1]",true
魹ｽ魹ｽ箏ｵ,魹ｽ魹ｽ魹ｽ魹ｽ魹ｽ,ﾃｶ魹ｽ魹ｽ4魹ｽ魹ｽ,4121062000,"[1,1,1,1,1,1,1]",true
魹ｽ魹ｽ箏ｵ,魹ｽ魹ｽ魹ｽ魹ｽ魹ｽ,魹ｽﾏｾ魹ｽ1魹ｽ魹ｽ,4121063100,"[1,1,1,1,1,1,1]",true
魹ｽ魹ｽ箏ｵ,魹ｽ魹ｽ魹ｽ魹ｽ魹ｽ,魹ｽﾏｾ魹ｽ2魹ｽ魹ｽ,4121063200,"[1,1,1,1,1,1,1]",true
魹ｽ魹ｽ箏ｵ,魹ｽ魹ｽ魹ｽ魹ｽ魹ｽ,魹ｽﾏｾ魹ｽ3魹ｽ魹ｽ,4121063300,"[1,1,1,1,1,1,1]",true
魹ｽ魹ｽ箏ｵ,魹ｽ魹ｽ魹ｽ魹ｽ魹ｽ,魹ｽﾏｾ魹ｽ4魹ｽ魹ｽ,4121063400,"[1,1,1,1,1,1,1]",true
魹ｽ魹ｽ箏ｵ,魹ｽ魹ｽ魹ｽ魹ｽ魹ｽ,魹ｽﾐｿﾂｵ魹ｽ,4121066000,"[1,1,1,1,1,1,1]",true
魹ｽ魹ｽ箏ｵ,魹ｽ魹ｽ魹ｽﾖｽ魹ｽ,魹ｽ魹ｽﾈｵ魹ｽ,4161051000,"[0,1,0,1,0,1,1]",true
魹ｽ魹ｽ箏ｵ,魹ｽ魹ｽ魹ｽﾖｽ魹ｽ,魹ｽ魹ｽ魹ｽ魹ｽ1魹ｽ魹ｽ,4161056000,"[0,1,0,1,0,1,1]",true
魹ｽ魹ｽ箏ｵ,魹ｽ魹ｽ魹ｽﾖｽ魹ｽ,魹ｽ魹ｽ魹ｽ魹ｽ2魹ｽ魹ｽ,4161057000,"[0,1,0,1,0,1,1]",true
魹ｽ魹ｽ箏ｵ,魹ｽ魹ｽ魹ｽﾖｽ魹ｽ,魹ｽ魹ｽ魹ｽ魹ｽ,4161061000,"[0,1,0,1,0,1,1]",true
魹ｽ魹ｽ箏ｵ,魹ｽ魹ｽ魹ｽﾖｽ魹ｽ,魹ｽ魹ｽ魹ｽ魹ｽ魹ｽ魹ｽ,4161052000,"[0,1,0,1,0,1,1]",true
魹ｽ魹ｽ箏ｵ,魹ｽ魹ｽ魹ｽﾖｽ魹ｽ,魹ｽ魹ｽ魹ｽ魹ｽ魹ｽ魹ｽ,4161060000,"[0,1,0,1,0,1,1]",true
魹ｽ魹ｽ箏ｵ,魹ｽ魹ｽ魹ｽﾖｽ魹ｽ,魹ｽﾖｷﾉｵ魹ｽ,4161054000,"[0,1,0,1,0,1,1]",true
魹ｽ魹ｽ箏ｵ,魹ｽ魹ｽ魹ｽﾖｽ魹ｽ,魹ｽ魹ｽ魹ｽ魹ｽ1魹ｽ魹ｽ,4161058000,"[0,1,0,1,0,1,1]",true
魹ｽ魹ｽ箏ｵ,魹ｽ魹ｽ魹ｽﾖｽ魹ｽ,魹ｽ魹ｽ魹ｽ魹ｽ2魹ｽ魹ｽ,4161059000,"[0,1,0,1,0,1,1]",true
魹ｽ魹ｽ箏ｵ,魹ｽ魹ｽ魹ｽﾖｽ魹ｽ,ﾅｺ魹ｽ魹ｽ魹ｽ魹ｽ,4161055000,"[0,1,0,1,0,1,1]",true
魹ｽ魹ｽ箏ｵ,魹ｽ魹ｽ魹ｽ魹ｽ魹ｽ魹ｽ,魹ｽ魹ｽ魹ｽﾅｵ魹ｽ,4131051000,"[1,1,1,1,1,1,1]",true
魹ｽ魹ｽ箏ｵ,魹ｽ魹ｽ魹ｽ魹ｽ魹ｽ魹ｽ,魹ｽ魹ｽ魹ｽ魹ｽ1魹ｽ魹ｽ,4131054100,"[1,1,1,1,1,1,1]",true
魹ｽ魹ｽ箏ｵ,魹ｽ魹ｽ魹ｽ魹ｽ魹ｽ魹ｽ,魹ｽ魹ｽ魹ｽ魹ｽ2魹ｽ魹ｽ,4131054200,"[1,1,1,1,1,1,1]",true
魹ｽ魹ｽ箏ｵ,魹ｽ魹ｽ魹ｽ魹ｽ魹ｽ魹ｽ,魹ｽ魹ｽ魹ｽ魹ｽ魹ｽ魹ｽ,4131052000,"[1,1,1,1,1,1,1]",true
魹ｽ魹ｽ箏ｵ,魹ｽ魹ｽ魹ｽ魹ｽ魹ｽ魹ｽ,魹ｽ魹ｽ魹ｽ魹ｽ1魹ｽ魹ｽ,4131057000,"[1,1,1,1,1,1,1]",true
魹ｽ魹ｽ箏ｵ,魹ｽ魹ｽ魹ｽ魹ｽ魹ｽ魹ｽ,魹ｽ魹ｽ魹ｽ魹ｽ2魹ｽ魹ｽ,4131058000,"[1,1,1,1,1,1,1]",true
魹ｽ魹ｽ箏ｵ,魹ｽ魹ｽ魹ｽ魹ｽ魹ｽ魹ｽ,魹ｽ魹ｽ魹ｽ魹ｽ3魹ｽ魹ｽ,4131059000,"[1,1,1,1,1,1,1]",true
魹ｽ魹ｽ箏ｵ,魹ｽ魹ｽ魹ｽ魹ｽ魹ｽ魹ｽ,魹ｽ魹ｽﾃ｢魹ｽ魹ｽ,4131053000,"[1,1,1,1,1,1,1]",true
魹ｽ魹ｽ箏ｵ,魹ｽ魹ｽ魹ｽ魹ｽ魹ｽ魹ｽ,魹ｽ魹ｽ魹ｽ魹ｽ魹ｽ魹ｽ,4141062000,"[1,1,1,1,1,1,1]",true
魹ｽ魹ｽ箏ｵ,魹ｽ魹ｽ魹ｽ魹ｽ魹ｽ魹ｽ,魹ｽ魹ｽ魹ｽ魹ｽ1魹ｽ魹ｽ,4141051000,"[1,1,1,1,1,1,1]",true
魹ｽ魹ｽ箏ｵ,魹ｽ魹ｽ魹ｽ魹ｽ魹ｽ魹ｽ,魹ｽ魹ｽ魹ｽ魹ｽ2魹ｽ魹ｽ,4141052000,"[1,1,1,1,1,1,1]",true
魹ｽ魹ｽ箏ｵ,魹ｽ魹ｽ魹ｽ魹ｽ魹ｽ魹ｽ,魹ｽﾃｳ魹ｽ魹ｽ魹ｽ,4141060000,"[1,1,1,1,1,1,1]",true
魹ｽ魹ｽ箏ｵ,魹ｽ魹ｽ魹ｽ魹ｽ魹ｽ魹ｽ,魹ｽ魹ｽ魹ｽ魹ｽ魹ｽ魹ｽ,4141056000,"[1,1,1,1,1,1,1]",true
魹ｽ魹ｽ箏ｵ,魹ｽ魹ｽ魹ｽ魹ｽ魹ｽ魹ｽ,魹ｽ魹ｽﾟｵ魹ｽ,4141061000,"[1,1,1,1,1,1,1]",true
魹ｽ魹ｽ箏ｵ,魹ｽ魹ｽ魹ｽ魹ｽ魹ｽ魹ｽ,魹ｽ彘ｻ1魹ｽ魹ｽ,4141054000,"[1,1,1,1,1,1,1]",true
魹ｽ魹ｽ箏ｵ,魹ｽ魹ｽ魹ｽ魹ｽ魹ｽ魹ｽ,魹ｽ彘ｻ2魹ｽ魹ｽ,4141055000,"[1,1,1,1,1,1,1]",true
魹ｽ魹ｽ箏ｵ,魹ｽ魹ｽ魹ｽ魹ｽ魹ｽ魹ｽ,魹ｽﾛｺﾎｵ魹ｽ,4141063000,"[1,1,1,1,1,1,1]",true
魹ｽ魹ｽ箏ｵ,魹ｽ魹ｽ魹ｽ魹ｽ魹ｽ魹ｽ,魹ｽ魹ｽ魹ｽ魹ｽ魹ｽ魹ｽ,4141059000,"[1,1,1,1,1,1,1]",true
魹ｽ魹ｽ箏ｵ,魹ｽ魹ｽ魹ｽ魹ｽ魹ｽ魹ｽ,魹ｽ魹ｽ魹ｽﾝｵ魹ｽ,4141058000,"[1,1,1,1,1,1,1]",true
魹ｽ魹ｽ箏ｵ,魹ｽ魹ｽ魹ｽ魹ｽ魹ｽ魹ｽ,魹ｽ魹ｽﾃｵ魹ｽ,4141057000,"[1,1,1,1,1,1,1]",true
魹ｽ魹ｽ箏ｵ,魹ｽ魹ｽ魹ｽ魹ｽ魹ｽ魹ｽ,魹ｽ魹ｽ魹ｽ魹ｽ魹ｽ魹ｽ,4157025300,"[1,1,1,1,1,1,1]",true
魹ｽ魹ｽ箏ｵ,魹ｽ魹ｽ魹ｽ魹ｽ魹ｽ魹ｽ,魹ｽ魹ｽ魹ｽ魹ｽ魹ｽ魹ｽ,4157057000,"[1,1,1,1,1,1,1]",true
魹ｽ魹ｽ箏ｵ,魹ｽ魹ｽ魹ｽ魹ｽ魹ｽ魹ｽ,魹ｽ魹ｽ魹ｽ魹ｽ魹ｽ魹ｽ魹ｽ魹ｽ,4157051500,"[1,1,1,1,1,1,1]",true
魹ｽ魹ｽ箏ｵ,魹ｽ魹ｽ魹ｽ魹ｽ魹ｽ魹ｽ,魹ｽ魹ｽ魹ｽ弶ｿ,4157057500,"[1,1,1,1,1,1,1]",true
魹ｽ魹ｽ箏ｵ,魹ｽ魹ｽ魹ｽ魹ｽ魹ｽ魹ｽ,魹ｽ魹ｽ璇ｿ,4157054000,"[1,1,1,1,1,1,1]",true
魹ｽ魹ｽ箏ｵ,魹ｽ魹ｽ魹ｽ魹ｽ魹ｽ魹ｽ,魹ｽ魹ｽ魹ｽ魹ｽ魹ｽ魹ｽ,4157025600,"[1,1,1,1,1,1,1]",true
魹ｽ魹ｽ箏ｵ,魹ｽ魹ｽ魹ｽ魹ｽ魹ｽ魹ｽ,魹ｽ魹ｽ邨ｿ,4157058000,"[1,1,1,1,1,1,1]",true
魹ｽ魹ｽ箏ｵ,魹ｽ魹ｽ魹ｽ魹ｽ魹ｽ魹ｽ,魹ｽ魹ｽ箏ｿ,4157056000,"[1,1,1,1,1,1,1]",true
魹ｽ魹ｽ箏ｵ,魹ｽ魹ｽ魹ｽ魹ｽ魹ｽ魹ｽ,魹ｽ魹ｽ篌ｻ魹ｽ魹ｽ,4157052500,"[1,1,1,1,1,1,1]",true
魹ｽ魹ｽ箏ｵ,魹ｽ魹ｽ魹ｽ魹ｽ魹ｽ魹ｽ,ﾇｳ魹ｽ魹ｽ魹ｽ魹ｽ,4157055000,"[1,1,1,1,1,1,1]",true
魹ｽ魹ｽ箏ｵ,魹ｽ魹ｽ魹ｽ魹ｽ魹ｽﾖｽ魹ｽ,魹ｽﾝｰ豨ｿ,4136053000,"[1,1,1,1,1,1,1]",true
魹ｽ魹ｽ箏ｵ,魹ｽ魹ｽ魹ｽ魹ｽ魹ｽﾖｽ魹ｽ,魹ｽﾙｻ魹ｽ1魹ｽ魹ｽ,4136054500,"[1,1,1,1,1,1,1]",true
魹ｽ魹ｽ箏ｵ,魹ｽ魹ｽ魹ｽ魹ｽ魹ｽﾖｽ魹ｽ,魹ｽﾙｻ魹ｽ2魹ｽ魹ｽ,4136056500,"[1,1,1,1,1,1,1]",true
魹ｽ魹ｽ箏ｵ,魹ｽ魹ｽ魹ｽ魹ｽ魹ｽﾖｽ魹ｽ,魹ｽ魹ｽ魹ｽ魹ｽ魹ｽ魹ｽ,4136057000,"[1,1,1,1,1,1,1]",true
魹ｽ魹ｽ箏ｵ,魹ｽ魹ｽ魹ｽ魹ｽ魹ｽﾖｽ魹ｽ,魹ｽ魹ｽ魹ｽ魹ｽ魹ｽ魹ｽ,4136026500,"[1,1,1,1,1,1,1]",true
魹ｽ魹ｽ箏ｵ,魹ｽ魹ｽ魹ｽ魹ｽ魹ｽﾖｽ魹ｽ,魹ｽ彾ｻｵ魹ｽ,4136052000,"[1,1,1,1,1,1,1]",true
魹ｽ魹ｽ箏ｵ,魹ｽ魹ｽ魹ｽ魹ｽ魹ｽﾖｽ魹ｽ,ﾈ｣魹ｽ魹ｽ,4136051000,"[1,1,1,1,1,1,1]",true
魹ｽ魹ｽ箏ｵ,魹ｽ魹ｽﾃｵ魹ｽ魹ｽ 魹ｽﾒｻ邀ｸ,魹ｽ魹ｽ魹ｽﾈｵ魹ｽ,4119457000,"[1,1,1,1,1,1,1]",true
魹ｽ魹ｽ箏ｵ,魹ｽ魹ｽﾃｵ魹ｽ魹ｽ 魹ｽﾒｻ邀ｸ,魹ｽ魹ｽ魹ｽﾚｵ魹ｽ,4119455000,"[1,1,1,1,1,1,1]",true
魹ｽ魹ｽ箏ｵ,魹ｽ魹ｽﾃｵ魹ｽ魹ｽ 魹ｽﾒｻ邀ｸ,魹ｽﾒｻ郤ｻ1魹ｽ魹ｽ,4119454000,"[1,1,1,1,1,1,1]",true
魹ｽ魹ｽ箏ｵ,魹ｽ魹ｽﾃｵ魹ｽ魹ｽ 魹ｽﾒｻ邀ｸ,魹ｽﾒｻ郤ｻ魹ｽ魹ｽ,4119453000,"[1,1,1,1,1,1,1]",true
魹ｽ魹ｽ箏ｵ,魹ｽ魹ｽﾃｵ魹ｽ魹ｽ 魹ｽﾒｻ邀ｸ,魹ｽﾛｳ魹ｽ1魹ｽ魹ｽ,4119459000,"[1,1,1,1,1,1,1]",true
魹ｽ魹ｽ箏ｵ,魹ｽ魹ｽﾃｵ魹ｽ魹ｽ 魹ｽﾒｻ邀ｸ,魹ｽﾛｳ魹ｽ2魹ｽ魹ｽ,4119460000,"[1,1,1,1,1,1,1]",true
魹ｽ魹ｽ箏ｵ,魹ｽ魹ｽﾃｵ魹ｽ魹ｽ 魹ｽﾒｻ邀ｸ,魹ｽﾉｰ賾ｻ1魹ｽ魹ｽ,4119451000,"[1,1,1,1,1,1,1]",true
魹ｽ魹ｽ箏ｵ,魹ｽ魹ｽﾃｵ魹ｽ魹ｽ 魹ｽﾒｻ邀ｸ,魹ｽﾉｰ賾ｻ魹ｽ魹ｽ,4119452000,"[1,1,1,1,1,1,1]",true
魹ｽ魹ｽ箏ｵ,魹ｽ魹ｽﾃｵ魹ｽ魹ｽ 魹ｽﾒｻ邀ｸ,魹ｽ魹ｽ魹ｽ魹ｽ3魹ｽ魹ｽ,4119458000,"[1,1,1,1,1,1,1]",true
魹ｽ魹ｽ箏ｵ,魹ｽ魹ｽﾃｵ魹ｽ魹ｽ 魹ｽﾒｻ邀ｸ,魹ｽ魹ｽ魹ｽ豬ｿ,4119456000,"[1,1,1,1,1,1,1]",true
魹ｽ魹ｽ箏ｵ,魹ｽ魹ｽﾃｵ魹ｽ魹ｽ 魹ｽ魹ｽ魹ｽ魹ｽ魹ｽ魹ｽ,魹ｽ魹ｽ魹ｽ1魹ｽ魹ｽ,4119655000,"[1,1,1,1,1,1,1]",true
魹ｽ魹ｽ箏ｵ,魹ｽ魹ｽﾃｵ魹ｽ魹ｽ 魹ｽ魹ｽ魹ｽ魹ｽ魹ｽ魹ｽ,魹ｽ魹ｽ魹ｽ魹ｽ魹ｽ魹ｽ魹ｽ,4119654000,"[1,1,1,1,1,1,1]",true
魹ｽ魹ｽ箏ｵ,魹ｽ魹ｽﾃｵ魹ｽ魹ｽ 魹ｽ魹ｽ魹ｽ魹ｽ魹ｽ魹ｽ,魹ｽ魹ｽ魹ｽ豨ｿ,4119651000,"[1,1,1,1,1,1,1]",true
魹ｽ魹ｽ箏ｵ,魹ｽ魹ｽﾃｵ魹ｽ魹ｽ 魹ｽ魹ｽ魹ｽ魹ｽ魹ｽ魹ｽ,魹ｽ魹ｽ魹ｽ髃ｿ,4119657000,"[1,1,1,1,1,1,1]",true
魹ｽ魹ｽ箏ｵ,魹ｽ魹ｽﾃｵ魹ｽ魹ｽ 魹ｽ魹ｽ魹ｽ魹ｽ魹ｽ魹ｽ,魹ｽ魹ｽ魹ｽ魹ｽ魹ｽ魹ｽ,4119656000,"[1,1,1,1,1,1,1]",true
魹ｽ魹ｽ箏ｵ,魹ｽ魹ｽﾃｵ魹ｽ魹ｽ 魹ｽ魹ｽ魹ｽ魹ｽ魹ｽ魹ｽ,魹ｽ魹ｽ魹ｽ魹ｽ1魹ｽ魹ｽ,4119652000,"[1,1,1,1,1,1,1]",true
魹ｽ魹ｽ箏ｵ,魹ｽ魹ｽﾃｵ魹ｽ魹ｽ 魹ｽ魹ｽ魹ｽ魹ｽ魹ｽ魹ｽ,魹ｽ魹ｽ魹ｽ魹ｽ2魹ｽ魹ｽ,4119653000,"[1,1,1,1,1,1,1]",true
魹ｽ魹ｽ箏ｵ,魹ｽ魹ｽﾃｵ魹ｽ魹ｽ 魹ｽ魹ｽ魹ｽﾌｱ魹ｽ,魹ｽ魹ｽ魹ｽ邨ｿ,4119260000,"[1,1,1,1,1,1,1]",true
魹ｽ魹ｽ箏ｵ,魹ｽ魹ｽﾃｵ魹ｽ魹ｽ 魹ｽ魹ｽ魹ｽﾌｱ魹ｽ,魹ｽ魹ｽ1魹ｽ魹ｽ,4119268000,"[1,1,1,1,1,1,1]",true
魹ｽ魹ｽ箏ｵ,魹ｽ魹ｽﾃｵ魹ｽ魹ｽ 魹ｽ魹ｽ魹ｽﾌｱ魹ｽ,魹ｽ魹ｽ2魹ｽ魹ｽ,4119269000,"[1,1,1,1,1,1,1]",true
魹ｽ魹ｽ箏ｵ,魹ｽ魹ｽﾃｵ魹ｽ魹ｽ 魹ｽ魹ｽ魹ｽﾌｱ魹ｽ,魹ｽ魹ｽ3魹ｽ魹ｽ,4119270000,"[1,1,1,1,1,1,1]",true
魹ｽ魹ｽ箏ｵ,魹ｽ魹ｽﾃｵ魹ｽ魹ｽ 魹ｽ魹ｽ魹ｽﾌｱ魹ｽ,魹ｽ魹ｽ,4119267000,"[1,1,1,1,1,1,1]",true
魹ｽ魹ｽ箏ｵ,魹ｽ魹ｽﾃｵ魹ｽ魹ｽ 魹ｽ魹ｽ魹ｽﾌｱ魹ｽ,魹ｽﾒｻ邨ｿ,4119256000,"[1,1,1,1,1,1,1]",true
魹ｽ魹ｽ箏ｵ,魹ｽ魹ｽﾃｵ魹ｽ魹ｽ 魹ｽ魹ｽ魹ｽﾌｱ魹ｽ,魹ｽﾉｰ魹ｽ1魹ｽ魹ｽ,4119251000,"[1,1,1,1,1,1,1]",true
魹ｽ魹ｽ箏ｵ,魹ｽ魹ｽﾃｵ魹ｽ魹ｽ 魹ｽ魹ｽ魹ｽﾌｱ魹ｽ,魹ｽﾉｰ魹ｽ2魹ｽ魹ｽ,4119252000,"[1,1,1,1,1,1,1]",true
魹ｽ魹ｽ箏ｵ,魹ｽ魹ｽﾃｵ魹ｽ魹ｽ 魹ｽ魹ｽ魹ｽﾌｱ魹ｽ,魹ｽﾉｰ魹ｽ3魹ｽ魹ｽ,4119253000,"[1,1,1,1,1,1,1]",true
魹ｽ魹ｽ箏ｵ,魹ｽ魹ｽﾃｵ魹ｽ魹ｽ 魹ｽ魹ｽ魹ｽﾌｱ魹ｽ,魹ｽ魹ｽ檥ｿ,4119261000,"[1,1,1,1,1,1,1]",true
魹ｽ魹ｽ箏ｵ,魹ｽ魹ｽﾃｵ魹ｽ魹ｽ 魹ｽ魹ｽ魹ｽﾌｱ魹ｽ,魹ｽ魹ｽ魹ｽ魹ｽ1魹ｽ魹ｽ,4119257000,"[1,1,1,1,1,1,1]",true
魹ｽ魹ｽ箏ｵ,魹ｽ魹ｽﾃｵ魹ｽ魹ｽ 魹ｽ魹ｽ魹ｽﾌｱ魹ｽ,魹ｽ魹ｽ魹ｽ魹ｽ2魹ｽ魹ｽ,4119258000,"[1,1,1,1,1,1,1]",true
魹ｽ魹ｽ箏ｵ,魹ｽ魹ｽﾃｵ魹ｽ魹ｽ 魹ｽ魹ｽ魹ｽﾌｱ魹ｽ,魹ｽ魹ｽ魹ｽ魹ｽ1魹ｽ魹ｽ,4119254000,"[1,1,1,1,1,1,1]",true
魹ｽ魹ｽ箏ｵ,魹ｽ魹ｽﾃｵ魹ｽ魹ｽ 魹ｽ魹ｽ魹ｽﾌｱ魹ｽ,魹ｽ魹ｽ魹ｽ魹ｽ2魹ｽ魹ｽ,4119255000,"[1,1,1,1,1,1,1]",true
魹ｽ魹ｽ箏ｵ,魹ｽ魹ｽﾃｵ魹ｽ魹ｽ 魹ｽ魹ｽ魹ｽﾌｱ魹ｽ,魹ｽ魹ｽ1魹ｽ魹ｽ,4119263000,"[1,1,1,1,1,1,1]",true
魹ｽ魹ｽ箏ｵ,魹ｽ魹ｽﾃｵ魹ｽ魹ｽ 魹ｽ魹ｽ魹ｽﾌｱ魹ｽ,魹ｽ魹ｽ2魹ｽ魹ｽ,4119264000,"[1,1,1,1,1,1,1]",true
魹ｽ魹ｽ箏ｵ,魹ｽ魹ｽﾃｵ魹ｽ魹ｽ 魹ｽ魹ｽ魹ｽﾌｱ魹ｽ,魹ｽ魹ｽ3魹ｽ魹ｽ,4119265000,"[1,1,1,1,1,1,1]",true
魹ｽ魹ｽ箏ｵ,魹ｽ魹ｽﾃｵ魹ｽ魹ｽ 魹ｽ魹ｽ魹ｽﾌｱ魹ｽ,魹ｽ魹ｽ4魹ｽ魹ｽ,4119266000,"[1,1,1,1,1,1,1]",true
魹ｽ魹ｽ箏ｵ,魹ｽ魹ｽﾃｵ魹ｽ魹ｽ 魹ｽ魹ｽ魹ｽﾌｱ魹ｽ,魹ｽﾟｵ魹ｽ,4119262000,"[1,1,1,1,1,1,1]",true
魹ｽ魹ｽ箏ｵ,魹ｽ魹ｽﾃｵ魹ｽ魹ｽ 魹ｽ魹ｽ魹ｽﾌｱ魹ｽ,魹ｽ魹ｽ魹ｽﾇｵ魹ｽ,4119259000,"[1,1,1,1,1,1,1]",true
魹ｽ魹ｽ箏ｵ,魹ｽ魹ｽ魹ｽ魹ｽ魹ｽ魹ｽ 魹ｽﾐｴ邀ｸ,魹ｽ魹ｽ魹ｽ魹ｽ1魹ｽ魹ｽ,4113566500,"[1,1,1,1,1,1,1]",true
魹ｽ魹ｽ箏ｵ,魹ｽ魹ｽ魹ｽ魹ｽ魹ｽ魹ｽ 魹ｽﾐｴ邀ｸ,魹ｽ魹ｽ魹ｽﾌｵ魹ｽ,4113567000,"[1,1,1,1,1,1,1]",true
魹ｽ魹ｽ箏ｵ,魹ｽ魹ｽ魹ｽ魹ｽ魹ｽ魹ｽ 魹ｽﾐｴ邀ｸ,魹ｽﾝｰ豨ｿ,4113566200,"[1,1,1,1,1,1,1]",true
魹ｽ魹ｽ箏ｵ,魹ｽ魹ｽ魹ｽ魹ｽ魹ｽ魹ｽ 魹ｽﾐｴ邀ｸ,魹ｽ魹ｽ魹ｽ魹ｽ魹ｽ魹ｽ,4113565700,"[1,1,1,1,1,1,1]",true
魹ｽ魹ｽ箏ｵ,魹ｽ魹ｽ魹ｽ魹ｽ魹ｽ魹ｽ 魹ｽﾐｴ邀ｸ,魹ｽﾐｴ邨ｿ,4113551000,"[1,1,1,1,1,1,1]",true
魹ｽ魹ｽ箏ｵ,魹ｽ魹ｽ魹ｽ魹ｽ魹ｽ魹ｽ 魹ｽﾐｴ邀ｸ,魹ｽ魹ｽ魹ｽ魹ｽ,4113565500,"[1,1,1,1,1,1,1]",true
魹ｽ魹ｽ箏ｵ,魹ｽ魹ｽ魹ｽ魹ｽ魹ｽ魹ｽ 魹ｽﾐｴ邀ｸ,魹ｽ魹ｽ魹ｽ魹ｽ1魹ｽ魹ｽ,4113558000,"[1,1,1,1,1,1,1]",true
魹ｽ魹ｽ箏ｵ,魹ｽ魹ｽ魹ｽ魹ｽ魹ｽ魹ｽ 魹ｽﾐｴ邀ｸ,魹ｽ魹ｽ魹ｽ魹ｽ2魹ｽ魹ｽ,4113559000,"[1,1,1,1,1,1,1]",true
魹ｽ魹ｽ箏ｵ,魹ｽ魹ｽ魹ｽ魹ｽ魹ｽ魹ｽ 魹ｽﾐｴ邀ｸ,魹ｽ魹ｽ魹ｽ魹ｽ1魹ｽ魹ｽ,4113552000,"[1,1,1,1,1,1,1]",true
魹ｽ魹ｽ箏ｵ,魹ｽ魹ｽ魹ｽ魹ｽ魹ｽ魹ｽ 魹ｽﾐｴ邀ｸ,魹ｽ魹ｽ魹ｽ魹ｽ2魹ｽ魹ｽ,4113553000,"[1,1,1,1,1,1,1]",true
魹ｽ魹ｽ箏ｵ,魹ｽ魹ｽ魹ｽ魹ｽ魹ｽ魹ｽ 魹ｽﾐｴ邀ｸ,魹ｽ魹ｽ魹ｽ魹ｽ3魹ｽ魹ｽ,4113554000,"[1,1,1,1,1,1,1]",true
魹ｽ魹ｽ箏ｵ,魹ｽ魹ｽ魹ｽ魹ｽ魹ｽ魹ｽ 魹ｽﾐｴ邀ｸ,魹ｽ魹ｽﾅｾ1魹ｽ魹ｽ,4113562000,"[1,1,1,1,1,1,1]",true
魹ｽ魹ｽ箏ｵ,魹ｽ魹ｽ魹ｽ魹ｽ魹ｽ魹ｽ 魹ｽﾐｴ邀ｸ,魹ｽ魹ｽﾅｾ2魹ｽ魹ｽ,4113563000,"[1,1,1,1,1,1,1]",true
魹ｽ魹ｽ箏ｵ,魹ｽ魹ｽ魹ｽ魹ｽ魹ｽ魹ｽ 魹ｽﾐｴ邀ｸ,魹ｽ魹ｽﾅｾ3魹ｽ魹ｽ,4113564000,"[1,1,1,1,1,1,1]",true
魹ｽ魹ｽ箏ｵ,魹ｽ魹ｽ魹ｽ魹ｽ魹ｽ魹ｽ 魹ｽﾐｴ邀ｸ,魹ｽ魹ｽ魹ｽﾟｵ魹ｽ,4113568000,"[1,1,1,1,1,1,1]",true
魹ｽ魹ｽ箏ｵ,魹ｽ魹ｽ魹ｽ魹ｽ魹ｽ魹ｽ 魹ｽﾐｴ邀ｸ,魹ｽﾌｸ魹ｽ1魹ｽ魹ｽ,4113560000,"[1,1,1,1,1,1,1]",true
魹ｽ魹ｽ箏ｵ,魹ｽ魹ｽ魹ｽ魹ｽ魹ｽ魹ｽ 魹ｽﾐｴ邀ｸ,魹ｽﾌｸ魹ｽ2魹ｽ魹ｽ,4113561000,"[1,1,1,1,1,1,1]",true
魹ｽ魹ｽ箏ｵ,魹ｽ魹ｽ魹ｽ魹ｽ魹ｽ魹ｽ 魹ｽﾐｴ邀ｸ,魹ｽ魹ｽ魹ｽ魹ｽ1魹ｽ魹ｽ,4113555000,"[1,1,1,1,1,1,1]",true
魹ｽ魹ｽ箏ｵ,魹ｽ魹ｽ魹ｽ魹ｽ魹ｽ魹ｽ 魹ｽﾐｴ邀ｸ,魹ｽ魹ｽ魹ｽ魹ｽ2魹ｽ魹ｽ,4113556000,"[1,1,1,1,1,1,1]",true
魹ｽ魹ｽ箏ｵ,魹ｽ魹ｽ魹ｽ魹ｽ魹ｽ魹ｽ 魹ｽﾐｴ邀ｸ,魹ｽ魹ｽ魹ｽ魹ｽ3魹ｽ魹ｽ,4113557000,"[1,1,1,1,1,1,1]",true
魹ｽ魹ｽ箏ｵ,魹ｽ魹ｽ魹ｽ魹ｽ魹ｽ魹ｽ 魹ｽﾐｴ邀ｸ,魹ｽ魹ｽ魹ｽﾚｵ魹ｽ,4113554500,"[1,1,1,1,1,1,1]",true
魹ｽ魹ｽ箏ｵ,魹ｽ魹ｽ魹ｽ魹ｽ魹ｽ魹ｽ 魹ｽﾐｴ邀ｸ,魹ｽﾇｱ魹ｽ魹ｽ魹ｽ,4113565000,"[1,1,1,1,1,1,1]",true
魹ｽ魹ｽ箏ｵ,魹ｽ魹ｽ魹ｽ魹ｽ魹ｽ魹ｽ 魹ｽ魹ｽ魹ｽ魹ｽ魹ｽ魹ｽ,魹ｽ魹ｽ豨ｿ,4113164000,"[1,1,1,1,1,1,1]",true
魹ｽ魹ｽ箏ｵ,魹ｽ魹ｽ魹ｽ魹ｽ魹ｽ魹ｽ 魹ｽ魹ｽ魹ｽ魹ｽ魹ｽ魹ｽ,魹ｽﾜｴ檥ｿ,4113159000,"[1,1,1,1,1,1,1]",true
魹ｽ魹ｽ箏ｵ,魹ｽ魹ｽ魹ｽ魹ｽ魹ｽ魹ｽ 魹ｽ魹ｽ魹ｽ魹ｽ魹ｽ魹ｽ,魹ｽ魹ｽ魹ｽ魹ｽ魹ｽ魹ｽ,4113162000,"[1,1,1,1,1,1,1]",true
魹ｽ魹ｽ箏ｵ,魹ｽ魹ｽ魹ｽ魹ｽ魹ｽ魹ｽ 魹ｽ魹ｽ魹ｽ魹ｽ魹ｽ魹ｽ,魹ｽ彧ｺ魹ｽ魹ｽ,4113160000,"[1,1,1,1,1,1,1]",true
魹ｽ魹ｽ箏ｵ,魹ｽ魹ｽ魹ｽ魹ｽ魹ｽ魹ｽ 魹ｽ魹ｽ魹ｽ魹ｽ魹ｽ魹ｽ,魹ｽ魹ｽ魹ｽ魹ｽ1魹ｽ魹ｽ,4113157000,"[1,1,1,1,1,1,1]",true
魹ｽ魹ｽ箏ｵ,魹ｽ魹ｽ魹ｽ魹ｽ魹ｽ魹ｽ 魹ｽ魹ｽ魹ｽ魹ｽ魹ｽ魹ｽ,魹ｽ魹ｽ魹ｽ魹ｽ2魹ｽ魹ｽ,4113158000,"[1,1,1,1,1,1,1]",true
魹ｽ魹ｽ箏ｵ,魹ｽ魹ｽ魹ｽ魹ｽ魹ｽ魹ｽ 魹ｽ魹ｽ魹ｽ魹ｽ魹ｽ魹ｽ,魹ｽ魹ｽ魹ｽ髃ｿ,4113165000,"[1,1,1,1,1,1,1]",true
魹ｽ魹ｽ箏ｵ,魹ｽ魹ｽ魹ｽ魹ｽ魹ｽ魹ｽ 魹ｽ魹ｽ魹ｽ魹ｽ魹ｽ魹ｽ,魹ｽ魹ｽ魹ｽﾌｵ魹ｽ,4113163000,"[1,1,1,1,1,1,1]",true
魹ｽ魹ｽ箏ｵ,魹ｽ魹ｽ魹ｽ魹ｽ魹ｽ魹ｽ 魹ｽ魹ｽ魹ｽ魹ｽ魹ｽ魹ｽ,魹ｽ魹ｽ魹ｽ魹ｽ1魹ｽ魹ｽ,4113151000,"[1,1,1,1,1,1,1]",true
魹ｽ魹ｽ箏ｵ,魹ｽ魹ｽ魹ｽ魹ｽ魹ｽ魹ｽ 魹ｽ魹ｽ魹ｽ魹ｽ魹ｽ魹ｽ,魹ｽ魹ｽ魹ｽ魹ｽ2魹ｽ魹ｽ,4113152000,"[1,1,1,1,1,1,1]",true
魹ｽ魹ｽ箏ｵ,魹ｽ魹ｽ魹ｽ魹ｽ魹ｽ魹ｽ 魹ｽ魹ｽ魹ｽ魹ｽ魹ｽ魹ｽ,魹ｽ魹ｽ魹ｽ魹ｽ3魹ｽ魹ｽ,4113153000,"[1,1,1,1,1,1,1]",true
魹ｽ魹ｽ箏ｵ,魹ｽ魹ｽ魹ｽ魹ｽ魹ｽ魹ｽ 魹ｽ魹ｽ魹ｽ魹ｽ魹ｽ魹ｽ,魹ｽ魹ｽ魹ｽ魹ｽ魹ｽ魹ｽ,4113161000,"[1,1,1,1,1,1,1]",true
魹ｽ魹ｽ箏ｵ,魹ｽ魹ｽ魹ｽ魹ｽ魹ｽ魹ｽ 魹ｽ魹ｽ魹ｽ魹ｽ魹ｽ魹ｽ,魹ｽ魹ｽ魹ｽﾊｵ魹ｽ,4113162500,"[1,1,1,1,1,1,1]",true
魹ｽ魹ｽ箏ｵ,魹ｽ魹ｽ魹ｽ魹ｽ魹ｽ魹ｽ 魹ｽ魹ｽ魹ｽ魹ｽ魹ｽ魹ｽ,魹ｽ魹ｽ魹ｽ魹ｽ1魹ｽ魹ｽ,4113154000,"[1,1,1,1,1,1,1]",true
魹ｽ魹ｽ箏ｵ,魹ｽ魹ｽ魹ｽ魹ｽ魹ｽ魹ｽ 魹ｽ魹ｽ魹ｽ魹ｽ魹ｽ魹ｽ,魹ｽ魹ｽ魹ｽ魹ｽ2魹ｽ魹ｽ,4113155000,"[1,1,1,1,1,1,1]",true
魹ｽ魹ｽ箏ｵ,魹ｽ魹ｽ魹ｽ魹ｽ魹ｽ魹ｽ 魹ｽ魹ｽ魹ｽ魹ｽ魹ｽ魹ｽ,魹ｽ魹ｽ魹ｽ魹ｽ3魹ｽ魹ｽ,4113156000,"[1,1,1,1,1,1,1]",true
魹ｽ魹ｽ箏ｵ,魹ｽ魹ｽ魹ｽ魹ｽ魹ｽ魹ｽ 魹ｽ魹ｽ魹ｽ魹ｽ魹ｽ魹ｽ,魹ｽ魹ｽ魹ｽ魹ｽ4魹ｽ魹ｽ,4113156100,"[1,1,1,1,1,1,1]",true
魹ｽ魹ｽ箏ｵ,魹ｽ魹ｽ魹ｽ魹ｽ魹ｽ魹ｽ 魹ｽﾟｿ魹ｽ魹ｽ魹ｽ,魹ｽﾝｱ魹ｽ1魹ｽ魹ｽ,4113353000,"[1,1,1,1,1,1,1]",true
魹ｽ魹ｽ箏ｵ,魹ｽ魹ｽ魹ｽ魹ｽ魹ｽ魹ｽ 魹ｽﾟｿ魹ｽ魹ｽ魹ｽ,魹ｽﾝｱ魹ｽ2魹ｽ魹ｽ,4113354000,"[1,1,1,1,1,1,1]",true
魹ｽ魹ｽ箏ｵ,魹ｽ魹ｽ魹ｽ魹ｽ魹ｽ魹ｽ 魹ｽﾟｿ魹ｽ魹ｽ魹ｽ,魹ｽ魹ｽ魹ｽﾌｵ魹ｽ,4113367000,"[1,1,1,1,1,1,1]",true
魹ｽ魹ｽ箏ｵ,魹ｽ魹ｽ魹ｽ魹ｽ魹ｽ魹ｽ 魹ｽﾟｿ魹ｽ魹ｽ魹ｽ,魹ｽ魹ｽ魹ｽ魹ｽ1魹ｽ魹ｽ,4113357000,"[1,1,1,1,1,1,1]",true
魹ｽ魹ｽ箏ｵ,魹ｽ魹ｽ魹ｽ魹ｽ魹ｽ魹ｽ 魹ｽﾟｿ魹ｽ魹ｽ魹ｽ,魹ｽ魹ｽ魹ｽ魹ｽ2魹ｽ魹ｽ,4113358000,"[1,1,1,1,1,1,1]",true
魹ｽ魹ｽ箏ｵ,魹ｽ魹ｽ魹ｽ魹ｽ魹ｽ魹ｽ 魹ｽﾟｿ魹ｽ魹ｽ魹ｽ,魹ｽ魹ｽ魹ｽ魹ｽ3魹ｽ魹ｽ,4113359000,"[1,1,1,1,1,1,1]",true
魹ｽ魹ｽ箏ｵ,魹ｽ魹ｽ魹ｽ魹ｽ魹ｽ魹ｽ 魹ｽﾟｿ魹ｽ魹ｽ魹ｽ,魹ｽ魹ｽ魹ｽ魹ｽ魹ｽ魹ｽ,4113351000,"[1,1,1,1,1,1,1]",true
魹ｽ魹ｽ箏ｵ,魹ｽ魹ｽ魹ｽ魹ｽ魹ｽ魹ｽ 魹ｽﾟｿ魹ｽ魹ｽ魹ｽ,魹ｽ魹ｽ魹ｽ魹ｽ1魹ｽ魹ｽ,4113355000,"[1,1,1,1,1,1,1]",true
魹ｽ魹ｽ箏ｵ,魹ｽ魹ｽ魹ｽ魹ｽ魹ｽ魹ｽ 魹ｽﾟｿ魹ｽ魹ｽ魹ｽ,魹ｽ魹ｽ魹ｽ魹ｽ2魹ｽ魹ｽ,4113356000,"[1,1,1,1,1,1,1]",true
魹ｽ魹ｽ箏ｵ,魹ｽ魹ｽ魹ｽ魹ｽ魹ｽ魹ｽ 魹ｽﾟｿ魹ｽ魹ｽ魹ｽ,魹ｽﾟｾﾓｵ魹ｽ,4113352500,"[1,1,1,1,1,1,1]",true
魹ｽ魹ｽ箏ｵ,魹ｽ魹ｽ魹ｽ魹ｽ魹ｽ魹ｽ 魹ｽﾟｿ魹ｽ魹ｽ魹ｽ,魹ｽﾏｴ魹ｽ魹ｽ魹ｽ魹ｽ,4113366000,"[1,1,1,1,1,1,1]",true
魹ｽ魹ｽ箏ｵ,魹ｽ魹ｽ魹ｽ魹ｽ魹ｽ魹ｽ 魹ｽﾇｼ魹ｽ魹ｽ魹ｽ,魹ｽ贒ｱ魹ｽ魹ｽ,4111369000,"[1,1,1,1,1,1,1]",true
魹ｽ魹ｽ箏ｵ,魹ｽ魹ｽ魹ｽ魹ｽ魹ｽ魹ｽ 魹ｽﾇｼ魹ｽ魹ｽ魹ｽ,魹ｽ魹ｽ魹ｽ豨ｿ,4111365000,"[1,1,1,1,1,1,1]",true
魹ｽ魹ｽ箏ｵ,魹ｽ魹ｽ魹ｽ魹ｽ魹ｽ魹ｽ 魹ｽﾇｼ魹ｽ魹ｽ魹ｽ,魹ｽﾇｼ魹ｽ1魹ｽ魹ｽ,4111367000,"[1,1,1,1,1,1,1]",true
魹ｽ魹ｽ箏ｵ,魹ｽ魹ｽ魹ｽ魹ｽ魹ｽ魹ｽ 魹ｽﾇｼ魹ｽ魹ｽ魹ｽ,魹ｽﾇｼ魹ｽ2魹ｽ魹ｽ,4111368000,"[1,1,1,1,1,1,1]",true
魹ｽ魹ｽ箏ｵ,魹ｽ魹ｽ魹ｽ魹ｽ魹ｽ魹ｽ 魹ｽﾇｼ魹ｽ魹ｽ魹ｽ,魹ｽﾝｰ豨ｿ,4111366200,"[1,1,1,1,1,1,1]",true
魹ｽ魹ｽ箏ｵ,魹ｽ魹ｽ魹ｽ魹ｽ魹ｽ魹ｽ 魹ｽﾇｼ魹ｽ魹ｽ魹ｽ,魹ｽ魹ｽ魹ｽﾐｵ魹ｽ,4111356000,"[1,1,1,1,1,1,1]",true
魹ｽ魹ｽ箏ｵ,魹ｽ魹ｽ魹ｽ魹ｽ魹ｽ魹ｽ 魹ｽﾇｼ魹ｽ魹ｽ魹ｽ,魹ｽ魹ｽ魹ｽ魹ｽ1魹ｽ魹ｽ,4111352000,"[1,1,1,1,1,1,1]",true
魹ｽ魹ｽ箏ｵ,魹ｽ魹ｽ魹ｽ魹ｽ魹ｽ魹ｽ 魹ｽﾇｼ魹ｽ魹ｽ魹ｽ,魹ｽ魹ｽ魹ｽ魹ｽ2魹ｽ魹ｽ,4111353000,"[1,1,1,1,1,1,1]",true
魹ｽ魹ｽ箏ｵ,魹ｽ魹ｽ魹ｽ魹ｽ魹ｽ魹ｽ 魹ｽﾇｼ魹ｽ魹ｽ魹ｽ,魹ｽ魹ｽ魹ｽ魹ｽ3魹ｽ魹ｽ,4111354000,"[1,1,1,1,1,1,1]",true
魹ｽ魹ｽ箏ｵ,魹ｽ魹ｽ魹ｽ魹ｽ魹ｽ魹ｽ 魹ｽﾇｼ魹ｽ魹ｽ魹ｽ,魹ｽﾔｺﾏｵ魹ｽ,4111370000,"[1,1,1,1,1,1,1]",true
魹ｽ魹ｽ箏ｵ,魹ｽ魹ｽ魹ｽ魹ｽ魹ｽ魹ｽ 魹ｽﾇｼ魹ｽ魹ｽ魹ｽ,魹ｽ魹ｽ,4111355000,"[1,1,1,1,1,1,1]",true
魹ｽ魹ｽ箏ｵ,魹ｽ魹ｽ魹ｽ魹ｽ魹ｽ魹ｽ 魹ｽﾇｼ魹ｽ魹ｽ魹ｽ,ﾈ｣魹ｽﾅｽﾇｵ魹ｽ,4111366400,"[1,1,1,1,1,1,1]",true
魹ｽ魹ｽ箏ｵ,魹ｽ魹ｽ魹ｽ魹ｽ魹ｽ魹ｽ 魹ｽ魹ｽ魹ｽ檉ｸ,魹ｽ魹ｽ魹ｽ魹ｽ1魹ｽ魹ｽ,4111760000,"[1,1,1,1,1,1,1]",true
魹ｽ魹ｽ箏ｵ,魹ｽ魹ｽ魹ｽ魹ｽ魹ｽ魹ｽ 魹ｽ魹ｽ魹ｽ檉ｸ,魹ｽ魹ｽ魹ｽ魹ｽ2魹ｽ魹ｽ,4111761000,"[1,1,1,1,1,1,1]",true
魹ｽ魹ｽ箏ｵ,魹ｽ魹ｽ魹ｽ魹ｽ魹ｽ魹ｽ 魹ｽ魹ｽ魹ｽ檉ｸ,魹ｽ魹ｽ魹ｽ魹ｽ1魹ｽ魹ｽ,4111759300,"[1,1,1,1,1,1,1]",true
魹ｽ魹ｽ箏ｵ,魹ｽ魹ｽ魹ｽ魹ｽ魹ｽ魹ｽ 魹ｽ魹ｽ魹ｽ檉ｸ,魹ｽ魹ｽ魹ｽ魹ｽ2魹ｽ魹ｽ,4111759600,"[1,1,1,1,1,1,1]",true
魹ｽ魹ｽ箏ｵ,魹ｽ魹ｽ魹ｽ魹ｽ魹ｽ魹ｽ 魹ｽ魹ｽ魹ｽ檉ｸ,魹ｽ魹ｽﾅｺ1魹ｽ魹ｽ,4111751000,"[1,1,1,1,1,1,1]",true
魹ｽ魹ｽ箏ｵ,魹ｽ魹ｽ魹ｽ魹ｽ魹ｽ魹ｽ 魹ｽ魹ｽ魹ｽ檉ｸ,魹ｽ魹ｽﾅｺ2魹ｽ魹ｽ,4111752000,"[1,1,1,1,1,1,1]",true
魹ｽ魹ｽ箏ｵ,魹ｽ魹ｽ魹ｽ魹ｽ魹ｽ魹ｽ 魹ｽ魹ｽ魹ｽ檉ｸ,魹ｽ魹ｽﾅｺ3魹ｽ魹ｽ,4111753000,"[1,1,1,1,1,1,1]",true
魹ｽ魹ｽ箏ｵ,魹ｽ魹ｽ魹ｽ魹ｽ魹ｽ魹ｽ 魹ｽ魹ｽ魹ｽ檉ｸ,魹ｽ魹ｽﾅｺ4魹ｽ魹ｽ,4111754000,"[1,1,1,1,1,1,1]",true
魹ｽ魹ｽ箏ｵ,魹ｽ魹ｽ魹ｽ魹ｽ魹ｽ魹ｽ 魹ｽ魹ｽ魹ｽ檉ｸ,魹ｽ魹ｽ魹ｽ魹ｽ1魹ｽ魹ｽ,4111757000,"[1,1,1,1,1,1,1]",true
魹ｽ魹ｽ箏ｵ,魹ｽ魹ｽ魹ｽ魹ｽ魹ｽ魹ｽ 魹ｽ魹ｽ魹ｽ檉ｸ,魹ｽ魹ｽ魹ｽ魹ｽ2魹ｽ魹ｽ,4111758000,"[1,1,1,1,1,1,1]",true
魹ｽ魹ｽ箏ｵ,魹ｽ魹ｽ魹ｽ魹ｽ魹ｽ魹ｽ 魹ｽ魹ｽ魹ｽ檉ｸ,魹ｽ魹ｽ魹ｽ魹ｽ3魹ｽ魹ｽ,4111758500,"[1,1,1,1,1,1,1]",true
魹ｽ魹ｽ箏ｵ,魹ｽ魹ｽ魹ｽ魹ｽ魹ｽ魹ｽ 魹ｽ魹ｽ魹ｽ檉ｸ,魹ｽ魹ｽﾃｵ魹ｽ魹ｽ,4111755000,"[1,1,1,1,1,1,1]",true
魹ｽ魹ｽ箏ｵ,魹ｽ魹ｽ魹ｽ魹ｽ魹ｽ魹ｽ 魹ｽ魹ｽﾈｱ魹ｽ,魹ｽ魹ｽ魹ｽﾗｵ魹ｽ,4111159100,"[1,1,1,1,1,1,1]",true
魹ｽ魹ｽ箏ｵ,魹ｽ魹ｽ魹ｽ魹ｽ魹ｽ魹ｽ 魹ｽ魹ｽﾈｱ魹ｽ,魹ｽ魹ｽ魹ｽ魹ｽ魹ｽ魹ｽ,4111160000,"[1,1,1,1,1,1,1]",true
魹ｽ魹ｽ箏ｵ,魹ｽ魹ｽ魹ｽ魹ｽ魹ｽ魹ｽ 魹ｽ魹ｽﾈｱ魹ｽ,魹ｽ魹ｽﾈｭ魹ｽ魹ｽ,4111158000,"[1,1,1,1,1,1,1]",true
魹ｽ魹ｽ箏ｵ,魹ｽ魹ｽ魹ｽ魹ｽ魹ｽ魹ｽ 魹ｽ魹ｽﾈｱ魹ｽ,魹ｽ魹ｽﾃｵ魹ｽ魹ｽ,4111156600,"[1,1,1,1,1,1,1]",true
魹ｽ魹ｽ箏ｵ,魹ｽ魹ｽ魹ｽ魹ｽ魹ｽ魹ｽ 魹ｽ魹ｽﾈｱ魹ｽ,魹ｽ魹ｽ魹ｽ魹ｽ1魹ｽ魹ｽ,4111157100,"[1,1,1,1,1,1,1]",true
魹ｽ魹ｽ箏ｵ,魹ｽ魹ｽ魹ｽ魹ｽ魹ｽ魹ｽ 魹ｽ魹ｽﾈｱ魹ｽ,魹ｽ魹ｽ魹ｽ魹ｽ2魹ｽ魹ｽ,4111157200,"[1,1,1,1,1,1,1]",true
魹ｽ魹ｽ箏ｵ,魹ｽ魹ｽ魹ｽ魹ｽ魹ｽ魹ｽ 魹ｽ魹ｽﾈｱ魹ｽ,魹ｽ魹ｽ魹ｽ魹ｽ3魹ｽ魹ｽ,4111157300,"[1,1,1,1,1,1,1]",true
魹ｽ魹ｽ箏ｵ,魹ｽ魹ｽ魹ｽ魹ｽ魹ｽ魹ｽ 魹ｽ魹ｽﾈｱ魹ｽ,魹ｽ魹ｽ魹ｽ魹ｽ1魹ｽ魹ｽ,4111159700,"[1,1,1,1,1,1,1]",true
魹ｽ魹ｽ箏ｵ,魹ｽ魹ｽ魹ｽ魹ｽ魹ｽ魹ｽ 魹ｽ魹ｽﾈｱ魹ｽ,魹ｽ魹ｽ魹ｽ魹ｽ2魹ｽ魹ｽ,4111159800,"[1,1,1,1,1,1,1]",true
魹ｽ魹ｽ箏ｵ,魹ｽ魹ｽ魹ｽ魹ｽ魹ｽ魹ｽ 魹ｽ魹ｽﾈｱ魹ｽ,魹ｽ魹ｽ魹ｽ蠏ｿ,4111156000,"[1,1,1,1,1,1,1]",true
魹ｽ魹ｽ箏ｵ,魹ｽ魹ｽ魹ｽ魹ｽ魹ｽ魹ｽ 魹ｽﾈｴﾞｱ魹ｽ,魹ｽ魹ｽ豨ｿ,4111567000,"[1,1,1,1,1,1,1]",true
魹ｽ魹ｽ箏ｵ,魹ｽ魹ｽ魹ｽ魹ｽ魹ｽ魹ｽ 魹ｽﾈｴﾞｱ魹ｽ,魹ｽﾅｱ魹ｽ魹ｽ魹ｽ,4111565000,"[1,1,1,1,1,1,1]",true
魹ｽ魹ｽ箏ｵ,魹ｽ魹ｽ魹ｽ魹ｽ魹ｽ魹ｽ 魹ｽﾈｴﾞｱ魹ｽ,魹ｽﾅｻ弶ｿ,4111566000,"[1,1,1,1,1,1,1]",true
魹ｽ魹ｽ箏ｵ,魹ｽ魹ｽ魹ｽ魹ｽ魹ｽ魹ｽ 魹ｽﾈｴﾞｱ魹ｽ,魹ｽ璜ｸ1魹ｽ魹ｽ,4111571000,"[1,1,1,1,1,1,1]",true
魹ｽ魹ｽ箏ｵ,魹ｽ魹ｽ魹ｽ魹ｽ魹ｽ魹ｽ 魹ｽﾈｴﾞｱ魹ｽ,魹ｽ璜ｸ2魹ｽ魹ｽ,4111572000,"[1,1,1,1,1,1,1]",true
魹ｽ魹ｽ箏ｵ,魹ｽ魹ｽ魹ｽ魹ｽ魹ｽ魹ｽ 魹ｽﾈｴﾞｱ魹ｽ,魹ｽﾎｰ襍ｿ,4111573000,"[1,1,1,1,1,1,1]",true
魹ｽ魹ｽ箏ｵ,魹ｽ魹ｽ魹ｽ魹ｽ魹ｽ魹ｽ 魹ｽﾈｴﾞｱ魹ｽ,魹ｽ魹ｽ魹ｽ魹ｽ,4111570000,"[1,1,1,1,1,1,1]",true
魹ｽ魹ｽ箏ｵ,魹ｽ魹ｽ魹ｽ魹ｽ魹ｽ魹ｽ 魹ｽﾈｴﾞｱ魹ｽ,魹ｽ魹ｽﾃｵ魹ｽ,4111574000,"[1,1,1,1,1,1,1]",true
魹ｽ魹ｽ箏ｵ,魹ｽ魹ｽ魹ｽ魹ｽ魹ｽ魹ｽ 魹ｽﾈｴﾞｱ魹ｽ,ﾈｭ魹ｽ魹ｽ1魹ｽ魹ｽ,4111568000,"[1,1,1,1,1,1,1]",true
魹ｽ魹ｽ箏ｵ,魹ｽ魹ｽ魹ｽ魹ｽ魹ｽ魹ｽ 魹ｽﾈｴﾞｱ魹ｽ,ﾈｭ魹ｽ魹ｽ2魹ｽ魹ｽ,4111569000,"[1,1,1,1,1,1,1]",true
魹ｽ魹ｽ箏ｵ,魹ｽ魹ｽ魹ｽ魹ｽ魹ｽ,魹ｽﾅｺﾏｼ魹ｽ魹ｽ魹ｽ,4139065000,"[1,1,1,1,1,1,1]",true
魹ｽ魹ｽ箏ｵ,魹ｽ魹ｽ魹ｽ魹ｽ魹ｽ,魹ｽ魹ｽ魹ｽ魹ｽ魹ｽ魹ｽ,4139062100,"[1,1,1,1,1,1,1]",true
魹ｽ魹ｽ箏ｵ,魹ｽ魹ｽ魹ｽ魹ｽ魹ｽ,魹ｽ魹ｽ魹ｽﾚｵ魹ｽ,4139058100,"[1,1,1,1,1,1,1]",true
魹ｽ魹ｽ箏ｵ,魹ｽ魹ｽ魹ｽ魹ｽ魹ｽ,魹ｽﾉｰ豨ｿ,4139064000,"[1,1,1,1,1,1,1]",true
魹ｽ魹ｽ箏ｵ,魹ｽ魹ｽ魹ｽ魹ｽ魹ｽ,魹ｽ魹ｽﾟｵ魹ｽ,4139051000,"[1,1,1,1,1,1,1]",true
魹ｽ魹ｽ箏ｵ,魹ｽ魹ｽ魹ｽ魹ｽ魹ｽ,魹ｽ魹ｽﾈｭ魹ｽ魹ｽ,4139055000,"[1,1,1,1,1,1,1]",true
魹ｽ魹ｽ箏ｵ,魹ｽ魹ｽ魹ｽ魹ｽ魹ｽ,魹ｽ𠹭ｨｵ魹ｽ,4139057000,"[1,1,1,1,1,1,1]",true
魹ｽ魹ｽ箏ｵ,魹ｽ魹ｽ魹ｽ魹ｽ魹ｽ,魹ｽ魹ｽ魹ｽ1魹ｽ魹ｽ,4139059600,"[1,1,1,1,1,1,1]",true
魹ｽ魹ｽ箏ｵ,魹ｽ魹ｽ魹ｽ魹ｽ魹ｽ,魹ｽ魹ｽ魹ｽ2魹ｽ魹ｽ,4139059700,"[1,1,1,1,1,1,1]",true
魹ｽ魹ｽ箏ｵ,魹ｽ魹ｽ魹ｽ魹ｽ魹ｽ,魹ｽ魹ｽﾃｵ魹ｽ魹ｽ,4139052000,"[1,1,1,1,1,1,1]",true
魹ｽ魹ｽ箏ｵ,魹ｽ魹ｽ魹ｽ魹ｽ魹ｽ,魹ｽ魹ｽ魹ｽ魹ｽ魹ｽ魹ｽ,4139053100,"[1,1,1,1,1,1,1]",true
魹ｽ魹ｽ箏ｵ,魹ｽ魹ｽ魹ｽ魹ｽ魹ｽ,魹ｽ魹ｽ魹ｽ魹ｽ魹ｽ魹ｽ,4139063000,"[1,1,1,1,1,1,1]",true
魹ｽ魹ｽ箏ｵ,魹ｽ魹ｽ魹ｽ魹ｽ魹ｽ,魹ｽ魹ｽ魹ｽ魹ｽ魹ｽ魹ｽ,4139058200,"[1,1,1,1,1,1,1]",true
魹ｽ魹ｽ箏ｵ,魹ｽ魹ｽ魹ｽ魹ｽ魹ｽ,魹ｽ魹ｽ魹ｽ犒ｿ,4139054000,"[1,1,1,1,1,1,1]",true
魹ｽ魹ｽ箏ｵ,魹ｽ魹ｽ魹ｽ魹ｽ魹ｽ,魹ｽ魹ｽ豨ｿ,4139063100,"[1,1,1,1,1,1,1]",true
魹ｽ魹ｽ箏ｵ,魹ｽ魹ｽ魹ｽ魹ｽ魹ｽ,魹ｽ魹ｽ魹ｽ魹ｽ1魹ｽ魹ｽ,4139059100,"[1,1,1,1,1,1,1]",true
魹ｽ魹ｽ箏ｵ,魹ｽ魹ｽ魹ｽ魹ｽ魹ｽ,魹ｽ魹ｽ魹ｽ魹ｽ2魹ｽ魹ｽ,4139059200,"[1,1,1,1,1,1,1]",true
魹ｽ魹ｽ箏ｵ,魹ｽ魹ｽ魹ｽ魹ｽ魹ｽ,魹ｽ魹ｽ魹ｽ魹ｽ3魹ｽ魹ｽ,4139059300,"[1,1,1,1,1,1,1]",true
魹ｽ魹ｽ箏ｵ,魹ｽ魹ｽ魹ｽ魹ｽ魹ｽ,魹ｽ魹ｽ魹ｽ魹ｽ4魹ｽ魹ｽ,4139059400,"[1,1,1,1,1,1,1]",true
魹ｽ魹ｽ箏ｵ,魹ｽ魹ｽ魹ｽ魹ｽ魹ｽ,魹ｽ魹ｽ魹ｽﾕｺ魹ｽ魹ｽ魹ｽ,4139058900,"[1,1,1,1,1,1,1]",true
魹ｽ魹ｽ箏ｵ,魹ｽﾈｻ魹ｽ魹ｽ 魹ｽﾜｿ魹ｽ魹ｽ魹ｽ,魹ｽ魹ｽ魹ｽﾜｵ魹ｽ,4127352500,"[1,1,1,1,1,1,1]",true
魹ｽ魹ｽ箏ｵ,魹ｽﾈｻ魹ｽ魹ｽ 魹ｽﾜｿ魹ｽ魹ｽ魹ｽ,魹ｽ魹ｽ豨ｿ,4127355500,"[1,1,1,1,1,1,1]",true
魹ｽ魹ｽ箏ｵ,魹ｽﾈｻ魹ｽ魹ｽ 魹ｽﾜｿ魹ｽ魹ｽ魹ｽ,魹ｽ魹ｽ魹ｽ魹ｽ1魹ｽ魹ｽ,4127358000,"[1,1,1,1,1,1,1]",true
魹ｽ魹ｽ箏ｵ,魹ｽﾈｻ魹ｽ魹ｽ 魹ｽﾜｿ魹ｽ魹ｽ魹ｽ,魹ｽ魹ｽ魹ｽ魹ｽ2魹ｽ魹ｽ,4127359000,"[1,1,1,1,1,1,1]",true
魹ｽ魹ｽ箏ｵ,魹ｽﾈｻ魹ｽ魹ｽ 魹ｽﾜｿ魹ｽ魹ｽ魹ｽ,魹ｽ魹ｽ魹ｽ魹ｽ3魹ｽ魹ｽ,4127360000,"[1,1,1,1,1,1,1]",true
魹ｽ魹ｽ箏ｵ,魹ｽﾈｻ魹ｽ魹ｽ 魹ｽﾜｿ魹ｽ魹ｽ魹ｽ,魹ｽﾅｱ豬ｿ,4127356500,"[1,1,1,1,1,1,1]",true
魹ｽ魹ｽ箏ｵ,魹ｽﾈｻ魹ｽ魹ｽ 魹ｽﾜｿ魹ｽ魹ｽ魹ｽ,魹ｽﾍｵ魹ｽ,4127351000,"[1,1,1,1,1,1,1]",true
魹ｽ魹ｽ箏ｵ,魹ｽﾈｻ魹ｽ魹ｽ 魹ｽﾜｿ魹ｽ魹ｽ魹ｽ,魹ｽ魹ｽ魹ｽ豨ｿ,4127354500,"[1,1,1,1,1,1,1]",true
魹ｽ魹ｽ箏ｵ,魹ｽﾈｻ魹ｽ魹ｽ 魹ｽﾜｿ魹ｽ魹ｽ魹ｽ,魹ｽﾟｾﾓｵ魹ｽ,4127353200,"[1,1,1,1,1,1,1]",true
魹ｽ魹ｽ箏ｵ,魹ｽﾈｻ魹ｽ魹ｽ 魹ｽﾜｿ魹ｽ魹ｽ魹ｽ,魹ｽ魹ｽ魹ｽ魹ｽ魹ｽ魹ｽ,4127357000,"[1,1,1,1,1,1,1]",true
魹ｽ魹ｽ箏ｵ,魹ｽﾈｻ魹ｽ魹ｽ 魹ｽﾜｿ魹ｽ魹ｽ魹ｽ,ﾈ｣魹ｽ魹ｽ魹ｽ魹ｽ,4127353500,"[1,1,1,1,1,1,1]",true
魹ｽ魹ｽ箏ｵ,魹ｽﾈｻ魹ｽ魹ｽ 魹ｽ魹ｽﾏｱ魹ｽ,魹ｽﾝｿ魹ｽ魹ｽ魹ｽ,4127160000,"[1,1,1,1,1,1,1]",true
魹ｽ魹ｽ箏ｵ,魹ｽﾈｻ魹ｽ魹ｽ 魹ｽ魹ｽﾏｱ魹ｽ,魹ｽ魹ｽ魹ｽ魹ｽ1魹ｽ魹ｽ,4127154000,"[1,1,1,1,1,1,1]",true
魹ｽ魹ｽ箏ｵ,魹ｽﾈｻ魹ｽ魹ｽ 魹ｽ魹ｽﾏｱ魹ｽ,魹ｽ魹ｽ魹ｽ魹ｽ2魹ｽ魹ｽ,4127155000,"[1,1,1,1,1,1,1]",true
魹ｽ魹ｽ箏ｵ,魹ｽﾈｻ魹ｽ魹ｽ 魹ｽ魹ｽﾏｱ魹ｽ,魹ｽ魹ｽ魹ｽ魹ｽ3魹ｽ魹ｽ,4127156000,"[1,1,1,1,1,1,1]",true
魹ｽ魹ｽ箏ｵ,魹ｽﾈｻ魹ｽ魹ｽ 魹ｽ魹ｽﾏｱ魹ｽ,魹ｽﾎｰ豨ｿ,4127157000,"[1,1,1,1,1,1,1]",true
魹ｽ魹ｽ箏ｵ,魹ｽﾈｻ魹ｽ魹ｽ 魹ｽ魹ｽﾏｱ魹ｽ,魹ｽ邨ｿ,4127152500,"[1,1,1,1,1,1,1]",true
魹ｽ魹ｽ箏ｵ,魹ｽﾈｻ魹ｽ魹ｽ 魹ｽ魹ｽﾏｱ魹ｽ,魹ｽ魹ｽ魹ｽﾌｵ魹ｽ,4127153200,"[1,1,1,1,1,1,1]",true
魹ｽ魹ｽ箏ｵ,魹ｽﾈｻ魹ｽ魹ｽ 魹ｽ魹ｽﾏｱ魹ｽ,魹ｽ魹ｽ魹ｽ魹ｽ魹ｽ魹ｽ,4127159000,"[1,1,1,1,1,1,1]",true
魹ｽ魹ｽ箏ｵ,魹ｽﾈｻ魹ｽ魹ｽ 魹ｽ魹ｽﾏｱ魹ｽ,魹ｽﾈｻ弶ｿ,4127161000,"[1,1,1,1,1,1,1]",true
魹ｽ魹ｽ箏ｵ,魹ｽﾈｻ魹ｽ魹ｽ 魹ｽ魹ｽﾏｱ魹ｽ,魹ｽ魹ｽ魹ｽﾇｵ魹ｽ,4127158000,"[1,1,1,1,1,1,1]",true
魹ｽ魹ｽ箏ｵ,魹ｽﾈｻ魹ｽ魹ｽ 魹ｽ魹ｽﾏｱ魹ｽ,魹ｽﾌｵ魹ｽ,4127151500,"[1,1,1,1,1,1,1]",true
魹ｽ魹ｽ箏ｵ,魹ｽﾈｻ魹ｽ魹ｽ 魹ｽ魹ｽﾏｱ魹ｽ,魹ｽﾏｵ魹ｽ,4127151000,"[1,1,1,1,1,1,1]",true
魹ｽ魹ｽ箏ｵ,魹ｽﾈｻ魹ｽ魹ｽ 魹ｽ魹ｽﾏｱ魹ｽ,魹ｽﾘｾ邨ｿ,4127153700,"[1,1,1,1,1,1,1]",true
魹ｽ魹ｽ箏ｵ,魹ｽﾈｼ魹ｽ魹ｽ魹ｽ,魹ｽ魹ｽ魹ｽ魹ｽ魹ｽ魹ｽ,4155025000,"[0,1,0,0,1,0,1]",true
魹ｽ魹ｽ箏ｵ,魹ｽﾈｼ魹ｽ魹ｽ魹ｽ,魹ｽ魹ｽ魹ｽ魹ｽ魹ｽ,4155035000,"[0,1,0,0,1,0,1]",true
魹ｽ魹ｽ箏ｵ,魹ｽﾈｼ魹ｽ魹ｽ魹ｽ,魹ｽﾌｾ魹ｽ魹ｽ,4155034000,"[0,1,0,0,1,0,1]",true
魹ｽ魹ｽ箏ｵ,魹ｽﾈｼ魹ｽ魹ｽ魹ｽ,魹ｽﾈｼ魹ｽ1魹ｽ魹ｽ,4155051000,"[0,1,0,0,1,0,1]",true
魹ｽ魹ｽ箏ｵ,魹ｽﾈｼ魹ｽ魹ｽ魹ｽ,魹ｽﾈｼ魹ｽ2魹ｽ魹ｽ,4155052000,"[0,1,0,0,1,0,1]",true
魹ｽ魹ｽ箏ｵ,魹ｽﾈｼ魹ｽ魹ｽ魹ｽ,魹ｽﾈｼ魹ｽ3魹ｽ魹ｽ,4155053000,"[0,1,0,0,1,0,1]",true
魹ｽ魹ｽ箏ｵ,魹ｽﾈｾ魹ｽ魹ｽ 魹ｽ魹ｽ魹ｽﾈｱ魹ｽ,魹ｽ魹ｽ魹ｽ弶ｿ,4117363000,"[1,1,1,1,1,1,1]",true
魹ｽ魹ｽ箏ｵ,魹ｽﾈｾ魹ｽ魹ｽ 魹ｽ魹ｽ魹ｽﾈｱ魹ｽ,魹ｽ魹ｽ魹ｽ邨ｿ,4117355200,"[1,1,1,1,1,1,1]",true
魹ｽ魹ｽ箏ｵ,魹ｽﾈｾ魹ｽ魹ｽ 魹ｽ魹ｽ魹ｽﾈｱ魹ｽ,魹ｽ魹ｽ魹ｽﾎｵ魹ｽ,4117357800,"[1,1,1,1,1,1,1]",true
魹ｽ魹ｽ箏ｵ,魹ｽﾈｾ魹ｽ魹ｽ 魹ｽ魹ｽ魹ｽﾈｱ魹ｽ,魹ｽﾞｾﾈｵ魹ｽ,4117354600,"[1,1,1,1,1,1,1]",true
魹ｽ魹ｽ箏ｵ,魹ｽﾈｾ魹ｽ魹ｽ 魹ｽ魹ｽ魹ｽﾈｱ魹ｽ,魹ｽ魹ｽ魹ｽ襍ｿ,4117361000,"[1,1,1,1,1,1,1]",true
魹ｽ魹ｽ箏ｵ,魹ｽﾈｾ魹ｽ魹ｽ 魹ｽ魹ｽ魹ｽﾈｱ魹ｽ,魹ｽﾎｸ魹ｽ魹ｽ魹ｽ,4117356600,"[1,1,1,1,1,1,1]",true
魹ｽ魹ｽ箏ｵ,魹ｽﾈｾ魹ｽ魹ｽ 魹ｽ魹ｽ魹ｽﾈｱ魹ｽ,魹ｽ魹ｽ魹ｽ髃ｿ,4117354000,"[1,1,1,1,1,1,1]",true
魹ｽ魹ｽ箏ｵ,魹ｽﾈｾ魹ｽ魹ｽ 魹ｽ魹ｽ魹ｽﾈｱ魹ｽ,魹ｽ魹ｽ魹ｽ1魹ｽ魹ｽ,4117351000,"[1,1,1,1,1,1,1]",true
魹ｽ魹ｽ箏ｵ,魹ｽﾈｾ魹ｽ魹ｽ 魹ｽ魹ｽ魹ｽﾈｱ魹ｽ,魹ｽ魹ｽ魹ｽ2魹ｽ魹ｽ,4117352000,"[1,1,1,1,1,1,1]",true
魹ｽ魹ｽ箏ｵ,魹ｽﾈｾ魹ｽ魹ｽ 魹ｽ魹ｽ魹ｽﾈｱ魹ｽ,魹ｽ魹ｽ魹ｽ3魹ｽ魹ｽ,4117353000,"[1,1,1,1,1,1,1]",true
魹ｽ魹ｽ箏ｵ,魹ｽﾈｾ魹ｽ魹ｽ 魹ｽ魹ｽ魹ｽﾈｱ魹ｽ,魹ｽ魹ｽ魹ｽﾌｵ魹ｽ,4117362000,"[1,1,1,1,1,1,1]",true
魹ｽ魹ｽ箏ｵ,魹ｽﾈｾ魹ｽ魹ｽ 魹ｽ魹ｽ魹ｽﾈｱ魹ｽ,魹ｽﾎｴ魹ｽ魹ｽ魹ｽ魹ｽ魹ｽ,4117355900,"[1,1,1,1,1,1,1]",true
魹ｽ魹ｽ箏ｵ,魹ｽﾈｾ魹ｽ魹ｽ 魹ｽ魹ｽ魹ｽﾈｱ魹ｽ,魹ｽ魹ｽﾈｵ魹ｽ,4117357600,"[1,1,1,1,1,1,1]",true
魹ｽ魹ｽ箏ｵ,魹ｽﾈｾ魹ｽ魹ｽ 魹ｽ魹ｽ魹ｽﾈｱ魹ｽ,魹ｽ魹ｽ魹ｽﾌｵ魹ｽ,4117357000,"[1,1,1,1,1,1,1]",true
魹ｽ魹ｽ箏ｵ,魹ｽﾈｾ魹ｽ魹ｽ 魹ｽ魹ｽ魹ｽﾈｱ魹ｽ,ﾈ｣魹ｽ魹ｽ1魹ｽ魹ｽ,4117358000,"[1,1,1,1,1,1,1]",true
魹ｽ魹ｽ箏ｵ,魹ｽﾈｾ魹ｽ魹ｽ 魹ｽ魹ｽ魹ｽﾈｱ魹ｽ,ﾈ｣魹ｽ魹ｽ2魹ｽ魹ｽ,4117359000,"[1,1,1,1,1,1,1]",true
魹ｽ魹ｽ箏ｵ,魹ｽﾈｾ魹ｽ魹ｽ 魹ｽ魹ｽ魹ｽﾈｱ魹ｽ,ﾈ｣魹ｽ魹ｽ3魹ｽ魹ｽ,4117360000,"[1,1,1,1,1,1,1]",true
魹ｽ魹ｽ箏ｵ,魹ｽﾈｾ魹ｽ魹ｽ 魹ｽ魹ｽ魹ｽﾈｱ魹ｽ,魹ｽﾚｴﾞｵ魹ｽ,4117164000,"[1,1,1,1,1,1,1]",true
魹ｽ魹ｽ箏ｵ,魹ｽﾈｾ魹ｽ魹ｽ 魹ｽ魹ｽ魹ｽﾈｱ魹ｽ,魹ｽ魹ｽ魹ｽ魹ｽ1魹ｽ魹ｽ,4117159000,"[1,1,1,1,1,1,1]",true
魹ｽ魹ｽ箏ｵ,魹ｽﾈｾ魹ｽ魹ｽ 魹ｽ魹ｽ魹ｽﾈｱ魹ｽ,魹ｽ魹ｽ魹ｽ魹ｽ2魹ｽ魹ｽ,4117160000,"[1,1,1,1,1,1,1]",true
魹ｽ魹ｽ箏ｵ,魹ｽﾈｾ魹ｽ魹ｽ 魹ｽ魹ｽ魹ｽﾈｱ魹ｽ,魹ｽﾈｾ魹ｽ1魹ｽ魹ｽ,4117151000,"[1,1,1,1,1,1,1]",true
魹ｽ魹ｽ箏ｵ,魹ｽﾈｾ魹ｽ魹ｽ 魹ｽ魹ｽ魹ｽﾈｱ魹ｽ,魹ｽﾈｾ魹ｽ2魹ｽ魹ｽ,4117152000,"[1,1,1,1,1,1,1]",true
魹ｽ魹ｽ箏ｵ,魹ｽﾈｾ魹ｽ魹ｽ 魹ｽ魹ｽ魹ｽﾈｱ魹ｽ,魹ｽﾈｾ魹ｽ3魹ｽ魹ｽ,4117153000,"[1,1,1,1,1,1,1]",true
魹ｽ魹ｽ箏ｵ,魹ｽﾈｾ魹ｽ魹ｽ 魹ｽ魹ｽ魹ｽﾈｱ魹ｽ,魹ｽﾈｾ魹ｽ4魹ｽ魹ｽ,4117154000,"[1,1,1,1,1,1,1]",true
魹ｽ魹ｽ箏ｵ,魹ｽﾈｾ魹ｽ魹ｽ 魹ｽ魹ｽ魹ｽﾈｱ魹ｽ,魹ｽﾈｾ魹ｽ5魹ｽ魹ｽ,4117155000,"[1,1,1,1,1,1,1]",true
魹ｽ魹ｽ箏ｵ,魹ｽﾈｾ魹ｽ魹ｽ 魹ｽ魹ｽ魹ｽﾈｱ魹ｽ,魹ｽﾈｾ魹ｽ6魹ｽ魹ｽ,4117156000,"[1,1,1,1,1,1,1]",true
魹ｽ魹ｽ箏ｵ,魹ｽﾈｾ魹ｽ魹ｽ 魹ｽ魹ｽ魹ｽﾈｱ魹ｽ,魹ｽﾈｾ魹ｽ7魹ｽ魹ｽ,4117157000,"[1,1,1,1,1,1,1]",true
魹ｽ魹ｽ箏ｵ,魹ｽﾈｾ魹ｽ魹ｽ 魹ｽ魹ｽ魹ｽﾈｱ魹ｽ,魹ｽﾈｾ魹ｽ8魹ｽ魹ｽ,4117158000,"[1,1,1,1,1,1,1]",true
魹ｽ魹ｽ箏ｵ,魹ｽﾈｾ魹ｽ魹ｽ 魹ｽ魹ｽ魹ｽﾈｱ魹ｽ,魹ｽﾈｾ魹ｽ9魹ｽ魹ｽ,4117158100,"[1,1,1,1,1,1,1]",true
魹ｽ魹ｽ箏ｵ,魹ｽﾈｾ魹ｽ魹ｽ 魹ｽ魹ｽ魹ｽﾈｱ魹ｽ,魹ｽ魹ｽ魹ｽﾆｵ魹ｽ,4117161100,"[1,1,1,1,1,1,1]",true
魹ｽ魹ｽ箏ｵ,魹ｽﾈｾ魹ｽ魹ｽ 魹ｽ魹ｽ魹ｽﾈｱ魹ｽ,ﾈ｣魹ｽ魹ｽ魹ｽ魹ｽ,4117165000,"[1,1,1,1,1,1,1]",true
魹ｽ魹ｽ箏ｵ,魹ｽ魹ｽ魹ｽ魹ｽ魹ｽ,魹ｽ魹ｽ魹ｽﾌｵ魹ｽ,4137053000,"[1,1,1,1,1,1,1]",true
魹ｽ魹ｽ箏ｵ,魹ｽ魹ｽ魹ｽ魹ｽ魹ｽ,魹ｽ魹ｽ魹ｽ1魹ｽ魹ｽ,4137052300,"[1,1,1,1,1,1,1]",true
魹ｽ魹ｽ箏ｵ,魹ｽ魹ｽ魹ｽ魹ｽ魹ｽ,魹ｽ魹ｽ魹ｽ2魹ｽ魹ｽ,4137052600,"[1,1,1,1,1,1,1]",true
魹ｽ魹ｽ箏ｵ,魹ｽ魹ｽ魹ｽ魹ｽ魹ｽ,魹ｽ魹ｽ魹ｽ魹ｽ魹ｽ魹ｽ,4137055000,"[1,1,1,1,1,1,1]",true
魹ｽ魹ｽ箏ｵ,魹ｽ魹ｽ魹ｽ魹ｽ魹ｽ,魹ｽ魹ｽ魹ｽ魹ｽ1魹ｽ魹ｽ,4137054300,"[1,1,1,1,1,1,1]",true
魹ｽ魹ｽ箏ｵ,魹ｽ魹ｽ魹ｽ魹ｽ魹ｽ,魹ｽ魹ｽ魹ｽ魹ｽ2魹ｽ魹ｽ,4137054600,"[1,1,1,1,1,1,1]",true
魹ｽ魹ｽ箏ｵ,魹ｽ魹ｽ魹ｽ魹ｽ魹ｽ,魹ｽﾟｾﾓｵ魹ｽ,4137051000,"[1,1,1,1,1,1,1]",true
魹ｽ魹ｽ箏ｵ,魹ｽ魹ｽ魹ｽ魹ｽ魹ｽ,魹ｽ魹ｽ魹ｽ魹ｽ,4137056000,"[1,1,1,1,1,1,1]",true
魹ｽ魹ｽ箏ｵ,魹ｽ魹ｽ魹ｽﾎｽ魹ｽ 魹ｽ魹ｽ魹ｽ驎ｸ,魹ｽ魹ｽ魹ｽ魹ｽ魹ｽ魹ｽ,4146352000,"[1,1,1,1,1,1,1]",true
魹ｽ魹ｽ箏ｵ,魹ｽ魹ｽ魹ｽﾎｽ魹ｽ 魹ｽ魹ｽ魹ｽ驎ｸ,魹ｽ魹ｽ魹ｽ魹ｽ魹ｽ魹ｽ,4146356000,"[1,1,1,1,1,1,1]",true
魹ｽ魹ｽ箏ｵ,魹ｽ魹ｽ魹ｽﾎｽ魹ｽ 魹ｽ魹ｽ魹ｽ驎ｸ,魹ｽ魹ｽ魹ｽ髃ｿ,4146354000,"[1,1,1,1,1,1,1]",true
魹ｽ魹ｽ箏ｵ,魹ｽ魹ｽ魹ｽﾎｽ魹ｽ 魹ｽ魹ｽ魹ｽ驎ｸ,魹ｽ魹ｽ魹ｽ魹ｽ1魹ｽ魹ｽ,4146357200,"[1,1,1,1,1,1,1]",true
魹ｽ魹ｽ箏ｵ,魹ｽ魹ｽ魹ｽﾎｽ魹ｽ 魹ｽ魹ｽ魹ｽ驎ｸ,魹ｽ魹ｽ魹ｽ魹ｽ2魹ｽ魹ｽ,4146357500,"[1,1,1,1,1,1,1]",true
魹ｽ魹ｽ箏ｵ,魹ｽ魹ｽ魹ｽﾎｽ魹ｽ 魹ｽ魹ｽ魹ｽ驎ｸ,魹ｽ魹ｽ魹ｽ魹ｽ3魹ｽ魹ｽ,4146357700,"[1,1,1,1,1,1,1]",true
魹ｽ魹ｽ箏ｵ,魹ｽ魹ｽ魹ｽﾎｽ魹ｽ 魹ｽ魹ｽ魹ｽ驎ｸ,魹ｽ魹ｽ魹ｽﾏｵ魹ｽ,4146357000,"[1,1,1,1,1,1,1]",true
魹ｽ魹ｽ箏ｵ,魹ｽ魹ｽ魹ｽﾎｽ魹ｽ 魹ｽ魹ｽ魹ｽ驎ｸ,魹ｽ魹ｽ魹ｽ魹ｽ,4146353500,"[1,1,1,1,1,1,1]",true
魹ｽ魹ｽ箏ｵ,魹ｽ魹ｽ魹ｽﾎｽ魹ｽ 魹ｽ魹ｽ魹ｽ驎ｸ,魹ｽ魹ｽ魹ｽ魹ｽ魹ｽ魹ｽ,4146359000,"[1,1,1,1,1,1,1]",true
魹ｽ魹ｽ箏ｵ,魹ｽ魹ｽ魹ｽﾎｽ魹ｽ 魹ｽ魹ｽ魹ｽ驎ｸ,魹ｽ㬚･ｵ魹ｽ,4146353000,"[1,1,1,1,1,1,1]",true
魹ｽ魹ｽ箏ｵ,魹ｽ魹ｽ魹ｽﾎｽ魹ｽ 魹ｽ魹ｽ魹ｽ驎ｸ,魹ｽ魹ｽ魹ｽﾏｵ魹ｽ,4146358600,"[1,1,1,1,1,1,1]",true
魹ｽ魹ｽ箏ｵ,魹ｽ魹ｽ魹ｽﾎｽ魹ｽ 魹ｽ魹ｽ魹ｽ驎ｸ,魹ｽ魹ｽ魹ｽ魹ｽ,4146355000,"[1,1,1,1,1,1,1]",true
魹ｽ魹ｽ箏ｵ,魹ｽ魹ｽ魹ｽﾎｽ魹ｽ 魹ｽ魹ｽ魹ｽ驎ｸ,魹ｽﾅｰ魹ｽ魹ｽ魹ｽ,4146351000,"[1,1,1,1,1,1,1]",true
魹ｽ魹ｽ箏ｵ,魹ｽ魹ｽ魹ｽﾎｽ魹ｽ 魹ｽ魹ｽ魹ｽ驎ｸ,魹ｽ魹ｽ魹ｽ魹ｽ1魹ｽ魹ｽ,4146351600,"[1,1,1,1,1,1,1]",true
魹ｽ魹ｽ箏ｵ,魹ｽ魹ｽ魹ｽﾎｽ魹ｽ 魹ｽ魹ｽ魹ｽ驎ｸ,魹ｽ魹ｽ魹ｽ魹ｽ2魹ｽ魹ｽ,4146351700,"[1,1,1,1,1,1,1]",true
魹ｽ魹ｽ箏ｵ,魹ｽ魹ｽ魹ｽﾎｽ魹ｽ 魹ｽ魹ｽ魹ｽ魹ｽ魹ｽ魹ｽ,魹ｽ魹ｽﾃｵ魹ｽ魹ｽ,4146556000,"[1,1,1,1,1,1,1]",true
魹ｽ魹ｽ箏ｵ,魹ｽ魹ｽ魹ｽﾎｽ魹ｽ 魹ｽ魹ｽ魹ｽ魹ｽ魹ｽ魹ｽ,魹ｽ魹ｽ魹ｽ魹ｽ1魹ｽ魹ｽ,4146557000,"[1,1,1,1,1,1,1]",true
魹ｽ魹ｽ箏ｵ,魹ｽ魹ｽ魹ｽﾎｽ魹ｽ 魹ｽ魹ｽ魹ｽ魹ｽ魹ｽ魹ｽ,魹ｽ魹ｽ魹ｽ魹ｽ2魹ｽ魹ｽ,4146558000,"[1,1,1,1,1,1,1]",true
魹ｽ魹ｽ箏ｵ,魹ｽ魹ｽ魹ｽﾎｽ魹ｽ 魹ｽ魹ｽ魹ｽ魹ｽ魹ｽ魹ｽ,魹ｽ魹ｽ魹ｽ魹ｽ3魹ｽ魹ｽ,4146558500,"[1,1,1,1,1,1,1]",true
魹ｽ魹ｽ箏ｵ,魹ｽ魹ｽ魹ｽﾎｽ魹ｽ 魹ｽ魹ｽ魹ｽ魹ｽ魹ｽ魹ｽ,魹ｽ魹ｽ魹ｽ魹ｽ魹ｽ魹ｽ,4146559000,"[1,1,1,1,1,1,1]",true
魹ｽ魹ｽ箏ｵ,魹ｽ魹ｽ魹ｽﾎｽ魹ｽ 魹ｽ魹ｽ魹ｽ魹ｽ魹ｽ魹ｽ,魹ｽﾅｺ魹ｽ魹ｽ魹ｽ,4146553000,"[1,1,1,1,1,1,1]",true
魹ｽ魹ｽ箏ｵ,魹ｽ魹ｽ魹ｽﾎｽ魹ｽ 魹ｽ魹ｽ魹ｽ魹ｽ魹ｽ魹ｽ,魹ｽ魹ｽ魹ｽ魹ｽ1魹ｽ魹ｽ,4146554000,"[1,1,1,1,1,1,1]",true
魹ｽ魹ｽ箏ｵ,魹ｽ魹ｽ魹ｽﾎｽ魹ｽ 魹ｽ魹ｽ魹ｽ魹ｽ魹ｽ魹ｽ,魹ｽ魹ｽ魹ｽ魹ｽ2魹ｽ魹ｽ,4146555000,"[1,1,1,1,1,1,1]",true
魹ｽ魹ｽ箏ｵ,魹ｽ魹ｽ魹ｽﾎｽ魹ｽ 魹ｽ魹ｽ魹ｽ魹ｽ魹ｽ魹ｽ,魹ｽ魹ｽ魹ｽ魹ｽ3魹ｽ魹ｽ,4146555500,"[1,1,1,1,1,1,1]",true
魹ｽ魹ｽ箏ｵ,魹ｽ魹ｽ魹ｽﾎｽ魹ｽ 魹ｽ魹ｽ魹ｽ魹ｽ魹ｽ魹ｽ,ﾇｳ魹ｽ魹ｽﾃｵ1魹ｽ魹ｽ,4146551000,"[1,1,1,1,1,1,1]",true
魹ｽ魹ｽ箏ｵ,魹ｽ魹ｽ魹ｽﾎｽ魹ｽ 魹ｽ魹ｽ魹ｽ魹ｽ魹ｽ魹ｽ,ﾇｳ魹ｽ魹ｽﾃｵ2魹ｽ魹ｽ,4146552000,"[1,1,1,1,1,1,1]",true
魹ｽ魹ｽ箏ｵ,魹ｽ魹ｽ魹ｽﾎｽ魹ｽ ﾃｳ魹ｽﾎｱ魹ｽ,魹ｽ驊｡魹ｽ魹ｽ,4146152600,"[1,1,1,1,1,1,1]",true
魹ｽ魹ｽ箏ｵ,魹ｽ魹ｽ魹ｽﾎｽ魹ｽ ﾃｳ魹ｽﾎｱ魹ｽ,魹ｽ魹ｽ魹ｽﾏｵ魹ｽ,4146152500,"[1,1,1,1,1,1,1]",true
魹ｽ魹ｽ箏ｵ,魹ｽ魹ｽ魹ｽﾎｽ魹ｽ ﾃｳ魹ｽﾎｱ魹ｽ,魹ｽ魹ｽ魹ｽ魹ｽ1魹ｽ魹ｽ,4146153500,"[1,1,1,1,1,1,1]",true
魹ｽ魹ｽ箏ｵ,魹ｽ魹ｽ魹ｽﾎｽ魹ｽ ﾃｳ魹ｽﾎｱ魹ｽ,魹ｽ魹ｽ魹ｽ魹ｽ2魹ｽ魹ｽ,4146153600,"[1,1,1,1,1,1,1]",true
魹ｽ魹ｽ箏ｵ,魹ｽ魹ｽ魹ｽﾎｽ魹ｽ ﾃｳ魹ｽﾎｱ魹ｽ,魹ｽﾟｾﾓｵ魹ｽ,4146151000,"[1,1,1,1,1,1,1]",true
魹ｽ魹ｽ箏ｵ,魹ｽﾇｿﾕｽ魹ｽ,魹ｽ魹ｽﾃｵ魹ｽ魹ｽ,4143051000,"[1,1,1,1,1,1,1]",true
魹ｽ魹ｽ箏ｵ,魹ｽﾇｿﾕｽ魹ｽ,魹ｽ魹ｽ魹ｽ魹ｽ1魹ｽ魹ｽ,4143054000,"[1,1,1,1,1,1,1]",true
魹ｽ魹ｽ箏ｵ,魹ｽﾇｿﾕｽ魹ｽ,魹ｽ魹ｽ魹ｽ魹ｽ2魹ｽ魹ｽ,4143055000,"[1,1,1,1,1,1,1]",true
魹ｽ魹ｽ箏ｵ,魹ｽﾇｿﾕｽ魹ｽ,魹ｽﾎｰ豨ｿ,4143052000,"[1,1,1,1,1,1,1]",true
魹ｽ魹ｽ箏ｵ,魹ｽﾇｿﾕｽ魹ｽ,魹ｽ魹ｽ魹ｽ魹ｽ魹ｽ魹ｽ,4143053000,"[1,1,1,1,1,1,1]",true
魹ｽ魹ｽ箏ｵ,魹ｽﾇｿﾕｽ魹ｽ,ﾃｻ魹ｽ襍ｿ,4143056000,"[1,1,1,1,1,1,1]",true
魹ｽ魹ｽ箏ｵ,魹ｽ魹ｽ魹ｽ魹ｽ魹ｽﾎｽ魹ｽ,魹ｽ魹ｽ魹ｽﾉｵ魹ｽ,4115059500,"[1,1,1,1,1,1,1]",true
魹ｽ魹ｽ箏ｵ,魹ｽ魹ｽ魹ｽ魹ｽ魹ｽﾎｽ魹ｽ,魹ｽ魹ｽ弶ｿ,4115063000,"[1,1,1,1,1,1,1]",true
魹ｽ魹ｽ箏ｵ,魹ｽ魹ｽ魹ｽ魹ｽ魹ｽﾎｽ魹ｽ,魹ｽ魹ｽ邨ｿ,4115062000,"[1,1,1,1,1,1,1]",true
魹ｽ魹ｽ箏ｵ,魹ｽ魹ｽ魹ｽ魹ｽ魹ｽﾎｽ魹ｽ,魹ｽﾛｻ魹ｽ1魹ｽ魹ｽ,4115057300,"[1,1,1,1,1,1,1]",true
魹ｽ魹ｽ箏ｵ,魹ｽ魹ｽ魹ｽ魹ｽ魹ｽﾎｽ魹ｽ,魹ｽﾛｻ魹ｽ2魹ｽ魹ｽ,4115057600,"[1,1,1,1,1,1,1]",true
魹ｽ魹ｽ箏ｵ,魹ｽ魹ｽ魹ｽ魹ｽ魹ｽﾎｽ魹ｽ,魹ｽﾛｻ魹ｽ3魹ｽ魹ｽ,4115057800,"[1,1,1,1,1,1,1]",true
魹ｽ魹ｽ箏ｵ,魹ｽ魹ｽ魹ｽ魹ｽ魹ｽﾎｽ魹ｽ,魹ｽﾅｰ魹ｽ1魹ｽ魹ｽ,4115056700,"[1,1,1,1,1,1,1]",true
魹ｽ魹ｽ箏ｵ,魹ｽ魹ｽ魹ｽ魹ｽ魹ｽﾎｽ魹ｽ,魹ｽﾅｰ魹ｽ2魹ｽ魹ｽ,4115056800,"[1,1,1,1,1,1,1]",true
魹ｽ魹ｽ箏ｵ,魹ｽ魹ｽ魹ｽ魹ｽ魹ｽﾎｽ魹ｽ,魹ｽ魹ｽ魹ｽ魹ｽ魹ｽ魹ｽ1魹ｽ魹ｽ,4115051000,"[1,1,1,1,1,1,1]",true
魹ｽ魹ｽ箏ｵ,魹ｽ魹ｽ魹ｽ魹ｽ魹ｽﾎｽ魹ｽ,魹ｽ魹ｽ魹ｽ魹ｽ魹ｽ魹ｽ2魹ｽ魹ｽ,4115052000,"[1,1,1,1,1,1,1]",true
魹ｽ魹ｽ箏ｵ,魹ｽ魹ｽ魹ｽ魹ｽ魹ｽﾎｽ魹ｽ,魹ｽﾚｱﾝｵ魹ｽ,4115058000,"[1,1,1,1,1,1,1]",true
魹ｽ魹ｽ箏ｵ,魹ｽ魹ｽ魹ｽ魹ｽ魹ｽﾎｽ魹ｽ,魹ｽ魹ｽﾏｵ魹ｽ,4115056100,"[1,1,1,1,1,1,1]",true
魹ｽ魹ｽ箏ｵ,魹ｽ魹ｽ魹ｽ魹ｽ魹ｽﾎｽ魹ｽ,ﾈ｣魹ｽ魹ｽ1魹ｽ魹ｽ,4115054500,"[1,1,1,1,1,1,1]",true
魹ｽ魹ｽ箏ｵ,魹ｽ魹ｽ魹ｽ魹ｽ魹ｽﾎｽ魹ｽ,ﾈ｣魹ｽ魹ｽ2魹ｽ魹ｽ,4115055500,"[1,1,1,1,1,1,1]",true
魹ｽ魹ｽ箏ｵ,魹ｽ魹ｽ魹ｽ魹ｽ魹ｽﾎｽ魹ｽ,魹ｽ䰗ｱ魹ｽ魹ｽ,4115061500,"[1,1,1,1,1,1,1]",true
魹ｽ魹ｽ箏ｵ,魹ｽ魹ｽ魹ｽﾖｽ魹ｽ,魹ｽ魹ｽ魹ｽﾏｵ魹ｽ,4148054000,"[1,1,0,1,1,0,1]",true
魹ｽ魹ｽ箏ｵ,魹ｽ魹ｽ魹ｽﾖｽ魹ｽ,魹ｽ魹ｽ魹ｽ魹ｽ1魹ｽ魹ｽ,4148051000,"[1,1,0,1,1,0,1]",true
魹ｽ魹ｽ箏ｵ,魹ｽ魹ｽ魹ｽﾖｽ魹ｽ,魹ｽ魹ｽ魹ｽ魹ｽ2魹ｽ魹ｽ,4148052000,"[1,1,0,1,1,0,1]",true
魹ｽ魹ｽ箏ｵ,魹ｽ魹ｽ魹ｽﾖｽ魹ｽ,魹ｽ魹ｽ魹ｽ魹ｽ3魹ｽ魹ｽ,4148053000,"[1,1,0,1,1,0,1]",true
魹ｽ魹ｽ箏ｵ,魹ｽ魹ｽ魹ｽﾖｽ魹ｽ,魹ｽ魹ｽ魹ｽ魹ｽ1魹ｽ魹ｽ,4148055000,"[1,1,0,1,1,0,1]",true
魹ｽ魹ｽ箏ｵ,魹ｽ魹ｽ魹ｽﾖｽ魹ｽ,魹ｽ魹ｽ魹ｽ魹ｽ2魹ｽ魹ｽ,4148056000,"[1,1,0,1,1,0,1]",true
魹ｽ魹ｽ箏ｵ,魹ｽ魹ｽ魹ｽﾖｽ魹ｽ,魹ｽ魹ｽ魹ｽ魹ｽ3魹ｽ魹ｽ,4148057000,"[1,1,0,1,1,0,1]",true
魹ｽ魹ｽ箏ｵ,魹ｽ魹ｽ魹ｽﾖｽ魹ｽ,魹ｽ魹ｽ魹ｽ魹ｽ4魹ｽ魹ｽ,4148058000,"[1,1,0,1,1,0,1]",true
魹ｽ魹ｽ箏ｵ,魹ｽ魹ｽ魹ｽﾖｽ魹ｽ,魹ｽ魹ｽ魹ｽ魹ｽ5魹ｽ魹ｽ,4148059000,"[1,1,0,1,1,0,1]",true
魹ｽ魹ｽ箏ｵ,魹ｽ魹ｽ魹ｽﾖｽ魹ｽ,魹ｽ魹ｽ魹ｽ魹ｽ6魹ｽ魹ｽ,4148060000,"[1,1,0,1,1,0,1]",true
魹ｽ魹ｽ箏ｵ,魹ｽ魹ｽ魹ｽﾃｽ魹ｽ,魹ｽ魹ｽ魹ｽ魹ｽ魹ｽ,4122066000,"[1,0,1,1,0,1,1]",true
魹ｽ魹ｽ箏ｵ,魹ｽ魹ｽ魹ｽﾃｽ魹ｽ,魹ｽ魹ｽ魹ｽ襍ｿ,4122065000,"[1,0,1,1,0,1,1]",true
魹ｽ魹ｽ箏ｵ,魹ｽ魹ｽ魹ｽﾃｽ魹ｽ,魹ｽ魹ｽ魹ｽ魹ｽ1魹ｽ魹ｽ,4122062000,"[1,0,1,1,0,1,1]",true
魹ｽ魹ｽ箏ｵ,魹ｽ魹ｽ魹ｽﾃｽ魹ｽ,魹ｽ魹ｽ魹ｽ魹ｽ2魹ｽ魹ｽ,4122063000,"[1,0,1,1,0,1,1]",true
魹ｽ魹ｽ箏ｵ,魹ｽ魹ｽ魹ｽﾃｽ魹ｽ,魹ｽ魹ｽ魹ｽ魹ｽ魹ｽ魹ｽ,4122052000,"[1,0,1,1,0,1,1]",true
魹ｽ魹ｽ箏ｵ,魹ｽ魹ｽ魹ｽﾃｽ魹ｽ,魹ｽ魹ｽ魹ｽ魹ｽ魹ｽ魹ｽ,4122064000,"[1,0,1,1,0,1,1]",true
魹ｽ魹ｽ箏ｵ,魹ｽ魹ｽ魹ｽﾃｽ魹ｽ,魹ｽﾛｺﾏｵ魹ｽ,4122056000,"[1,0,1,1,0,1,1]",true
魹ｽ魹ｽ箏ｵ,魹ｽ魹ｽ魹ｽﾃｽ魹ｽ,魹ｽ魹ｽﾅｺ魹ｽ魹ｽ,4122053500,"[1,0,1,1,0,1,1]",true
魹ｽ魹ｽ箏ｵ,魹ｽ魹ｽ魹ｽﾃｽ魹ｽ,魹ｽ魹ｽ魹ｽ魹ｽ1魹ｽ魹ｽ,4122057000,"[1,0,1,1,0,1,1]",true
魹ｽ魹ｽ箏ｵ,魹ｽ魹ｽ魹ｽﾃｽ魹ｽ,魹ｽ魹ｽ魹ｽ魹ｽ2魹ｽ魹ｽ,4122058000,"[1,0,1,1,0,1,1]",true
魹ｽ魹ｽ箏ｵ,魹ｽ魹ｽ魹ｽﾃｽ魹ｽ,魹ｽ魹ｽ魹ｽ魹ｽ,4122059000,"[1,0,1,1,0,1,1]",true
魹ｽ魹ｽ箏ｵ,魹ｽ魹ｽ魹ｽﾃｽ魹ｽ,魹ｽ魹ｽ魹ｽﾌｵ魹ｽ,4122063500,"[1,0,1,1,0,1,1]",true
魹ｽ魹ｽ箏ｵ,魹ｽ魹ｽ魹ｽﾃｽ魹ｽ,魹ｽ魹ｽ魹ｽ魹ｽ,4122060000,"[1,0,1,1,0,1,1]",true
魹ｽ魹ｽ箏ｵ,魹ｽ魹ｽ魹ｽﾃｽ魹ｽ,魹ｽﾟｾﾓｵ魹ｽ,4122051000,"[1,0,1,1,0,1,1]",true
魹ｽ魹ｽ箏ｵ,魹ｽ魹ｽ魹ｽﾃｽ魹ｽ,魹ｽ魹ｽ魹ｽ弶ｿ,4122055000,"[1,0,1,1,0,1,1]",true
魹ｽ魹ｽ箏ｵ,魹ｽ魹ｽ魹ｽﾃｽ魹ｽ,魹ｽ欛ｹ魹ｽ魹ｽ,4122061000,"[1,0,1,1,0,1,1]",true
魹ｽ魹ｽ箏ｵ,魹ｽﾏｳ魹ｽ魹ｽ魹ｽ,魹ｽ魹ｽ魹ｽﾏｵ魹ｽ,4145058000,"[1,1,1,1,1,1,1]",true
魹ｽ魹ｽ箏ｵ,魹ｽﾏｳ魹ｽ魹ｽ魹ｽ,魹ｽ魹ｽ魹ｽﾏｵ魹ｽ,4145058200,"[1,1,1,1,1,1,1]",true
魹ｽ魹ｽ箏ｵ,魹ｽﾏｳ魹ｽ魹ｽ魹ｽ,魹ｽ魹ｽﾇｳ1魹ｽ魹ｽ,4145054000,"[1,1,1,1,1,1,1]",true
魹ｽ魹ｽ箏ｵ,魹ｽﾏｳ魹ｽ魹ｽ魹ｽ,魹ｽ魹ｽﾇｳ2魹ｽ魹ｽ,4145055000,"[1,1,1,1,1,1,1]",true
魹ｽ魹ｽ箏ｵ,魹ｽﾏｳ魹ｽ魹ｽ魹ｽ,魹ｽ魹ｽﾇｳ3魹ｽ魹ｽ,4145056000,"[1,1,1,1,1,1,1]",true
魹ｽ魹ｽ箏ｵ,魹ｽﾏｳ魹ｽ魹ｽ魹ｽ,魹ｽﾌｻ魹ｽ1魹ｽ魹ｽ,4145061000,"[1,1,1,1,1,1,1]",true
魹ｽ魹ｽ箏ｵ,魹ｽﾏｳ魹ｽ魹ｽ魹ｽ,魹ｽﾌｻ魹ｽ2魹ｽ魹ｽ,4145062000,"[1,1,1,1,1,1,1]",true
魹ｽ魹ｽ箏ｵ,魹ｽﾏｳ魹ｽ魹ｽ魹ｽ,魹ｽﾌｻ魹ｽ3魹ｽ魹ｽ,4145063000,"[1,1,1,1,1,1,1]",true
魹ｽ魹ｽ箏ｵ,魹ｽﾏｳ魹ｽ魹ｽ魹ｽ,魹ｽ魹ｽ魹ｽ魹ｽ1魹ｽ魹ｽ,4145052000,"[1,1,1,1,1,1,1]",true
魹ｽ魹ｽ箏ｵ,魹ｽﾏｳ魹ｽ魹ｽ魹ｽ,魹ｽ魹ｽ魹ｽ魹ｽ2魹ｽ魹ｽ,4145053000,"[1,1,1,1,1,1,1]",true
魹ｽ魹ｽ箏ｵ,魹ｽﾏｳ魹ｽ魹ｽ魹ｽ,魹ｽ魹ｽ魹ｽﾊｵ魹ｽ,4145058500,"[1,1,1,1,1,1,1]",true
魹ｽ魹ｽ箏ｵ,魹ｽﾏｳ魹ｽ魹ｽ魹ｽ,ﾃｵ魹ｽ魹ｽ魹ｽ魹ｽ,4145051000,"[1,1,1,1,1,1,1]",true
魹ｽ魹ｽ箏ｵ,魹ｽﾏｳ魹ｽ魹ｽ魹ｽ,魹ｽ魹ｽ魹ｽﾌｵ魹ｽ,4145060000,"[1,1,1,1,1,1,1]",true
魹ｽ魹ｽ箏ｵ,魹ｽﾏｳ魹ｽ魹ｽ魹ｽ,魹ｽ魹ｽﾃｵ魹ｽ,4145059000,"[1,1,1,1,1,1,1]",true
魹ｽ魹ｽ箏ｵ,ﾈｭ魹ｽ魹ｽ魹ｽ魹ｽ,魹ｽ魹ｽ襍ｿ,4159056000,"[1,1,1,1,1,1,1]",true
魹ｽ魹ｽ箏ｵ,ﾈｭ魹ｽ魹ｽ魹ｽ魹ｽ,魹ｽ魹ｽﾅｺ1魹ｽ魹ｽ,4159058500,"[1,1,1,1,1,1,1]",true
魹ｽ魹ｽ箏ｵ,ﾈｭ魹ｽ魹ｽ魹ｽ魹ｽ,魹ｽ魹ｽﾅｺ2魹ｽ魹ｽ,4159058600,"[1,1,1,1,1,1,1]",true
魹ｽ魹ｽ箏ｵ,ﾈｭ魹ｽ魹ｽ魹ｽ魹ｽ,魹ｽ魹ｽﾅｺ3魹ｽ魹ｽ,4159058700,"[1,1,1,1,1,1,1]",true
魹ｽ魹ｽ箏ｵ,ﾈｭ魹ｽ魹ｽ魹ｽ魹ｽ,魹ｽ魹ｽﾅｺ4魹ｽ魹ｽ,4159058800,"[1,1,1,1,1,1,1]",true
魹ｽ魹ｽ箏ｵ,ﾈｭ魹ｽ魹ｽ魹ｽ魹ｽ,魹ｽ魹ｽﾅｺ5魹ｽ魹ｽ,4159059000,"[1,1,1,1,1,1,1]",true
魹ｽ魹ｽ箏ｵ,ﾈｭ魹ｽ魹ｽ魹ｽ魹ｽ,魹ｽ魹ｽﾅｺ6魹ｽ魹ｽ,4159060000,"[1,1,1,1,1,1,1]",true
魹ｽ魹ｽ箏ｵ,ﾈｭ魹ｽ魹ｽ魹ｽ魹ｽ,魹ｽ魹ｽﾅｺ7魹ｽ魹ｽ,4159061000,"[1,1,1,1,1,1,1]",true
魹ｽ魹ｽ箏ｵ,ﾈｭ魹ｽ魹ｽ魹ｽ魹ｽ,魹ｽ魹ｽﾅｺ8魹ｽ魹ｽ,4159062000,"[1,1,1,1,1,1,1]",true
魹ｽ魹ｽ箏ｵ,ﾈｭ魹ｽ魹ｽ魹ｽ魹ｽ,魹ｽ魹ｽﾅｺ9魹ｽ魹ｽ,4159063000,"[1,1,1,1,1,1,1]",true
魹ｽ魹ｽ箏ｵ,ﾈｭ魹ｽ魹ｽ魹ｽ魹ｽ,魹ｽﾝｿ魹ｽ魹ｽ魹ｽ,4159055000,"[1,1,1,1,1,1,1]",true
魹ｽ魹ｽ箏ｵ,ﾈｭ魹ｽ魹ｽ魹ｽ魹ｽ,魹ｽ魹ｽ魹ｽ魹ｽ1魹ｽ魹ｽ,4159053000,"[1,1,1,1,1,1,1]",true
魹ｽ魹ｽ箏ｵ,ﾈｭ魹ｽ魹ｽ魹ｽ魹ｽ,魹ｽ魹ｽ魹ｽ魹ｽ2魹ｽ魹ｽ,4159054000,"[1,1,1,1,1,1,1]",true
魹ｽ魹ｽ箏ｵ,ﾈｭ魹ｽ魹ｽ魹ｽ魹ｽ,魹ｽ魹ｽ魹ｽ魹ｽ魹ｽ魹ｽ,4159025300,"[1,1,1,1,1,1,1]",true
魹ｽ魹ｽ箏ｵ,ﾈｭ魹ｽ魹ｽ魹ｽ魹ｽ,魹ｽ魹ｽ魹ｽﾈｵ魹ｽ,4159052000,"[1,1,1,1,1,1,1]",true
魹ｽ魹ｽ箏ｵ,ﾈｭ魹ｽ魹ｽ魹ｽ魹ｽ,ﾈｭ魹ｽ弶ｿ,4159057000,"[1,1,1,1,1,1,1]",true
魹ｽ魹ｽ箏ｵ,ﾈｭ魹ｽ魹ｽ魹ｽ魹ｽ 魹ｽ魹ｽﾅｺ魹ｽ魹ｽ,魹ｽ魹ｽﾅｺ1魹ｽ魹ｽ,4159751000,"[1,1,1,1,1,1,1]",true
魹ｽ魹ｽ箏ｵ,ﾈｭ魹ｽ魹ｽ魹ｽ魹ｽ 魹ｽ魹ｽﾅｺ魹ｽ魹ｽ,魹ｽ魹ｽﾅｺ2魹ｽ魹ｽ,4159752000,"[1,1,1,1,1,1,1]",true
魹ｽ魹ｽ箏ｵ,ﾈｭ魹ｽ魹ｽ魹ｽ魹ｽ 魹ｽ魹ｽﾅｺ魹ｽ魹ｽ,魹ｽ魹ｽﾅｺ3魹ｽ魹ｽ,4159753000,"[1,1,1,1,1,1,1]",true
魹ｽ魹ｽ箏ｵ,ﾈｭ魹ｽ魹ｽ魹ｽ魹ｽ 魹ｽ魹ｽﾅｺ魹ｽ魹ｽ,魹ｽ魹ｽﾅｺ4魹ｽ魹ｽ,4159754000,"[1,1,1,1,1,1,1]",true
魹ｽ魹ｽ箏ｵ,ﾈｭ魹ｽ魹ｽ魹ｽ魹ｽ 魹ｽ魹ｽﾅｺ魹ｽ魹ｽ,魹ｽ魹ｽﾅｺ5魹ｽ魹ｽ,4159755000,"[1,1,1,1,1,1,1]",true
魹ｽ魹ｽ箏ｵ,ﾈｭ魹ｽ魹ｽ魹ｽ魹ｽ 魹ｽ魹ｽﾅｺ魹ｽ魹ｽ,魹ｽ魹ｽﾅｺ6魹ｽ魹ｽ,4159756000,"[1,1,1,1,1,1,1]",true
魹ｽ魹ｽ箏ｵ,ﾈｭ魹ｽ魹ｽ魹ｽ魹ｽ 魹ｽ魹ｽﾅｺ魹ｽ魹ｽ,魹ｽ魹ｽﾅｺ7魹ｽ魹ｽ,4159757000,"[1,1,1,1,1,1,1]",true
魹ｽ魹ｽ箏ｵ,ﾈｭ魹ｽ魹ｽ魹ｽ魹ｽ 魹ｽ魹ｽﾅｺ魹ｽ魹ｽ,魹ｽ魹ｽﾅｺ8魹ｽ魹ｽ,4159758000,"[1,1,1,1,1,1,1]",true
魹ｽ魹ｽ箏ｵ,ﾈｭ魹ｽ魹ｽ魹ｽ魹ｽ 魹ｽ魹ｽﾅｺ魹ｽ魹ｽ,魹ｽ魹ｽﾅｺ9魹ｽ魹ｽ,4159759000,"[1,1,1,1,1,1,1]",true
魹ｽ魹ｽ箏ｵ,ﾈｭ魹ｽ魹ｽ魹ｽ魹ｽ 魹ｽ魹ｽ魹ｽ魹ｽ魹ｽ魹ｽ,魹ｽﾝｿ魹ｽ魹ｽ魹ｽ,4159554000,"[1,1,1,1,1,1,1]",true
魹ｽ魹ｽ箏ｵ,ﾈｭ魹ｽ魹ｽ魹ｽ魹ｽ 魹ｽ魹ｽ魹ｽ魹ｽ魹ｽ魹ｽ,魹ｽ魹ｽ魹ｽ魹ｽ1魹ｽ魹ｽ,4159552000,"[1,1,1,1,1,1,1]",true
魹ｽ魹ｽ箏ｵ,ﾈｭ魹ｽ魹ｽ魹ｽ魹ｽ 魹ｽ魹ｽ魹ｽ魹ｽ魹ｽ魹ｽ,魹ｽ魹ｽ魹ｽ魹ｽ2魹ｽ魹ｽ,4159553000,"[1,1,1,1,1,1,1]",true
魹ｽ魹ｽ箏ｵ,ﾈｭ魹ｽ魹ｽ魹ｽ魹ｽ 魹ｽ魹ｽ魹ｽ魹ｽ魹ｽ魹ｽ,魹ｽ魹ｽ魹ｽﾈｵ魹ｽ,4159551000,"[1,1,1,1,1,1,1]",true
魹ｽ魹ｽ箏ｵ,ﾈｭ魹ｽ魹ｽ魹ｽ魹ｽ 魹ｽ魹ｽ魹ｽ魹ｽ魹ｽ魹ｽ,ﾈｭ魹ｽ弶ｿ,4159555000,"[1,1,1,1,1,1,1]",true
魹ｽ魹ｽ箏ｵ,ﾈｭ魹ｽ魹ｽ魹ｽ魹ｽ ﾈｿ魹ｽ牾ｸ,魹ｽ魹ｽ襍ｿ,4159351000,"[1,1,1,1,1,1,1]",true
魹ｽ魹ｽ箏ｵ,ﾈｭ魹ｽ魹ｽ魹ｽ魹ｽ ﾈｿ魹ｽ牾ｸ,魹ｽ魹ｽ魹ｽ魹ｽ魹ｽ魹ｽ,4159325000,"[1,1,1,1,1,1,1]",true
魹ｽ魹ｽ魹ｽ魹ｽ魹ｽ魹ｽ魹ｽ魹ｽ魹ｽ魹ｽ,魹ｽ魹ｽ魹ｽ魹ｽ魹ｽ,魹ｽ魹ｽﾈｭ魹ｽ魹ｽ,3023052000,"[1,0,1,1,0,1,0]",true
魹ｽ魹ｽ魹ｽ魹ｽ魹ｽ魹ｽ魹ｽ魹ｽ魹ｽ魹ｽ,魹ｽ魹ｽ魹ｽ魹ｽ魹ｽ,魹ｽ魹ｽ魹ｽﾏｵ魹ｽ,3023057000,"[1,0,1,1,0,1,0]",true
魹ｽ魹ｽ魹ｽ魹ｽ魹ｽ魹ｽ魹ｽ魹ｽ魹ｽ魹ｽ,魹ｽ魹ｽ魹ｽ魹ｽ魹ｽ,魹ｽ魹ｽ魹ｽ,3023058000,"[1,0,1,1,0,1,0]",true
魹ｽ魹ｽ魹ｽ魹ｽ魹ｽ魹ｽ魹ｽ魹ｽ魹ｽ魹ｽ,魹ｽ魹ｽ魹ｽ魹ｽ魹ｽ,魹ｽ魹ｽ1魹ｽ魹ｽ,3023060000,"[1,0,1,1,0,1,0]",true
魹ｽ魹ｽ魹ｽ魹ｽ魹ｽ魹ｽ魹ｽ魹ｽ魹ｽ魹ｽ,魹ｽ魹ｽ魹ｽ魹ｽ魹ｽ,魹ｽ魹ｽ2魹ｽ魹ｽ,3023061000,"[1,0,1,1,0,1,0]",true
魹ｽ魹ｽ魹ｽ魹ｽ魹ｽ魹ｽ魹ｽ魹ｽ魹ｽ魹ｽ,魹ｽ魹ｽ魹ｽ魹ｽ魹ｽ,魹ｽ嗢｡ｵ魹ｽ,3023053300,"[1,0,1,1,0,1,0]",true
魹ｽ魹ｽ魹ｽ魹ｽ魹ｽ魹ｽ魹ｽ魹ｽ魹ｽ魹ｽ,魹ｽ魹ｽ魹ｽ魹ｽ魹ｽ,魹ｽ魹ｽ魹ｽ魹ｽ魹ｽ魹ｽ,3023056000,"[1,0,1,1,0,1,0]",true
魹ｽ魹ｽ魹ｽ魹ｽ魹ｽ魹ｽ魹ｽ魹ｽ魹ｽ魹ｽ,魹ｽ魹ｽ魹ｽ魹ｽ魹ｽ,魹ｽ魹ｽ魹ｽﾌｵ魹ｽ,3023054300,"[1,0,1,1,0,1,0]",true
魹ｽ魹ｽ魹ｽ魹ｽ魹ｽ魹ｽ魹ｽ魹ｽ魹ｽ魹ｽ,魹ｽ魹ｽ魹ｽ魹ｽ魹ｽ,魹ｽ魹ｽﾅｺ魹ｽ魹ｽ魹ｽ魹ｽ,3023055000,"[1,0,1,1,0,1,0]",true
魹ｽ魹ｽ魹ｽ魹ｽ魹ｽ魹ｽ魹ｽ魹ｽ魹ｽ魹ｽ,魹ｽ魹ｽ魹ｽ魹ｽ魹ｽ,魹ｽ魹ｽ魹ｽ魹ｽ魹ｽ魹ｽ,3023051000,"[1,0,1,1,0,1,0]",true
魹ｽ魹ｽ魹ｽ魹ｽ魹ｽ魹ｽ魹ｽ魹ｽ魹ｽ魹ｽ,魹ｽ魹ｽ魹ｽ魹ｽ魹ｽ,魹ｽﾟｸ魹ｽ魹ｽ魹ｽ,3023054600,"[1,0,1,1,0,1,0]",true
魹ｽ魹ｽ魹ｽ魹ｽ魹ｽ魹ｽ魹ｽ魹ｽ魹ｽ魹ｽ,魹ｽ魹ｽ魹ｽ魹ｽ魹ｽ,ﾈｸ魹ｽ魹ｽ魹ｽ魹ｽ,3023052500,"[1,0,1,1,0,1,0]",true
魹ｽ魹ｽ魹ｽ魹ｽ魹ｽ魹ｽ魹ｽ魹ｽ魹ｽ魹ｽ,魹ｽ魹ｽ魹ｽ魹ｽ,魹ｽ魹ｽ魹ｽ魹ｽ1魹ｽ魹ｽ,3011062000,"[1,0,1,1,0,1,0]",true
魹ｽ魹ｽ魹ｽ魹ｽ魹ｽ魹ｽ魹ｽ魹ｽ魹ｽ魹ｽ,魹ｽ魹ｽ魹ｽ魹ｽ,魹ｽ魹ｽ魹ｽ魹ｽ2魹ｽ魹ｽ,3011063000,"[1,0,1,1,0,1,0]",true
魹ｽ魹ｽ魹ｽ魹ｽ魹ｽ魹ｽ魹ｽ魹ｽ魹ｽ魹ｽ,魹ｽ魹ｽ魹ｽ魹ｽ,魹ｽ檥ｿ,3011058500,"[1,0,1,1,0,1,0]",true
魹ｽ魹ｽ魹ｽ魹ｽ魹ｽ魹ｽ魹ｽ魹ｽ魹ｽ魹ｽ,魹ｽ魹ｽ魹ｽ魹ｽ,魹ｽ䰗ｺ魹ｽ魹ｽ,3011069500,"[1,0,1,1,0,1,0]",true
魹ｽ魹ｽ魹ｽ魹ｽ魹ｽ魹ｽ魹ｽ魹ｽ魹ｽ魹ｽ,魹ｽ魹ｽ魹ｽ魹ｽ,魹ｽ魹ｽ魹ｽ魹ｽ魹ｽ魹ｽ,3011066500,"[1,0,1,1,0,1,0]",true
魹ｽ魹ｽ魹ｽ魹ｽ魹ｽ魹ｽ魹ｽ魹ｽ魹ｽ魹ｽ,魹ｽ魹ｽ魹ｽ魹ｽ,魹ｽ魹ｽ魹ｽﾎｵ魹ｽ,3011054500,"[1,0,1,1,0,1,0]",true
魹ｽ魹ｽ魹ｽ魹ｽ魹ｽ魹ｽ魹ｽ魹ｽ魹ｽ魹ｽ,魹ｽ魹ｽ魹ｽ魹ｽ,魹ｽ魹ｽ豨ｿ,3011056000,"[1,0,1,1,0,1,0]",true
魹ｽ魹ｽ魹ｽ魹ｽ魹ｽ魹ｽ魹ｽ魹ｽ魹ｽ魹ｽ,魹ｽ魹ｽ魹ｽ魹ｽ,魹ｽ魹ｽ魹ｽ魹ｽ魹ｽ魹ｽ,3011064000,"[1,0,1,1,0,1,0]",true
魹ｽ魹ｽ魹ｽ魹ｽ魹ｽ魹ｽ魹ｽ魹ｽ魹ｽ魹ｽ,魹ｽ魹ｽ魹ｽ魹ｽ,魹ｽﾚｾ邨ｿ,3011059000,"[1,0,1,1,0,1,0]",true
魹ｽ魹ｽ魹ｽ魹ｽ魹ｽ魹ｽ魹ｽ魹ｽ魹ｽ魹ｽ,魹ｽ魹ｽ魹ｽ魹ｽ,魹ｽﾟｾﾓｵ魹ｽ,3011051500,"[1,0,1,1,0,1,0]",true
魹ｽ魹ｽ魹ｽ魹ｽ魹ｽ魹ｽ魹ｽ魹ｽ魹ｽ魹ｽ,魹ｽ魹ｽ魹ｽ魹ｽ,魹ｽﾇｾ魹ｽ1魹ｽ魹ｽ,3011055100,"[1,0,1,1,0,1,0]",true
魹ｽ魹ｽ魹ｽ魹ｽ魹ｽ魹ｽ魹ｽ魹ｽ魹ｽ魹ｽ,魹ｽ魹ｽ魹ｽ魹ｽ,魹ｽﾇｾ魹ｽ2魹ｽ魹ｽ,3011055200,"[1,0,1,1,0,1,0]",true
魹ｽ魹ｽ魹ｽ魹ｽ魹ｽ魹ｽ魹ｽ魹ｽ魹ｽ魹ｽ,魹ｽ魹ｽ魹ｽ魹ｽ,ﾈｫ魹ｽ魹ｽ魹ｽ魹ｽ,3011067000,"[1,0,1,1,0,1,0]",true
魹ｽ魹ｽ魹ｽ魹ｽ魹ｽ魹ｽ魹ｽ魹ｽ魹ｽ魹ｽ,魹ｽ魹ｽ魹ｽ魹ｽ,ﾈｿ魹ｽ魹ｽ,3011053000,"[1,0,1,1,0,1,0]",true
魹ｽ魹ｽ魹ｽ魹ｽ魹ｽ魹ｽ魹ｽ魹ｽ魹ｽ魹ｽ,魹ｽ魹ｽ魹ｽ魹ｽ,魹ｽ魹ｽ魹ｽ魹ｽ魹ｽ魹ｽ魹ｽ魹ｽ,3017059000,"[0,1,0,1,0,1,1]",true
魹ｽ魹ｽ魹ｽ魹ｽ魹ｽ魹ｽ魹ｽ魹ｽ魹ｽ魹ｽ,魹ｽ魹ｽ魹ｽ魹ｽ,魹ｽ魹ｽ魹ｽ蠏ｿ,3017057000,"[0,1,0,1,0,1,1]",true
魹ｽ魹ｽ魹ｽ魹ｽ魹ｽ魹ｽ魹ｽ魹ｽ魹ｽ魹ｽ,魹ｽ魹ｽ魹ｽ魹ｽ,魹ｽ魹ｽ魹ｽ魹ｽ1魹ｽ魹ｽ,3017058100,"[0,1,0,1,0,1,1]",true
魹ｽ魹ｽ魹ｽ魹ｽ魹ｽ魹ｽ魹ｽ魹ｽ魹ｽ魹ｽ,魹ｽ魹ｽ魹ｽ魹ｽ,魹ｽ魹ｽ魹ｽ魹ｽ2魹ｽ魹ｽ,3017058200,"[0,1,0,1,0,1,1]",true
魹ｽ魹ｽ魹ｽ魹ｽ魹ｽ魹ｽ魹ｽ魹ｽ魹ｽ魹ｽ,魹ｽ魹ｽ魹ｽ魹ｽ,魹ｽ魹ｽ魹ｽ魹ｽ1魹ｽ魹ｽ,3017059600,"[0,1,0,1,0,1,1]",true
魹ｽ魹ｽ魹ｽ魹ｽ魹ｽ魹ｽ魹ｽ魹ｽ魹ｽ魹ｽ,魹ｽ魹ｽ魹ｽ魹ｽ,魹ｽ魹ｽ魹ｽ魹ｽ2魹ｽ魹ｽ,3017059700,"[0,1,0,1,0,1,1]",true
魹ｽ魹ｽ魹ｽ魹ｽ魹ｽ魹ｽ魹ｽ魹ｽ魹ｽ魹ｽ,魹ｽ魹ｽ魹ｽ魹ｽ,魹ｽ魹ｽ魹ｽ魹ｽ魹ｽ魹ｽ,3017056000,"[0,1,0,1,0,1,1]",true
魹ｽ魹ｽ魹ｽ魹ｽ魹ｽ魹ｽ魹ｽ魹ｽ魹ｽ魹ｽ,魹ｽ魹ｽ魹ｽ魹ｽ,魹ｽ魹ｽ魹ｽ魹ｽ,3017057500,"[0,1,0,1,0,1,1]",true
魹ｽ魹ｽ魹ｽ魹ｽ魹ｽ魹ｽ魹ｽ魹ｽ魹ｽ魹ｽ,魹ｽ魹ｽ魹ｽ魹ｽ,魹ｽ魹ｽ魹ｽ魹ｽ1魹ｽ魹ｽ,3017052000,"[0,1,0,1,0,1,1]",true
魹ｽ魹ｽ魹ｽ魹ｽ魹ｽ魹ｽ魹ｽ魹ｽ魹ｽ魹ｽ,魹ｽ魹ｽ魹ｽ魹ｽ,魹ｽ魹ｽ魹ｽ魹ｽ2魹ｽ魹ｽ,3017053000,"[0,1,0,1,0,1,1]",true
魹ｽ魹ｽ魹ｽ魹ｽ魹ｽ魹ｽ魹ｽ魹ｽ魹ｽ魹ｽ,魹ｽ魹ｽ魹ｽ魹ｽ,魹ｽ魹ｽ魹ｽﾈｵ魹ｽ,3017059300,"[0,1,0,1,0,1,1]",true
魹ｽ魹ｽ魹ｽ魹ｽ魹ｽ魹ｽ魹ｽ魹ｽ魹ｽ魹ｽ,魹ｽ魹ｽ魹ｽ魹ｽ,魹ｽﾐｻ魹ｽ1魹ｽ魹ｽ,3017063000,"[0,1,0,1,0,1,1]",true
魹ｽ魹ｽ魹ｽ魹ｽ魹ｽ魹ｽ魹ｽ魹ｽ魹ｽ魹ｽ,魹ｽ魹ｽ魹ｽ魹ｽ,魹ｽﾐｻ魹ｽ2魹ｽ魹ｽ,3017064000,"[0,1,0,1,0,1,1]",true
魹ｽ魹ｽ魹ｽ魹ｽ魹ｽ魹ｽ魹ｽ魹ｽ魹ｽ魹ｽ,魹ｽ魹ｽ魹ｽ魹ｽ,魹ｽﾐｻ魹ｽ3魹ｽ魹ｽ,3017066000,"[0,1,0,1,0,1,1]",true
魹ｽ魹ｽ魹ｽ魹ｽ魹ｽ魹ｽ魹ｽ魹ｽ魹ｽ魹ｽ,魹ｽ魹ｽ魹ｽ魹ｽ,魹ｽ魹ｽ魹ｽ箏ｿ,3017065000,"[0,1,0,1,0,1,1]",true
魹ｽ魹ｽ魹ｽ魹ｽ魹ｽ魹ｽ魹ｽ魹ｽ魹ｽ魹ｽ,魹ｽ魹ｽ魹ｽ魹ｽ,魹ｽ魹ｽ魹ｽ魹ｽ,3017054000,"[0,1,0,1,0,1,1]",true
魹ｽ魹ｽ魹ｽ魹ｽ魹ｽ魹ｽ魹ｽ魹ｽ魹ｽ魹ｽ,魹ｽ魹ｽ魹ｽ魹ｽ,魹ｽ魹ｽ魹ｽ魹ｽ魹ｽ魹ｽ,3017051000,"[0,1,0,1,0,1,1]",true
魹ｽ魹ｽ魹ｽ魹ｽ魹ｽ魹ｽ魹ｽ魹ｽ魹ｽ魹ｽ,魹ｽ魹ｽ魹ｽ魹ｽ,魹ｽ欄ｮ魹ｽ魹ｽ,3017055000,"[0,1,0,1,0,1,1]",true
魹ｽ魹ｽ魹ｽ魹ｽ魹ｽ魹ｽ魹ｽ魹ｽ魹ｽ魹ｽ,魹ｽ魹ｽ魹ｽ魹ｽ,魹ｽ魹ｽ魹ｽ魹ｽ1魹ｽ魹ｽ,3017058600,"[0,1,0,1,0,1,1]",true
魹ｽ魹ｽ魹ｽ魹ｽ魹ｽ魹ｽ魹ｽ魹ｽ魹ｽ魹ｽ,魹ｽ魹ｽ魹ｽ魹ｽ,魹ｽ魹ｽ魹ｽ魹ｽ2魹ｽ魹ｽ,3017058700,"[0,1,0,1,0,1,1]",true
魹ｽ魹ｽ魹ｽ魹ｽ魹ｽ魹ｽ魹ｽ魹ｽ魹ｽ魹ｽ,魹ｽ魹ｽ魹ｽ魹ｽ,魹ｽ魹ｽ魹ｽ魹ｽ3魹ｽ魹ｽ,3017058800,"[0,1,0,1,0,1,1]",true
魹ｽ魹ｽ魹ｽ魹ｽ魹ｽ魹ｽ魹ｽ魹ｽ魹ｽ魹ｽ,魹ｽ魹ｽ魹ｽ魹ｽ,魹ｽ魹ｽ魹ｽ魹ｽ魹ｽ魹ｽ,3017053500,"[0,1,0,1,0,1,1]",true
魹ｽ魹ｽ魹ｽ魹ｽ魹ｽ魹ｽ魹ｽ魹ｽ魹ｽ魹ｽ,魹ｽ魹ｽ魹ｽ魹ｽ,ﾅｺ魹ｽ豬ｿ,3017055500,"[0,1,0,1,0,1,1]",true
魹ｽ魹ｽ魹ｽ魹ｽ魹ｽ魹ｽ魹ｽ魹ｽ魹ｽ魹ｽ,魹ｽ魹ｽ魹ｽ魹ｽ魹ｽ魹ｽ,魹ｽ魹ｽ魹ｽ魹ｽ,3020060000,"[1,0,1,0,1,0,1]",true
魹ｽ魹ｽ魹ｽ魹ｽ魹ｽ魹ｽ魹ｽ魹ｽ魹ｽ魹ｽ,魹ｽ魹ｽ魹ｽ魹ｽ魹ｽ魹ｽ,魹ｽ魹ｽ魹ｽ髃ｿ,3020058000,"[1,0,1,0,1,0,1]",true
魹ｽ魹ｽ魹ｽ魹ｽ魹ｽ魹ｽ魹ｽ魹ｽ魹ｽ魹ｽ,魹ｽ魹ｽ魹ｽ魹ｽ魹ｽ魹ｽ,魹ｽ魹ｽ魹ｽ魹ｽ1魹ｽ魹ｽ,3020054600,"[1,0,1,0,1,0,1]",true
魹ｽ魹ｽ魹ｽ魹ｽ魹ｽ魹ｽ魹ｽ魹ｽ魹ｽ魹ｽ,魹ｽ魹ｽ魹ｽ魹ｽ魹ｽ魹ｽ,魹ｽ魹ｽ魹ｽ魹ｽ2魹ｽ魹ｽ,3020054700,"[1,0,1,0,1,0,1]",true
魹ｽ魹ｽ魹ｽ魹ｽ魹ｽ魹ｽ魹ｽ魹ｽ魹ｽ魹ｽ,魹ｽ魹ｽ魹ｽ魹ｽ魹ｽ魹ｽ,魹ｽ魹ｽ魹ｽ魹ｽ3魹ｽ魹ｽ,3020054800,"[1,0,1,0,1,0,1]",true
魹ｽ魹ｽ魹ｽ魹ｽ魹ｽ魹ｽ魹ｽ魹ｽ魹ｽ魹ｽ,魹ｽ魹ｽ魹ｽ魹ｽ魹ｽ魹ｽ,魹ｽ魹ｽ檥ｿ,3020052700,"[1,0,1,0,1,0,1]",true
魹ｽ魹ｽ魹ｽ魹ｽ魹ｽ魹ｽ魹ｽ魹ｽ魹ｽ魹ｽ,魹ｽ魹ｽ魹ｽ魹ｽ魹ｽ魹ｽ,魹ｽﾅｼ魹ｽ魹ｽ魹ｽ,3020055000,"[1,0,1,0,1,0,1]",true
魹ｽ魹ｽ魹ｽ魹ｽ魹ｽ魹ｽ魹ｽ魹ｽ魹ｽ魹ｽ,魹ｽ魹ｽ魹ｽ魹ｽ魹ｽ魹ｽ,魹ｽ魹ｽﾃｵ1魹ｽ魹ｽ,3020053000,"[1,0,1,0,1,0,1]",true
魹ｽ魹ｽ魹ｽ魹ｽ魹ｽ魹ｽ魹ｽ魹ｽ魹ｽ魹ｽ,魹ｽ魹ｽ魹ｽ魹ｽ魹ｽ魹ｽ,魹ｽ魹ｽﾃｵ2魹ｽ魹ｽ,3020054000,"[1,0,1,0,1,0,1]",true
魹ｽ魹ｽ魹ｽ魹ｽ魹ｽ魹ｽ魹ｽ魹ｽ魹ｽ魹ｽ,魹ｽ魹ｽ魹ｽ魹ｽ魹ｽ魹ｽ,魹ｽ魹ｽ魹ｽ魹ｽ魹ｽ髃ｿ,3020061000,"[1,0,1,0,1,0,1]",true
魹ｽ魹ｽ魹ｽ魹ｽ魹ｽ魹ｽ魹ｽ魹ｽ魹ｽ魹ｽ,魹ｽ魹ｽ魹ｽ魹ｽ魹ｽ魹ｽ,魹ｽ魹ｽ魹ｽﾎｵ魹ｽ,3020057000,"[1,0,1,0,1,0,1]",true
魹ｽ魹ｽ魹ｽ魹ｽ魹ｽ魹ｽ魹ｽ魹ｽ魹ｽ魹ｽ,魹ｽ魹ｽ魹ｽ魹ｽ魹ｽ魹ｽ,魹ｽ魹ｽ魹ｽﾏｵ魹ｽ,3020052600,"[1,0,1,0,1,0,1]",true
魹ｽ魹ｽ魹ｽ魹ｽ魹ｽ魹ｽ魹ｽ魹ｽ魹ｽ魹ｽ,魹ｽﾟｱ魹ｽ,魹ｽ魹ｽ邨ｿ,3014063000,"[0,1,0,1,0,1,1]",true
魹ｽ魹ｽ魹ｽ魹ｽ魹ｽ魹ｽ魹ｽ魹ｽ魹ｽ魹ｽ,魹ｽﾟｱ魹ｽ,魹ｽ魹ｽ魹ｽ髃ｿ,3014057500,"[0,1,0,1,0,1,1]",true
魹ｽ魹ｽ魹ｽ魹ｽ魹ｽ魹ｽ魹ｽ魹ｽ魹ｽ魹ｽ,魹ｽﾟｱ魹ｽ,魹ｽ魹ｽ,3014055000,"[0,1,0,1,0,1,1]",true
魹ｽ魹ｽ魹ｽ魹ｽ魹ｽ魹ｽ魹ｽ魹ｽ魹ｽ魹ｽ,魹ｽﾟｱ魹ｽ,魹ｽ魹ｽﾃ｢魹ｽ魹ｽ,3014060500,"[0,1,0,1,0,1,1]",true
魹ｽ魹ｽ魹ｽ魹ｽ魹ｽ魹ｽ魹ｽ魹ｽ魹ｽ魹ｽ,魹ｽﾟｱ魹ｽ,魹ｽ魹ｽﾈｭ1魹ｽ魹ｽ,3014072000,"[0,1,0,1,0,1,1]",true
魹ｽ魹ｽ魹ｽ魹ｽ魹ｽ魹ｽ魹ｽ魹ｽ魹ｽ魹ｽ,魹ｽﾟｱ魹ｽ,魹ｽ魹ｽﾈｭ2魹ｽ魹ｽ,3014073000,"[0,1,0,1,0,1,1]",true
魹ｽ魹ｽ魹ｽ魹ｽ魹ｽ魹ｽ魹ｽ魹ｽ魹ｽ魹ｽ,魹ｽﾟｱ魹ｽ,魹ｽﾎｻ邨ｿ,3014064000,"[0,1,0,1,0,1,1]",true
魹ｽ魹ｽ魹ｽ魹ｽ魹ｽ魹ｽ魹ｽ魹ｽ魹ｽ魹ｽ,魹ｽﾟｱ魹ｽ,魹ｽ魹ｽ魹ｽ魹ｽ魹ｽ魹ｽ,3014062000,"[0,1,0,1,0,1,1]",true
魹ｽ魹ｽ魹ｽ魹ｽ魹ｽ魹ｽ魹ｽ魹ｽ魹ｽ魹ｽ,魹ｽﾟｱ魹ｽ,魹ｽ魹ｽ魹ｽ魹ｽ魹ｽ魹ｽ,3014067000,"[0,1,0,1,0,1,1]",true
魹ｽ魹ｽ魹ｽ魹ｽ魹ｽ魹ｽ魹ｽ魹ｽ魹ｽ魹ｽ,魹ｽﾟｱ魹ｽ,魹ｽ魹ｽﾎｵ魹ｽ,3014065500,"[0,1,0,1,0,1,1]",true
魹ｽ魹ｽ魹ｽ魹ｽ魹ｽ魹ｽ魹ｽ魹ｽ魹ｽ魹ｽ,魹ｽﾟｱ魹ｽ,魹ｽ魹ｽﾃｵ1魹ｽ魹ｽ,3014070000,"[0,1,0,1,0,1,1]",true
魹ｽ魹ｽ魹ｽ魹ｽ魹ｽ魹ｽ魹ｽ魹ｽ魹ｽ魹ｽ,魹ｽﾟｱ魹ｽ,魹ｽ魹ｽﾃｵ2魹ｽ魹ｽ,3014071000,"[0,1,0,1,0,1,1]",true
魹ｽ魹ｽ魹ｽ魹ｽ魹ｽ魹ｽ魹ｽ魹ｽ魹ｽ魹ｽ,魹ｽﾟｱ魹ｽ,魹ｽ魹ｽ魹ｽ狆ｱﾈｭ魹ｽ魹ｽ,3014053500,"[0,1,0,1,0,1,1]",true
魹ｽ魹ｽ魹ｽ魹ｽ魹ｽ魹ｽ魹ｽ魹ｽ魹ｽ魹ｽ,魹ｽﾟｱ魹ｽ,魹ｽ魹ｽ魹ｽﾌｵ魹ｽ,3014056000,"[0,1,0,1,0,1,1]",true
魹ｽ魹ｽ魹ｽ魹ｽ魹ｽ魹ｽ魹ｽ魹ｽ魹ｽ魹ｽ,魹ｽﾟｱ魹ｽ,魹ｽ魹ｽ魹ｽ魹ｽ1魹ｽ魹ｽ,3014068000,"[0,1,0,1,0,1,1]",true
魹ｽ魹ｽ魹ｽ魹ｽ魹ｽ魹ｽ魹ｽ魹ｽ魹ｽ魹ｽ,魹ｽﾟｱ魹ｽ,魹ｽ魹ｽ魹ｽ魹ｽ2魹ｽ魹ｽ,3014069000,"[0,1,0,1,0,1,1]",true
魹ｽ魹ｽ魹ｽ魹ｽﾆｯ魹ｽ魹ｽ魹ｽ魹ｽ,魹ｽ魹ｽ魹ｽ魹ｽ魹ｽ魹ｽ,魹ｽ魹ｽ魹ｽ魹ｽ1魹ｽ魹ｽ,1168066000,"[1,1,1,1,1,1,1]",true
魹ｽ魹ｽ魹ｽ魹ｽﾆｯ魹ｽ魹ｽ魹ｽ魹ｽ,魹ｽ魹ｽ魹ｽ魹ｽ魹ｽ魹ｽ,魹ｽ魹ｽ魹ｽ魹ｽ2魹ｽ魹ｽ,1168067000,"[1,1,1,1,1,1,1]",true
魹ｽ魹ｽ魹ｽ魹ｽﾆｯ魹ｽ魹ｽ魹ｽ魹ｽ,魹ｽ魹ｽ魹ｽ魹ｽ魹ｽ魹ｽ,魹ｽ魹ｽ魹ｽ魹ｽ3魹ｽ魹ｽ,1168067500,"[1,1,1,1,1,1,1]",true
魹ｽ魹ｽ魹ｽ魹ｽﾆｯ魹ｽ魹ｽ魹ｽ魹ｽ,魹ｽ魹ｽ魹ｽ魹ｽ魹ｽ魹ｽ,魹ｽ魹ｽ魹ｽ魹ｽ4魹ｽ魹ｽ,1168069000,"[1,1,1,1,1,1,1]",true
魹ｽ魹ｽ魹ｽ魹ｽﾆｯ魹ｽ魹ｽ魹ｽ魹ｽ,魹ｽ魹ｽ魹ｽ魹ｽ魹ｽ魹ｽ,魹ｽ魹ｽ魹ｽ魹ｽ1魹ｽ魹ｽ,1168052100,"[1,1,1,1,1,1,1]",true
魹ｽ魹ｽ魹ｽ魹ｽﾆｯ魹ｽ魹ｽ魹ｽ魹ｽ,魹ｽ魹ｽ魹ｽ魹ｽ魹ｽ魹ｽ,魹ｽ魹ｽ魹ｽ魹ｽ2魹ｽ魹ｽ,1168053100,"[1,1,1,1,1,1,1]",true
魹ｽ魹ｽ魹ｽ魹ｽﾆｯ魹ｽ魹ｽ魹ｽ魹ｽ,魹ｽ魹ｽ魹ｽ魹ｽ魹ｽ魹ｽ,魹ｽ魹ｽﾄ｡1魹ｽ魹ｽ,1168060000,"[1,1,1,1,1,1,1]",true
魹ｽ魹ｽ魹ｽ魹ｽﾆｯ魹ｽ魹ｽ魹ｽ魹ｽ,魹ｽ魹ｽ魹ｽ魹ｽ魹ｽ魹ｽ,魹ｽ魹ｽﾄ｡2魹ｽ魹ｽ,1168061000,"[1,1,1,1,1,1,1]",true
魹ｽ魹ｽ魹ｽ魹ｽﾆｯ魹ｽ魹ｽ魹ｽ魹ｽ,魹ｽ魹ｽ魹ｽ魹ｽ魹ｽ魹ｽ,魹ｽ魹ｽﾄ｡4魹ｽ魹ｽ,1168063000,"[1,1,1,1,1,1,1]",true
魹ｽ魹ｽ魹ｽ魹ｽﾆｯ魹ｽ魹ｽ魹ｽ魹ｽ,魹ｽ魹ｽ魹ｽ魹ｽ魹ｽ魹ｽ,魹ｽ魹ｽ魹ｽ魹ｽ1魹ｽ魹ｽ,1168065500,"[1,1,1,1,1,1,1]",true
魹ｽ魹ｽ魹ｽ魹ｽﾆｯ魹ｽ魹ｽ魹ｽ魹ｽ,魹ｽ魹ｽ魹ｽ魹ｽ魹ｽ魹ｽ,魹ｽ魹ｽ魹ｽ魹ｽ2魹ｽ魹ｽ,1168065600,"[1,1,1,1,1,1,1]",true
魹ｽ魹ｽ魹ｽ魹ｽﾆｯ魹ｽ魹ｽ魹ｽ魹ｽ,魹ｽ魹ｽ魹ｽ魹ｽ魹ｽ魹ｽ,魹ｽ䰗ｺ1魹ｽ魹ｽ,1168058000,"[1,1,1,1,1,1,1]",true
魹ｽ魹ｽ魹ｽ魹ｽﾆｯ魹ｽ魹ｽ魹ｽ魹ｽ,魹ｽ魹ｽ魹ｽ魹ｽ魹ｽ魹ｽ,魹ｽ䰗ｺ2魹ｽ魹ｽ,1168059000,"[1,1,1,1,1,1,1]",true
魹ｽ魹ｽ魹ｽ魹ｽﾆｯ魹ｽ魹ｽ魹ｽ魹ｽ,魹ｽ魹ｽ魹ｽ魹ｽ魹ｽ魹ｽ,魹ｽ魹ｽ魹ｽ豨ｿ,1168070000,"[1,1,1,1,1,1,1]",true
魹ｽ魹ｽ魹ｽ魹ｽﾆｯ魹ｽ魹ｽ魹ｽ魹ｽ,魹ｽ魹ｽ魹ｽ魹ｽ魹ｽ魹ｽ,魹ｽ魹ｽ魹ｽ魹ｽ魹ｽ魹ｽ,1168075000,"[1,1,1,1,1,1,1]",true
魹ｽ魹ｽ魹ｽ魹ｽﾆｯ魹ｽ魹ｽ魹ｽ魹ｽ,魹ｽ魹ｽ魹ｽ魹ｽ魹ｽ魹ｽ,魹ｽﾅｻ邨ｿ,1168051000,"[1,1,1,1,1,1,1]",true
魹ｽ魹ｽ魹ｽ魹ｽﾆｯ魹ｽ魹ｽ魹ｽ魹ｽ,魹ｽ魹ｽ魹ｽ魹ｽ魹ｽ魹ｽ,魹ｽﾐｱ魹ｽ魹ｽ魹ｽ魹ｽ魹ｽ,1168054500,"[1,1,1,1,1,1,1]",true
魹ｽ魹ｽ魹ｽ魹ｽﾆｯ魹ｽ魹ｽ魹ｽ魹ｽ,魹ｽ魹ｽ魹ｽ魹ｽ魹ｽ魹ｽ,魹ｽ魹ｽ魹ｽ魹ｽ1魹ｽ魹ｽ,1168064000,"[1,1,1,1,1,1,1]",true
魹ｽ魹ｽ魹ｽ魹ｽﾆｯ魹ｽ魹ｽ魹ｽ魹ｽ,魹ｽ魹ｽ魹ｽ魹ｽ魹ｽ魹ｽ,魹ｽ魹ｽ魹ｽ魹ｽ2魹ｽ魹ｽ,1168065000,"[1,1,1,1,1,1,1]",true
魹ｽ魹ｽ魹ｽ魹ｽﾆｯ魹ｽ魹ｽ魹ｽ魹ｽ,魹ｽ魹ｽ魹ｽ魹ｽ魹ｽ魹ｽ,魹ｽﾏｿ魹ｽ1魹ｽ魹ｽ,1168073000,"[1,1,1,1,1,1,1]",true
魹ｽ魹ｽ魹ｽ魹ｽﾆｯ魹ｽ魹ｽ魹ｽ魹ｽ,魹ｽ魹ｽ魹ｽ魹ｽ魹ｽ魹ｽ,魹ｽﾏｿ魹ｽ魹ｽ魹ｽ魹ｽ魹ｽ,1168072000,"[1,1,1,1,1,1,1]",true
魹ｽ魹ｽ魹ｽ魹ｽﾆｯ魹ｽ魹ｽ魹ｽ魹ｽ,魹ｽ魹ｽ魹ｽ魹ｽ魹ｽ魹ｽ,ﾃｻ魹ｽ羞ｿ,1168056500,"[1,1,1,1,1,1,1]",true
魹ｽ魹ｽ魹ｽ魹ｽﾆｯ魹ｽ魹ｽ魹ｽ魹ｽ,魹ｽ魹ｽ魹ｽ魹ｽ魹ｽ魹ｽ,魹ｽ魹ｽ魹ｽﾏｵ魹ｽ,1174051500,"[1,1,1,1,1,1,1]",true
魹ｽ魹ｽ魹ｽ魹ｽﾆｯ魹ｽ魹ｽ魹ｽ魹ｽ,魹ｽ魹ｽ魹ｽ魹ｽ魹ｽ魹ｽ,魹ｽ魹ｽ魹ｽ魹ｽ魹ｽ1魹ｽ魹ｽ,1174055000,"[1,1,1,1,1,1,1]",true
魹ｽ魹ｽ魹ｽ魹ｽﾆｯ魹ｽ魹ｽ魹ｽ魹ｽ,魹ｽ魹ｽ魹ｽ魹ｽ魹ｽ魹ｽ,魹ｽ魹ｽ魹ｽ魹ｽ魹ｽ2魹ｽ魹ｽ,1174056000,"[1,1,1,1,1,1,1]",true
魹ｽ魹ｽ魹ｽ魹ｽﾆｯ魹ｽ魹ｽ魹ｽ魹ｽ,魹ｽ魹ｽ魹ｽ魹ｽ魹ｽ魹ｽ,魹ｽ豬ｿ,1174068500,"[1,1,1,1,1,1,1]",true
魹ｽ魹ｽ魹ｽ魹ｽﾆｯ魹ｽ魹ｽ魹ｽ魹ｽ,魹ｽ魹ｽ魹ｽ魹ｽ魹ｽ魹ｽ,魹ｽ魹ｽ魹ｽ魹ｽ魹ｽ魹ｽ1魹ｽ魹ｽ,1174069000,"[1,1,1,1,1,1,1]",true
魹ｽ魹ｽ魹ｽ魹ｽﾆｯ魹ｽ魹ｽ魹ｽ魹ｽ,魹ｽ魹ｽ魹ｽ魹ｽ魹ｽ魹ｽ,魹ｽ魹ｽ魹ｽ魹ｽ魹ｽ魹ｽ2魹ｽ魹ｽ,1174070000,"[1,1,1,1,1,1,1]",true
魹ｽ魹ｽ魹ｽ魹ｽﾆｯ魹ｽ魹ｽ魹ｽ魹ｽ,魹ｽ魹ｽ魹ｽ魹ｽ魹ｽ魹ｽ,魹ｽ魹ｽ魹ｽ魹ｽ魹ｽ魹ｽ1魹ｽ魹ｽ,1174053000,"[1,1,1,1,1,1,1]",true
魹ｽ魹ｽ魹ｽ魹ｽﾆｯ魹ｽ魹ｽ魹ｽ魹ｽ,魹ｽ魹ｽ魹ｽ魹ｽ魹ｽ魹ｽ,魹ｽ魹ｽ魹ｽ魹ｽ魹ｽ魹ｽ2魹ｽ魹ｽ,1174054000,"[1,1,1,1,1,1,1]",true
魹ｽ魹ｽ魹ｽ魹ｽﾆｯ魹ｽ魹ｽ魹ｽ魹ｽ,魹ｽ魹ｽ魹ｽ魹ｽ魹ｽ魹ｽ,魹ｽ魹ｽ魹ｽ魹ｽ魹ｽ魹ｽ1魹ｽ魹ｽ,1174052500,"[1,1,1,1,1,1,1]",true
魹ｽ魹ｽ魹ｽ魹ｽﾆｯ魹ｽ魹ｽ魹ｽ魹ｽ,魹ｽ魹ｽ魹ｽ魹ｽ魹ｽ魹ｽ,魹ｽ魹ｽ魹ｽ魹ｽ魹ｽ魹ｽ2魹ｽ魹ｽ,1174052600,"[1,1,1,1,1,1,1]",true
魹ｽ魹ｽ魹ｽ魹ｽﾆｯ魹ｽ魹ｽ魹ｽ魹ｽ,魹ｽ魹ｽ魹ｽ魹ｽ魹ｽ魹ｽ,魹ｽ魹ｽ魹ｽ魹ｽ魹ｽ魹ｽ1魹ｽ魹ｽ,1174064000,"[1,1,1,1,1,1,1]",true
魹ｽ魹ｽ魹ｽ魹ｽﾆｯ魹ｽ魹ｽ魹ｽ魹ｽ,魹ｽ魹ｽ魹ｽ魹ｽ魹ｽ魹ｽ,魹ｽ魹ｽ魹ｽ魹ｽ魹ｽ魹ｽ2魹ｽ魹ｽ,1174065000,"[1,1,1,1,1,1,1]",true
魹ｽ魹ｽ魹ｽ魹ｽﾆｯ魹ｽ魹ｽ魹ｽ魹ｽ,魹ｽ魹ｽ魹ｽ魹ｽ魹ｽ魹ｽ,魹ｽ魹ｽ魹ｽ魹ｽ魹ｽ魹ｽ3魹ｽ魹ｽ,1174066000,"[1,1,1,1,1,1,1]",true
魹ｽ魹ｽ魹ｽ魹ｽﾆｯ魹ｽ魹ｽ魹ｽ魹ｽ,魹ｽ魹ｽ魹ｽ魹ｽ魹ｽ魹ｽ,魹ｽﾏｻ魹ｽ魹ｽ魹ｽ1魹ｽ魹ｽ,1174057000,"[1,1,1,1,1,1,1]",true
魹ｽ魹ｽ魹ｽ魹ｽﾆｯ魹ｽ魹ｽ魹ｽ魹ｽ,魹ｽ魹ｽ魹ｽ魹ｽ魹ｽ魹ｽ,魹ｽﾏｻ魹ｽ魹ｽ魹ｽ2魹ｽ魹ｽ,1174058000,"[1,1,1,1,1,1,1]",true
魹ｽ魹ｽ魹ｽ魹ｽﾆｯ魹ｽ魹ｽ魹ｽ魹ｽ,魹ｽ魹ｽ魹ｽ魹ｽ魹ｽ魹ｽ,魹ｽﾏｻ魹ｽ魹ｽ魹ｽ3魹ｽ魹ｽ,1174059000,"[1,1,1,1,1,1,1]",true
魹ｽ魹ｽ魹ｽ魹ｽﾆｯ魹ｽ魹ｽ魹ｽ魹ｽ,魹ｽ魹ｽ魹ｽ魹ｽ魹ｽ魹ｽ,ﾃｵﾈ｣魹ｽ魹ｽ1魹ｽ魹ｽ,1174060000,"[1,1,1,1,1,1,1]",true
魹ｽ魹ｽ魹ｽ魹ｽﾆｯ魹ｽ魹ｽ魹ｽ魹ｽ,魹ｽ魹ｽ魹ｽ魹ｽ魹ｽ魹ｽ,ﾃｵﾈ｣魹ｽ魹ｽ2魹ｽ魹ｽ,1174061000,"[1,1,1,1,1,1,1]",true
魹ｽ魹ｽ魹ｽ魹ｽﾆｯ魹ｽ魹ｽ魹ｽ魹ｽ,魹ｽ魹ｽ魹ｽ魹ｽ魹ｽ魹ｽ,ﾃｵﾈ｣魹ｽ魹ｽ3魹ｽ魹ｽ,1174062000,"[1,1,1,1,1,1,1]",true
魹ｽ魹ｽ魹ｽ魹ｽﾆｯ魹ｽ魹ｽ魹ｽ魹ｽ,魹ｽ魹ｽ魹ｽﾏｱ魹ｽ,魹ｽﾌｾﾆｵ魹ｽ,1130553500,"[1,1,1,1,1,1,1]",true
魹ｽ魹ｽ魹ｽ魹ｽﾆｯ魹ｽ魹ｽ魹ｽ魹ｽ,魹ｽ魹ｽ魹ｽﾏｱ魹ｽ,魹ｽ魹ｽ1魹ｽ魹ｽ,1130559500,"[1,1,1,1,1,1,1]",true
魹ｽ魹ｽ魹ｽ魹ｽﾆｯ魹ｽ魹ｽ魹ｽ魹ｽ,魹ｽ魹ｽ魹ｽﾏｱ魹ｽ,魹ｽ魹ｽ2魹ｽ魹ｽ,1130560300,"[1,1,1,1,1,1,1]",true
魹ｽ魹ｽ魹ｽ魹ｽﾆｯ魹ｽ魹ｽ魹ｽ魹ｽ,魹ｽ魹ｽ魹ｽﾏｱ魹ｽ,魹ｽ魹ｽ3魹ｽ魹ｽ,1130560800,"[1,1,1,1,1,1,1]",true
魹ｽ魹ｽ魹ｽ魹ｽﾆｯ魹ｽ魹ｽ魹ｽ魹ｽ,魹ｽ魹ｽ魹ｽﾏｱ魹ｽ,魹ｽ驊｢魹ｽ弶ｿ,1130557500,"[1,1,1,1,1,1,1]",true
魹ｽ魹ｽ魹ｽ魹ｽﾆｯ魹ｽ魹ｽ魹ｽ魹ｽ,魹ｽ魹ｽ魹ｽﾏｱ魹ｽ,魹ｽ魹ｽ邨ｿ,1130553400,"[1,1,1,1,1,1,1]",true
魹ｽ魹ｽ魹ｽ魹ｽﾆｯ魹ｽ魹ｽ魹ｽ魹ｽ,魹ｽ魹ｽ魹ｽﾏｱ魹ｽ,魹ｽ魹ｽ魹ｽﾟｵ魹ｽ,1130554500,"[1,1,1,1,1,1,1]",true
魹ｽ魹ｽ魹ｽ魹ｽﾆｯ魹ｽ魹ｽ魹ｽ魹ｽ,魹ｽ魹ｽ魹ｽﾏｱ魹ｽ,魹ｽ魹ｽﾃｵ魹ｽ魹ｽ,1130555500,"[1,1,1,1,1,1,1]",true
魹ｽ魹ｽ魹ｽ魹ｽﾆｯ魹ｽ魹ｽ魹ｽ魹ｽ,魹ｽ魹ｽ魹ｽﾏｱ魹ｽ,魹ｽ魹ｽ魹ｽ魹ｽ1魹ｽ魹ｽ,1130561500,"[1,1,1,1,1,1,1]",true
魹ｽ魹ｽ魹ｽ魹ｽﾆｯ魹ｽ魹ｽ魹ｽ魹ｽ,魹ｽ魹ｽ魹ｽﾏｱ魹ｽ,魹ｽ魹ｽ魹ｽ魹ｽ2魹ｽ魹ｽ,1130562500,"[1,1,1,1,1,1,1]",true
魹ｽ魹ｽ魹ｽ魹ｽﾆｯ魹ｽ魹ｽ魹ｽ魹ｽ,魹ｽ魹ｽ魹ｽﾏｱ魹ｽ,魹ｽ魹ｽ魹ｽ魹ｽ3魹ｽ魹ｽ,1130563500,"[1,1,1,1,1,1,1]",true
魹ｽ魹ｽ魹ｽ魹ｽﾆｯ魹ｽ魹ｽ魹ｽ魹ｽ,魹ｽ魹ｽ魹ｽﾏｱ魹ｽ,魹ｽ魹ｽ魹ｽﾌｵ魹ｽ,1130564500,"[1,1,1,1,1,1,1]",true
魹ｽ魹ｽ魹ｽ魹ｽﾆｯ魹ｽ魹ｽ魹ｽ魹ｽ,魹ｽ魹ｽ魹ｽﾏｱ魹ｽ,魹ｽﾎｼ魹ｽ魹ｽ魹ｽ,1130566000,"[1,1,1,1,1,1,1]",true
魹ｽ魹ｽ魹ｽ魹ｽﾆｯ魹ｽ魹ｽ魹ｽ魹ｽ,魹ｽ魹ｽ魹ｽ魹ｽ魹ｽ魹ｽ,魹ｽ魹ｽ魹ｽ魹ｽ魹ｽ魹ｽ1魹ｽ魹ｽ,1150060300,"[1,1,1,1,1,1,1]",true
魹ｽ魹ｽ魹ｽ魹ｽﾆｯ魹ｽ魹ｽ魹ｽ魹ｽ,魹ｽ魹ｽ魹ｽ魹ｽ魹ｽ魹ｽ,魹ｽ魹ｽ魹ｽ魹ｽ魹ｽ魹ｽ2魹ｽ魹ｽ,1150060400,"[1,1,1,1,1,1,1]",true
魹ｽ魹ｽ魹ｽ魹ｽﾆｯ魹ｽ魹ｽ魹ｽ魹ｽ,魹ｽ魹ｽ魹ｽ魹ｽ魹ｽ魹ｽ,魹ｽ魹ｽ魹ｽ魹ｽ魹ｽ魹ｽ3魹ｽ魹ｽ,1150060500,"[1,1,1,1,1,1,1]",true
魹ｽ魹ｽ魹ｽ魹ｽﾆｯ魹ｽ魹ｽ魹ｽ魹ｽ,魹ｽ魹ｽ魹ｽ魹ｽ魹ｽ魹ｽ,魹ｽ魹ｽ魹ｽﾗｵ魹ｽ,1150062000,"[1,1,1,1,1,1,1]",true
魹ｽ魹ｽ魹ｽ魹ｽﾆｯ魹ｽ魹ｽ魹ｽ魹ｽ,魹ｽ魹ｽ魹ｽ魹ｽ魹ｽ魹ｽ,魹ｽ魹ｽ魹ｽ魹ｽ魹ｽ魹ｽ1魹ｽ魹ｽ,1150052000,"[1,1,1,1,1,1,1]",true
魹ｽ魹ｽ魹ｽ魹ｽﾆｯ魹ｽ魹ｽ魹ｽ魹ｽ,魹ｽ魹ｽ魹ｽ魹ｽ魹ｽ魹ｽ,魹ｽ魹ｽ魹ｽ魹ｽ魹ｽ魹ｽ2魹ｽ魹ｽ,1150053000,"[1,1,1,1,1,1,1]",true
魹ｽ魹ｽ魹ｽ魹ｽﾆｯ魹ｽ魹ｽ魹ｽ魹ｽ,魹ｽ魹ｽ魹ｽ魹ｽ魹ｽ魹ｽ,魹ｽ魹ｽ魹ｽ魹ｽ魹ｽ魹ｽ3魹ｽ魹ｽ,1150053500,"[1,1,1,1,1,1,1]",true
魹ｽ魹ｽ魹ｽ魹ｽﾆｯ魹ｽ魹ｽ魹ｽ魹ｽ,魹ｽ魹ｽ魹ｽ魹ｽ魹ｽ魹ｽ,魹ｽﾟｻ魹ｽ魹ｽ魹ｽ1魹ｽ魹ｽ,1150061100,"[1,1,1,1,1,1,1]",true
魹ｽ魹ｽ魹ｽ魹ｽﾆｯ魹ｽ魹ｽ魹ｽ魹ｽ,魹ｽ魹ｽ魹ｽ魹ｽ魹ｽ魹ｽ,魹ｽ魹ｽﾈｭ魹ｽ魹ｽ1魹ｽ魹ｽ,1150063000,"[1,1,1,1,1,1,1]",true
魹ｽ魹ｽ魹ｽ魹ｽﾆｯ魹ｽ魹ｽ魹ｽ魹ｽ,魹ｽ魹ｽ魹ｽ魹ｽ魹ｽ魹ｽ,魹ｽ魹ｽﾈｭ魹ｽ魹ｽ2魹ｽ魹ｽ,1150064000,"[1,1,1,1,1,1,1]",true
魹ｽ魹ｽ魹ｽ魹ｽﾆｯ魹ｽ魹ｽ魹ｽ魹ｽ,魹ｽ魹ｽ魹ｽ魹ｽ魹ｽ魹ｽ,魹ｽ魹ｽﾈｭ魹ｽ魹ｽ3魹ｽ魹ｽ,1150064100,"[1,1,1,1,1,1,1]",true
魹ｽ魹ｽ魹ｽ魹ｽﾆｯ魹ｽ魹ｽ魹ｽ魹ｽ,魹ｽ魹ｽ魹ｽ魹ｽ魹ｽ魹ｽ,魹ｽ魹ｽﾃ｢魹ｽ魹ｽ,1150051000,"[1,1,1,1,1,1,1]",true
魹ｽ魹ｽ魹ｽ魹ｽﾆｯ魹ｽ魹ｽ魹ｽ魹ｽ,魹ｽ魹ｽ魹ｽ魹ｽ魹ｽ魹ｽ,魹ｽ魹ｽ魹ｽ魹ｽ弶ｿ,1150061500,"[1,1,1,1,1,1,1]",true
魹ｽ魹ｽ魹ｽ魹ｽﾆｯ魹ｽ魹ｽ魹ｽ魹ｽ,魹ｽ魹ｽ魹ｽ魹ｽ魹ｽ魹ｽ,ﾈｭ魹ｽ賾ｻ魹ｽ魹ｽ,1150059000,"[1,1,1,1,1,1,1]",true
魹ｽ魹ｽ魹ｽ魹ｽﾆｯ魹ｽ魹ｽ魹ｽ魹ｽ,魹ｽ魹ｽ魹ｽ魹ｽ魹ｽ魹ｽ,ﾈｭ魹ｽ魹ｽ魹ｽ魹ｽ1魹ｽ魹ｽ,1150054000,"[1,1,1,1,1,1,1]",true
魹ｽ魹ｽ魹ｽ魹ｽﾆｯ魹ｽ魹ｽ魹ｽ魹ｽ,魹ｽ魹ｽ魹ｽ魹ｽ魹ｽ魹ｽ,ﾈｭ魹ｽ魹ｽ魹ｽ魹ｽ2魹ｽ魹ｽ,1150055000,"[1,1,1,1,1,1,1]",true
魹ｽ魹ｽ魹ｽ魹ｽﾆｯ魹ｽ魹ｽ魹ｽ魹ｽ,魹ｽ魹ｽ魹ｽ魹ｽ魹ｽ魹ｽ,ﾈｭ魹ｽ魹ｽ魹ｽ魹ｽ3魹ｽ魹ｽ,1150056000,"[1,1,1,1,1,1,1]",true
魹ｽ魹ｽ魹ｽ魹ｽﾆｯ魹ｽ魹ｽ魹ｽ魹ｽ,魹ｽ魹ｽ魹ｽ魹ｽ魹ｽ魹ｽ,ﾈｭ魹ｽ魹ｽ魹ｽ魹ｽ4魹ｽ魹ｽ,1150057000,"[1,1,1,1,1,1,1]",true
魹ｽ魹ｽ魹ｽ魹ｽﾆｯ魹ｽ魹ｽ魹ｽ魹ｽ,魹ｽ魹ｽ魹ｽ魹ｽ魹ｽ魹ｽ,ﾈｭ魹ｽ魹ｽ魹ｽ魹ｽ6魹ｽ魹ｽ,1150059100,"[1,1,1,1,1,1,1]",true
魹ｽ魹ｽ魹ｽ魹ｽﾆｯ魹ｽ魹ｽ魹ｽ魹ｽ,魹ｽ魹ｽ魹ｽ魹ｽ魹ｽ魹ｽ,ﾈｭ魹ｽ魹ｽ魹ｽ魹ｽ8魹ｽ魹ｽ,1150059300,"[1,1,1,1,1,1,1]",true
魹ｽ魹ｽ魹ｽ魹ｽﾆｯ魹ｽ魹ｽ魹ｽ魹ｽ,魹ｽ魹ｽ魹ｽﾇｱ魹ｽ,魹ｽ魹ｽ魹ｽ魹ｽ魹ｽ檥ｿ,1162058500,"[1,1,1,1,1,1,1]",true
魹ｽ魹ｽ魹ｽ魹ｽﾆｯ魹ｽ魹ｽ魹ｽ魹ｽ,魹ｽ魹ｽ魹ｽﾇｱ魹ｽ,魹ｽ魹ｽ魹ｽ豨ｿ,1162077500,"[1,1,1,1,1,1,1]",true
魹ｽ魹ｽ魹ｽ魹ｽﾆｯ魹ｽ魹ｽ魹ｽ魹ｽ,魹ｽ魹ｽ魹ｽﾇｱ魹ｽ,魹ｽ魹ｽ魹ｽ箏ｿ,1162071500,"[1,1,1,1,1,1,1]",true
魹ｽ魹ｽ魹ｽ魹ｽﾆｯ魹ｽ魹ｽ魹ｽ魹ｽ,魹ｽ魹ｽ魹ｽﾇｱ魹ｽ,魹ｽ魹ｽ魹ｽ魹ｽ魹ｽ魹ｽ,1162063000,"[1,1,1,1,1,1,1]",true
魹ｽ魹ｽ魹ｽ魹ｽﾆｯ魹ｽ魹ｽ魹ｽ魹ｽ,魹ｽ魹ｽ魹ｽﾇｱ魹ｽ,魹ｽ魹ｽ魹ｽﾐｵ魹ｽ,1162073500,"[1,1,1,1,1,1,1]",true
魹ｽ魹ｽ魹ｽ魹ｽﾆｯ魹ｽ魹ｽ魹ｽ魹ｽ,魹ｽ魹ｽ魹ｽﾇｱ魹ｽ,魹ｽﾌｼ魹ｽ魹ｽ魹ｽ,1162076500,"[1,1,1,1,1,1,1]",true
魹ｽ魹ｽ魹ｽ魹ｽﾆｯ魹ｽ魹ｽ魹ｽ魹ｽ,魹ｽ魹ｽ魹ｽﾇｱ魹ｽ,魹ｽ魹ｽ魹ｽ魹ｽﾅｵ魹ｽ,1162052500,"[1,1,1,1,1,1,1]",true
魹ｽ魹ｽ魹ｽ魹ｽﾆｯ魹ｽ魹ｽ魹ｽ魹ｽ,魹ｽ魹ｽ魹ｽﾇｱ魹ｽ,魹ｽ䰗ｺ魹ｽ魹ｽ,1162074500,"[1,1,1,1,1,1,1]",true
魹ｽ魹ｽ魹ｽ魹ｽﾆｯ魹ｽ魹ｽ魹ｽ魹ｽ,魹ｽ魹ｽ魹ｽﾇｱ魹ｽ,魹ｽ魹ｽ魹ｽ魹ｽ魹ｽ魹ｽ,1162066500,"[1,1,1,1,1,1,1]",true
魹ｽ魹ｽ魹ｽ魹ｽﾆｯ魹ｽ魹ｽ魹ｽ魹ｽ,魹ｽ魹ｽ魹ｽﾇｱ魹ｽ,魹ｽ魹ｽ魹ｽ魹ｽ魹ｽ魹ｽ,1162064500,"[1,1,1,1,1,1,1]",true
魹ｽ魹ｽ魹ｽ魹ｽﾆｯ魹ｽ魹ｽ魹ｽ魹ｽ,魹ｽ魹ｽ魹ｽﾇｱ魹ｽ,魹ｽ魹ｽ魹ｽ魹ｽ魹ｽ魹ｽ,1162056500,"[1,1,1,1,1,1,1]",true
魹ｽ魹ｽ魹ｽ魹ｽﾆｯ魹ｽ魹ｽ魹ｽ魹ｽ,魹ｽ魹ｽ魹ｽﾇｱ魹ｽ,魹ｽﾅｸ魹ｽ魹ｽ魹ｽ,1162069500,"[1,1,1,1,1,1,1]",true
魹ｽ魹ｽ魹ｽ魹ｽﾆｯ魹ｽ魹ｽ魹ｽ魹ｽ,魹ｽ魹ｽ魹ｽﾇｱ魹ｽ,魹ｽﾅｻ邨ｿ,1162068500,"[1,1,1,1,1,1,1]",true
魹ｽ魹ｽ魹ｽ魹ｽﾆｯ魹ｽ魹ｽ魹ｽ魹ｽ,魹ｽ魹ｽ魹ｽﾇｱ魹ｽ,魹ｽﾅｿ魹ｽ魹ｽ魹ｽ,1162065500,"[1,1,1,1,1,1,1]",true
魹ｽ魹ｽ魹ｽ魹ｽﾆｯ魹ｽ魹ｽ魹ｽ魹ｽ,魹ｽ魹ｽ魹ｽﾇｱ魹ｽ,魹ｽ魹ｽﾃｵ魹ｽ魹ｽ,1162060500,"[1,1,1,1,1,1,1]",true
魹ｽ魹ｽ魹ｽ魹ｽﾆｯ魹ｽ魹ｽ魹ｽ魹ｽ,魹ｽ魹ｽ魹ｽﾇｱ魹ｽ,魹ｽ魹ｽ魹ｽ蠏ｿ,1162062500,"[1,1,1,1,1,1,1]",true
魹ｽ魹ｽ魹ｽ魹ｽﾆｯ魹ｽ魹ｽ魹ｽ魹ｽ,魹ｽ魹ｽ魹ｽﾇｱ魹ｽ,魹ｽ魹ｽ魹ｽ魹ｽ魹ｽ魹ｽ,1162072500,"[1,1,1,1,1,1,1]",true
魹ｽ魹ｽ魹ｽ魹ｽﾆｯ魹ｽ魹ｽ魹ｽ魹ｽ,魹ｽ魹ｽ魹ｽﾇｱ魹ｽ,魹ｽﾟｾﾓｵ魹ｽ,1162061500,"[1,1,1,1,1,1,1]",true
魹ｽ魹ｽ魹ｽ魹ｽﾆｯ魹ｽ魹ｽ魹ｽ魹ｽ,魹ｽ魹ｽ魹ｽﾇｱ魹ｽ,ﾃｻ魹ｽ豬ｿ,1162059500,"[1,1,1,1,1,1,1]",true
魹ｽ魹ｽ魹ｽ魹ｽﾆｯ魹ｽ魹ｽ魹ｽ魹ｽ,魹ｽ魹ｽ魹ｽﾇｱ魹ｽ,ﾃｻ魹ｽ魹ｽ魹ｽ魹ｽ,1162054500,"[1,1,1,1,1,1,1]",true
魹ｽ魹ｽ魹ｽ魹ｽﾆｯ魹ｽ魹ｽ魹ｽ魹ｽ,魹ｽ魹ｽ魹ｽﾇｱ魹ｽ,魹ｽ魹ｽ豨ｿ,1162057500,"[1,1,1,1,1,1,1]",true
魹ｽ魹ｽ魹ｽ魹ｽﾆｯ魹ｽ魹ｽ魹ｽ魹ｽ,魹ｽ魹ｽ魹ｽ魹ｽ魹ｽ魹ｽ,魹ｽ魹ｽ魹ｽ蠏ｿ,1121581000,"[1,1,1,1,1,1,1]",true
魹ｽ魹ｽ魹ｽ魹ｽﾆｯ魹ｽ魹ｽ魹ｽ魹ｽ,魹ｽ魹ｽ魹ｽ魹ｽ魹ｽ魹ｽ,魹ｽ魹ｽ魹ｽ魹ｽ魹ｽ魹ｽ1魹ｽ魹ｽ,1121585000,"[1,1,1,1,1,1,1]",true
魹ｽ魹ｽ魹ｽ魹ｽﾆｯ魹ｽ魹ｽ魹ｽ魹ｽ,魹ｽ魹ｽ魹ｽ魹ｽ魹ｽ魹ｽ,魹ｽ魹ｽ魹ｽ魹ｽ魹ｽ魹ｽ2魹ｽ魹ｽ,1121586000,"[1,1,1,1,1,1,1]",true
魹ｽ魹ｽ魹ｽ魹ｽﾆｯ魹ｽ魹ｽ魹ｽ魹ｽ,魹ｽ魹ｽ魹ｽ魹ｽ魹ｽ魹ｽ,魹ｽ魹ｽ魹ｽ魹ｽ魹ｽ魹ｽ3魹ｽ魹ｽ,1121587000,"[1,1,1,1,1,1,1]",true
魹ｽ魹ｽ魹ｽ魹ｽﾆｯ魹ｽ魹ｽ魹ｽ魹ｽ,魹ｽ魹ｽ魹ｽ魹ｽ魹ｽ魹ｽ,魹ｽ魹ｽ魹ｽﾚｵ魹ｽ,1121573000,"[1,1,1,1,1,1,1]",true
魹ｽ魹ｽ魹ｽ魹ｽﾆｯ魹ｽ魹ｽ魹ｽ魹ｽ,魹ｽ魹ｽ魹ｽ魹ｽ魹ｽ魹ｽ,魹ｽﾉｵ魹ｽ,1121578000,"[1,1,1,1,1,1,1]",true
魹ｽ魹ｽ魹ｽ魹ｽﾆｯ魹ｽ魹ｽ魹ｽ魹ｽ,魹ｽ魹ｽ魹ｽ魹ｽ魹ｽ魹ｽ,魹ｽﾚｾ魹ｽ魹ｽ魹ｽ1魹ｽ魹ｽ,1121582000,"[1,1,1,1,1,1,1]",true
魹ｽ魹ｽ魹ｽ魹ｽﾆｯ魹ｽ魹ｽ魹ｽ魹ｽ,魹ｽ魹ｽ魹ｽ魹ｽ魹ｽ魹ｽ,魹ｽﾚｾ魹ｽ魹ｽ魹ｽ2魹ｽ魹ｽ,1121583000,"[1,1,1,1,1,1,1]",true
魹ｽ魹ｽ魹ｽ魹ｽﾆｯ魹ｽ魹ｽ魹ｽ魹ｽ,魹ｽ魹ｽ魹ｽ魹ｽ魹ｽ魹ｽ,魹ｽﾚｾ魹ｽ魹ｽ魹ｽ3魹ｽ魹ｽ,1121584000,"[1,1,1,1,1,1,1]",true
魹ｽ魹ｽ魹ｽ魹ｽﾆｯ魹ｽ魹ｽ魹ｽ魹ｽ,魹ｽ魹ｽ魹ｽ魹ｽ魹ｽ魹ｽ,魹ｽﾚｾ魹ｽ魹ｽ魹ｽ4魹ｽ魹ｽ,1121584700,"[1,1,1,1,1,1,1]",true
魹ｽ魹ｽ魹ｽ魹ｽﾆｯ魹ｽ魹ｽ魹ｽ魹ｽ,魹ｽ魹ｽ魹ｽ魹ｽ魹ｽ魹ｽ,魹ｽﾟｰ魹ｽ魹ｽ魹ｽ1魹ｽ魹ｽ,1121574000,"[1,1,1,1,1,1,1]",true
魹ｽ魹ｽ魹ｽ魹ｽﾆｯ魹ｽ魹ｽ魹ｽ魹ｽ,魹ｽ魹ｽ魹ｽ魹ｽ魹ｽ魹ｽ,魹ｽﾟｰ魹ｽ魹ｽ魹ｽ2魹ｽ魹ｽ,1121575000,"[1,1,1,1,1,1,1]",true
魹ｽ魹ｽ魹ｽ魹ｽﾆｯ魹ｽ魹ｽ魹ｽ魹ｽ,魹ｽ魹ｽ魹ｽ魹ｽ魹ｽ魹ｽ,魹ｽﾟｰ魹ｽ魹ｽ魹ｽ3魹ｽ魹ｽ,1121576000,"[1,1,1,1,1,1,1]",true
魹ｽ魹ｽ魹ｽ魹ｽﾆｯ魹ｽ魹ｽ魹ｽ魹ｽ,魹ｽ魹ｽ魹ｽ魹ｽ魹ｽ魹ｽ,魹ｽﾟｰ魹ｽ魹ｽ魹ｽ4魹ｽ魹ｽ,1121577000,"[1,1,1,1,1,1,1]",true
魹ｽ魹ｽ魹ｽ魹ｽﾆｯ魹ｽ魹ｽ魹ｽ魹ｽ,魹ｽ魹ｽ魹ｽ魹ｽ魹ｽ魹ｽ,ﾈｭ魹ｽ邨ｿ,1121571000,"[1,1,1,1,1,1,1]",true
魹ｽ魹ｽ魹ｽ魹ｽﾆｯ魹ｽ魹ｽ魹ｽ魹ｽ,魹ｽ魹ｽ魹ｽﾎｱ魹ｽ,魹ｽ魹ｽ魹ｽ魹ｽ魹ｽ魹ｽ魹ｽ魹ｽ,1153059500,"[1,1,1,1,1,1,1]",true
魹ｽ魹ｽ魹ｽ魹ｽﾆｯ魹ｽ魹ｽ魹ｽ魹ｽ,魹ｽ魹ｽ魹ｽﾎｱ魹ｽ,魹ｽ魹ｽ魹ｽ魹ｽ魹ｽ魹ｽ1魹ｽ魹ｽ,1153074000,"[1,1,1,1,1,1,1]",true
魹ｽ魹ｽ魹ｽ魹ｽﾆｯ魹ｽ魹ｽ魹ｽ魹ｽ,魹ｽ魹ｽ魹ｽﾎｱ魹ｽ,魹ｽ魹ｽ魹ｽ魹ｽ魹ｽ魹ｽ2魹ｽ魹ｽ,1153075000,"[1,1,1,1,1,1,1]",true
魹ｽ魹ｽ魹ｽ魹ｽﾆｯ魹ｽ魹ｽ魹ｽ魹ｽ,魹ｽ魹ｽ魹ｽﾎｱ魹ｽ,魹ｽ魹ｽ魹ｽ魹ｽ魹ｽ魹ｽ3魹ｽ魹ｽ,1153076000,"[1,1,1,1,1,1,1]",true
魹ｽ魹ｽ魹ｽ魹ｽﾆｯ魹ｽ魹ｽ魹ｽ魹ｽ,魹ｽ魹ｽ魹ｽﾎｱ魹ｽ,魹ｽ魹ｽﾃｴ魹ｽ魹ｽ1魹ｽ魹ｽ,1153072000,"[1,1,1,1,1,1,1]",true
魹ｽ魹ｽ魹ｽ魹ｽﾆｯ魹ｽ魹ｽ魹ｽ魹ｽ,魹ｽ魹ｽ魹ｽﾎｱ魹ｽ,魹ｽ魹ｽﾃｴ魹ｽ魹ｽ2魹ｽ魹ｽ,1153073000,"[1,1,1,1,1,1,1]",true
魹ｽ魹ｽ魹ｽ魹ｽﾆｯ魹ｽ魹ｽ魹ｽ魹ｽ,魹ｽ魹ｽ魹ｽﾎｱ魹ｽ,魹ｽ魹ｽ魹ｽ魹ｽ魹ｽ魹ｽ1魹ｽ魹ｽ,1153052000,"[1,1,1,1,1,1,1]",true
魹ｽ魹ｽ魹ｽ魹ｽﾆｯ魹ｽ魹ｽ魹ｽ魹ｽ,魹ｽ魹ｽ魹ｽﾎｱ魹ｽ,魹ｽ魹ｽ魹ｽ魹ｽ魹ｽ魹ｽ2魹ｽ魹ｽ,1153053000,"[1,1,1,1,1,1,1]",true
魹ｽ魹ｽ魹ｽ魹ｽﾆｯ魹ｽ魹ｽ魹ｽ魹ｽ,魹ｽ魹ｽ魹ｽﾎｱ魹ｽ,魹ｽ魹ｽ魹ｽ魹ｽ魹ｽ魹ｽ3魹ｽ魹ｽ,1153054000,"[1,1,1,1,1,1,1]",true
魹ｽ魹ｽ魹ｽ魹ｽﾆｯ魹ｽ魹ｽ魹ｽ魹ｽ,魹ｽ魹ｽ魹ｽﾎｱ魹ｽ,魹ｽ魹ｽ魹ｽ魹ｽ魹ｽ魹ｽ4魹ｽ魹ｽ,1153055000,"[1,1,1,1,1,1,1]",true
魹ｽ魹ｽ魹ｽ魹ｽﾆｯ魹ｽ魹ｽ魹ｽ魹ｽ,魹ｽ魹ｽ魹ｽﾎｱ魹ｽ,魹ｽ魹ｽ魹ｽ魹ｽ魹ｽ魹ｽ5魹ｽ魹ｽ,1153056000,"[1,1,1,1,1,1,1]",true
魹ｽ魹ｽ魹ｽ魹ｽﾆｯ魹ｽ魹ｽ魹ｽ魹ｽ,魹ｽ魹ｽ魹ｽﾎｱ魹ｽ,魹ｽ魹ｽ魹ｽﾃｵ魹ｽ,1153079000,"[1,1,1,1,1,1,1]",true
魹ｽ魹ｽ魹ｽ魹ｽﾆｯ魹ｽ魹ｽ魹ｽ魹ｽ,魹ｽ魹ｽ魹ｽﾎｱ魹ｽ,魹ｽﾅｵ魹ｽ魹ｽ魹ｽ魹ｽ魹ｽ,1153051000,"[1,1,1,1,1,1,1]",true
魹ｽ魹ｽ魹ｽ魹ｽﾆｯ魹ｽ魹ｽ魹ｽ魹ｽ,魹ｽ魹ｽ魹ｽﾎｱ魹ｽ,魹ｽ魹ｽ魹ｽ魹ｽ魹ｽ魹ｽ1魹ｽ魹ｽ,1153077000,"[1,1,1,1,1,1,1]",true
魹ｽ魹ｽ魹ｽ魹ｽﾆｯ魹ｽ魹ｽ魹ｽ魹ｽ,魹ｽ魹ｽ魹ｽﾎｱ魹ｽ,魹ｽ魹ｽ魹ｽ魹ｽ魹ｽ魹ｽ2魹ｽ魹ｽ,1153078000,"[1,1,1,1,1,1,1]",true
魹ｽ魹ｽ魹ｽ魹ｽﾆｯ魹ｽ魹ｽ魹ｽ魹ｽ,魹ｽ魹ｽ魹ｽﾎｱ魹ｽ,魹ｽﾗｵ魹ｽ,1153080000,"[1,1,1,1,1,1,1]",true
魹ｽ魹ｽ魹ｽ魹ｽﾆｯ魹ｽ魹ｽ魹ｽ魹ｽ,魹ｽ魹ｽﾃｵ魹ｽ魹ｽ,魹ｽ魹ｽ魹ｽ弶ｿ,1154551000,"[1,1,1,1,1,1,1]",true
魹ｽ魹ｽ魹ｽ魹ｽﾆｯ魹ｽ魹ｽ魹ｽ魹ｽ,魹ｽ魹ｽﾃｵ魹ｽ魹ｽ,魹ｽ魹ｽ魹ｽ魹ｽ魹ｽ魹ｽ1魹ｽ魹ｽ,1154561000,"[1,1,1,1,1,1,1]",true
魹ｽ魹ｽ魹ｽ魹ｽﾆｯ魹ｽ魹ｽ魹ｽ魹ｽ,魹ｽ魹ｽﾃｵ魹ｽ魹ｽ,魹ｽ魹ｽ魹ｽ魹ｽ魹ｽ魹ｽ2魹ｽ魹ｽ,1154562000,"[1,1,1,1,1,1,1]",true
魹ｽ魹ｽ魹ｽ魹ｽﾆｯ魹ｽ魹ｽ魹ｽ魹ｽ,魹ｽ魹ｽﾃｵ魹ｽ魹ｽ,魹ｽ魹ｽ魹ｽ魹ｽ魹ｽ魹ｽ3魹ｽ魹ｽ,1154563000,"[1,1,1,1,1,1,1]",true
魹ｽ魹ｽ魹ｽ魹ｽﾆｯ魹ｽ魹ｽ魹ｽ魹ｽ,魹ｽ魹ｽﾃｵ魹ｽ魹ｽ,魹ｽ魹ｽ魹ｽ魹ｽ魹ｽ魹ｽ4魹ｽ魹ｽ,1154564000,"[1,1,1,1,1,1,1]",true
魹ｽ魹ｽ魹ｽ魹ｽﾆｯ魹ｽ魹ｽ魹ｽ魹ｽ,魹ｽ魹ｽﾃｵ魹ｽ魹ｽ,魹ｽ魹ｽ魹ｽ魹ｽ魹ｽ魹ｽ1魹ｽ魹ｽ,1154567000,"[1,1,1,1,1,1,1]",true
魹ｽ魹ｽ魹ｽ魹ｽﾆｯ魹ｽ魹ｽ魹ｽ魹ｽ,魹ｽ魹ｽﾃｵ魹ｽ魹ｽ,魹ｽ魹ｽ魹ｽ魹ｽ魹ｽ魹ｽ2魹ｽ魹ｽ,1154568000,"[1,1,1,1,1,1,1]",true
魹ｽ魹ｽ魹ｽ魹ｽﾆｯ魹ｽ魹ｽ魹ｽ魹ｽ,魹ｽ魹ｽﾃｵ魹ｽ魹ｽ,魹ｽ魹ｽ魹ｽ魹ｽ魹ｽ魹ｽ3魹ｽ魹ｽ,1154569000,"[1,1,1,1,1,1,1]",true
魹ｽ魹ｽ魹ｽ魹ｽﾆｯ魹ｽ魹ｽ魹ｽ魹ｽ,魹ｽ魹ｽﾃｵ魹ｽ魹ｽ,魹ｽ魹ｽ魹ｽ魹ｽ魹ｽ魹ｽ4魹ｽ魹ｽ,1154570000,"[1,1,1,1,1,1,1]",true
魹ｽ魹ｽ魹ｽ魹ｽﾆｯ魹ｽ魹ｽ魹ｽ魹ｽ,魹ｽ魹ｽﾃｵ魹ｽ魹ｽ,魹ｽ魹ｽ魹ｽ魹ｽ魹ｽ魹ｽ5魹ｽ魹ｽ,1154571000,"[1,1,1,1,1,1,1]",true
魹ｽ魹ｽ魹ｽ魹ｽﾆｯ魹ｽ魹ｽ魹ｽ魹ｽ,魹ｽ魹ｽ魹ｽ魹ｽ魹ｽ,魹ｽ魹ｽ魹ｽ魹ｽ1魹ｽ魹ｽ,1135059500,"[1,1,1,1,1,1,1]",true
魹ｽ魹ｽ魹ｽ魹ｽﾆｯ魹ｽ魹ｽ魹ｽ魹ｽ,魹ｽ魹ｽ魹ｽ魹ｽ魹ｽ,魹ｽ魹ｽ魹ｽ魹ｽ2魹ｽ魹ｽ,1135060000,"[1,1,1,1,1,1,1]",true
魹ｽ魹ｽ魹ｽ魹ｽﾆｯ魹ｽ魹ｽ魹ｽ魹ｽ,魹ｽ魹ｽ魹ｽ魹ｽ魹ｽ,魹ｽ魹ｽ魹ｽ10魹ｽ魹ｽ,1135072000,"[1,1,1,1,1,1,1]",true
魹ｽ魹ｽ魹ｽ魹ｽﾆｯ魹ｽ魹ｽ魹ｽ魹ｽ,魹ｽ魹ｽ魹ｽ魹ｽ魹ｽ,魹ｽ魹ｽ魹ｽ1魹ｽ魹ｽ,1135063000,"[1,1,1,1,1,1,1]",true
魹ｽ魹ｽ魹ｽ魹ｽﾆｯ魹ｽ魹ｽ魹ｽ魹ｽ,魹ｽ魹ｽ魹ｽ魹ｽ魹ｽ,魹ｽ魹ｽ魹ｽ2魹ｽ魹ｽ,1135064000,"[1,1,1,1,1,1,1]",true
魹ｽ魹ｽ魹ｽ魹ｽﾆｯ魹ｽ魹ｽ魹ｽ魹ｽ,魹ｽ魹ｽ魹ｽ魹ｽ魹ｽ,魹ｽ魹ｽ魹ｽ3.4魹ｽ魹ｽ,1135066500,"[1,1,1,1,1,1,1]",true
魹ｽ魹ｽ魹ｽ魹ｽﾆｯ魹ｽ魹ｽ魹ｽ魹ｽ,魹ｽ魹ｽ魹ｽ魹ｽ魹ｽ,魹ｽ魹ｽ魹ｽ5魹ｽ魹ｽ,1135067000,"[1,1,1,1,1,1,1]",true
魹ｽ魹ｽ魹ｽ魹ｽﾆｯ魹ｽ魹ｽ魹ｽ魹ｽ,魹ｽ魹ｽ魹ｽ魹ｽ魹ｽ,魹ｽ魹ｽ魹ｽ6.7魹ｽ魹ｽ,1135069500,"[1,1,1,1,1,1,1]",true
魹ｽ魹ｽ魹ｽ魹ｽﾆｯ魹ｽ魹ｽ魹ｽ魹ｽ,魹ｽ魹ｽ魹ｽ魹ｽ魹ｽ,魹ｽ魹ｽ魹ｽ8魹ｽ魹ｽ,1135070000,"[1,1,1,1,1,1,1]",true
魹ｽ魹ｽ魹ｽ魹ｽﾆｯ魹ｽ魹ｽ魹ｽ魹ｽ,魹ｽ魹ｽ魹ｽ魹ｽ魹ｽ,魹ｽ魹ｽ魹ｽ9魹ｽ魹ｽ,1135071000,"[1,1,1,1,1,1,1]",true
魹ｽ魹ｽ魹ｽ魹ｽﾆｯ魹ｽ魹ｽ魹ｽ魹ｽ,魹ｽ魹ｽ魹ｽ魹ｽ魹ｽ,魹ｽ魹ｽ魹ｽ魹ｽ1魹ｽ魹ｽ,1135056000,"[1,1,1,1,1,1,1]",true
魹ｽ魹ｽ魹ｽ魹ｽﾆｯ魹ｽ魹ｽ魹ｽ魹ｽ,魹ｽ魹ｽ魹ｽ魹ｽ魹ｽ,魹ｽ魹ｽ魹ｽ魹ｽ2魹ｽ魹ｽ,1135057000,"[1,1,1,1,1,1,1]",true
魹ｽ魹ｽ魹ｽ魹ｽﾆｯ魹ｽ魹ｽ魹ｽ魹ｽ,魹ｽ魹ｽ魹ｽ魹ｽ魹ｽ,魹ｽ魹ｽ魹ｽ魹ｽ3魹ｽ魹ｽ,1135058000,"[1,1,1,1,1,1,1]",true
魹ｽ魹ｽ魹ｽ魹ｽﾆｯ魹ｽ魹ｽ魹ｽ魹ｽ,魹ｽ魹ｽ魹ｽ魹ｽ魹ｽ,魹ｽﾟｰ魹ｽ1魹ｽ魹ｽ,1135062100,"[1,1,1,1,1,1,1]",true
魹ｽ魹ｽ魹ｽ魹ｽﾆｯ魹ｽ魹ｽ魹ｽ魹ｽ,魹ｽ魹ｽ魹ｽ魹ｽ魹ｽ,魹ｽﾟｰ魹ｽ2.3魹ｽ魹ｽ,1135062500,"[1,1,1,1,1,1,1]",true
魹ｽ魹ｽ魹ｽ魹ｽﾆｯ魹ｽ魹ｽ魹ｽ魹ｽ,魹ｽ魹ｽ魹ｽ魹ｽ魹ｽ,魹ｽﾟｰ魹ｽ4魹ｽ魹ｽ,1135062400,"[1,1,1,1,1,1,1]",true
魹ｽ魹ｽ魹ｽ魹ｽﾆｯ魹ｽ魹ｽ魹ｽ魹ｽ,魹ｽ魹ｽ魹ｽ魹ｽ魹ｽ,魹ｽﾟｰ霄ｻ魹ｽ魹ｽ,1135061900,"[1,1,1,1,1,1,1]",true
魹ｽ魹ｽ魹ｽ魹ｽﾆｯ魹ｽ魹ｽ魹ｽ魹ｽ,魹ｽ魹ｽ魹ｽ魹ｽ魹ｽ,魹ｽﾏｰ魹ｽ1魹ｽ魹ｽ,1135061100,"[1,1,1,1,1,1,1]",true
魹ｽ魹ｽ魹ｽ魹ｽﾆｯ魹ｽ魹ｽ魹ｽ魹ｽ,魹ｽ魹ｽ魹ｽ魹ｽ魹ｽ,魹ｽﾏｰ魹ｽ2魹ｽ魹ｽ,1135061200,"[1,1,1,1,1,1,1]",true
魹ｽ魹ｽ魹ｽ魹ｽﾆｯ魹ｽ魹ｽ魹ｽ魹ｽ,魹ｽ魹ｽ魹ｽ魹ｽ魹ｽ魹ｽ,魹ｽ魹ｽ魹ｽ魹ｽ魹ｽ魹ｽ1魹ｽ魹ｽ,1132052100,"[1,1,1,1,1,1,1]",true
魹ｽ魹ｽ魹ｽ魹ｽﾆｯ魹ｽ魹ｽ魹ｽ魹ｽ,魹ｽ魹ｽ魹ｽ魹ｽ魹ｽ魹ｽ,魹ｽ魹ｽ魹ｽ魹ｽ魹ｽ魹ｽ2魹ｽ魹ｽ,1132052200,"[1,1,1,1,1,1,1]",true
魹ｽ魹ｽ魹ｽ魹ｽﾆｯ魹ｽ魹ｽ魹ｽ魹ｽ,魹ｽ魹ｽ魹ｽ魹ｽ魹ｽ魹ｽ,魹ｽ魹ｽ魹ｽ魹ｽ魹ｽ魹ｽ1魹ｽ魹ｽ,1132069000,"[1,1,1,1,1,1,1]",true
魹ｽ魹ｽ魹ｽ魹ｽﾆｯ魹ｽ魹ｽ魹ｽ魹ｽ,魹ｽ魹ｽ魹ｽ魹ｽ魹ｽ魹ｽ,魹ｽ魹ｽ魹ｽ魹ｽ魹ｽ魹ｽ2魹ｽ魹ｽ,1132070000,"[1,1,1,1,1,1,1]",true
魹ｽ魹ｽ魹ｽ魹ｽﾆｯ魹ｽ魹ｽ魹ｽ魹ｽ,魹ｽ魹ｽ魹ｽ魹ｽ魹ｽ魹ｽ,魹ｽ魹ｽ魹ｽ魹ｽ魹ｽ魹ｽ3魹ｽ魹ｽ,1132071000,"[1,1,1,1,1,1,1]",true
魹ｽ魹ｽ魹ｽ魹ｽﾆｯ魹ｽ魹ｽ魹ｽ魹ｽ,魹ｽ魹ｽ魹ｽ魹ｽ魹ｽ魹ｽ,魹ｽﾖｹ魹ｽ魹ｽ魹ｽ1魹ｽ魹ｽ,1132066000,"[1,1,1,1,1,1,1]",true
魹ｽ魹ｽ魹ｽ魹ｽﾆｯ魹ｽ魹ｽ魹ｽ魹ｽ,魹ｽ魹ｽ魹ｽ魹ｽ魹ｽ魹ｽ,魹ｽﾖｹ魹ｽ魹ｽ魹ｽ2魹ｽ魹ｽ,1132067000,"[1,1,1,1,1,1,1]",true
魹ｽ魹ｽ魹ｽ魹ｽﾆｯ魹ｽ魹ｽ魹ｽ魹ｽ,魹ｽ魹ｽ魹ｽ魹ｽ魹ｽ魹ｽ,魹ｽﾖｹ魹ｽ魹ｽ魹ｽ3魹ｽ魹ｽ,1132068000,"[1,1,1,1,1,1,1]",true
魹ｽ魹ｽ魹ｽ魹ｽﾆｯ魹ｽ魹ｽ魹ｽ魹ｽ,魹ｽ魹ｽ魹ｽ魹ｽ魹ｽ魹ｽ,魹ｽﾖｹ魹ｽ魹ｽ魹ｽ4魹ｽ魹ｽ,1132068100,"[1,1,1,1,1,1,1]",true
魹ｽ魹ｽ魹ｽ魹ｽﾆｯ魹ｽ魹ｽ魹ｽ魹ｽ,魹ｽ魹ｽ魹ｽ魹ｽ魹ｽ魹ｽ,ﾃ｢魹ｽ魹ｽ1魹ｽ魹ｽ,1132051100,"[1,1,1,1,1,1,1]",true
魹ｽ魹ｽ魹ｽ魹ｽﾆｯ魹ｽ魹ｽ魹ｽ魹ｽ,魹ｽ魹ｽ魹ｽ魹ｽ魹ｽ魹ｽ,ﾃ｢魹ｽ魹ｽ2魹ｽ魹ｽ,1132051200,"[1,1,1,1,1,1,1]",true
魹ｽ魹ｽ魹ｽ魹ｽﾆｯ魹ｽ魹ｽ魹ｽ魹ｽ,魹ｽ魹ｽ魹ｽ魹ｽ魹ｽ魹ｽ,ﾃ｢魹ｽ魹ｽ3魹ｽ魹ｽ,1132051300,"[1,1,1,1,1,1,1]",true
魹ｽ魹ｽ魹ｽ魹ｽﾆｯ魹ｽ魹ｽ魹ｽ魹ｽ,魹ｽ魹ｽ魹ｽ魹ｽ魹ｽ魹ｽ,ﾃ｢魹ｽ魹ｽ4魹ｽ魹ｽ,1132051400,"[1,1,1,1,1,1,1]",true
魹ｽ魹ｽ魹ｽ魹ｽﾆｯ魹ｽ魹ｽ魹ｽ魹ｽ,魹ｽ魹ｽ魹ｽ魹ｽ魹ｽ魹ｽ,ﾃ｢魹ｽ魹ｽ5魹ｽ魹ｽ,1132051500,"[1,1,1,1,1,1,1]",true
魹ｽ魹ｽ魹ｽ魹ｽﾆｯ魹ｽ魹ｽ魹ｽ魹ｽ,魹ｽ魹ｽ魹ｽ欄ｮ魹ｽ魹ｽ,魹ｽ魹ｽﾊｸ魹ｽ魹ｽ魹ｽ1魹ｽ魹ｽ,1123060000,"[1,1,1,1,1,1,1]",true
魹ｽ魹ｽ魹ｽ魹ｽﾆｯ魹ｽ魹ｽ魹ｽ魹ｽ,魹ｽ魹ｽ魹ｽ欄ｮ魹ｽ魹ｽ,魹ｽ魹ｽﾊｸ魹ｽ魹ｽ魹ｽ2魹ｽ魹ｽ,1123061000,"[1,1,1,1,1,1,1]",true
魹ｽ魹ｽ魹ｽ魹ｽﾆｯ魹ｽ魹ｽ魹ｽ魹ｽ,魹ｽ魹ｽ魹ｽ欄ｮ魹ｽ魹ｽ,魹ｽﾅｼ魹ｽ魹ｽ魹ｽ,1123051500,"[1,1,1,1,1,1,1]",true
魹ｽ魹ｽ魹ｽ魹ｽﾆｯ魹ｽ魹ｽ魹ｽ魹ｽ,魹ｽ魹ｽ魹ｽ欄ｮ魹ｽ魹ｽ,魹ｽ魹ｽﾎｵ魹ｽ,1123053300,"[1,1,1,1,1,1,1]",true
魹ｽ魹ｽ魹ｽ魹ｽﾆｯ魹ｽ魹ｽ魹ｽ魹ｽ,魹ｽ魹ｽ魹ｽ欄ｮ魹ｽ魹ｽ,魹ｽﾌｹ魹ｽ魹ｽ魹ｽ1魹ｽ魹ｽ,1123074000,"[1,1,1,1,1,1,1]",true
魹ｽ魹ｽ魹ｽ魹ｽﾆｯ魹ｽ魹ｽ魹ｽ魹ｽ,魹ｽ魹ｽ魹ｽ欄ｮ魹ｽ魹ｽ,魹ｽﾌｹ魹ｽ魹ｽ魹ｽ2魹ｽ魹ｽ,1123075000,"[1,1,1,1,1,1,1]",true
魹ｽ魹ｽ魹ｽ魹ｽﾆｯ魹ｽ魹ｽ魹ｽ魹ｽ,魹ｽ魹ｽ魹ｽ欄ｮ魹ｽ魹ｽ,魹ｽ魹ｽ魹ｽ魹ｽ魹ｽ1魹ｽ魹ｽ,1123065000,"[1,1,1,1,1,1,1]",true
魹ｽ魹ｽ魹ｽ魹ｽﾆｯ魹ｽ魹ｽ魹ｽ魹ｽ,魹ｽ魹ｽ魹ｽ欄ｮ魹ｽ魹ｽ,魹ｽ魹ｽ魹ｽ魹ｽ魹ｽ2魹ｽ魹ｽ,1123066000,"[1,1,1,1,1,1,1]",true
魹ｽ魹ｽ魹ｽ魹ｽﾆｯ魹ｽ魹ｽ魹ｽ魹ｽ,魹ｽ魹ｽ魹ｽ欄ｮ魹ｽ魹ｽ,魹ｽ魹ｽ魹ｽ魹ｽ魹ｽ魹ｽ1魹ｽ魹ｽ,1123056000,"[1,1,1,1,1,1,1]",true
魹ｽ魹ｽ魹ｽ魹ｽﾆｯ魹ｽ魹ｽ魹ｽ魹ｽ,魹ｽ魹ｽ魹ｽ欄ｮ魹ｽ魹ｽ,魹ｽ魹ｽ魹ｽ魹ｽ魹ｽ魹ｽ2魹ｽ魹ｽ,1123057000,"[1,1,1,1,1,1,1]",true
魹ｽ魹ｽ魹ｽ魹ｽﾆｯ魹ｽ魹ｽ魹ｽ魹ｽ,魹ｽ魹ｽ魹ｽ欄ｮ魹ｽ魹ｽ,魹ｽ魹ｽ魹ｽ箏ｿ,1123054500,"[1,1,1,1,1,1,1]",true
魹ｽ魹ｽ魹ｽ魹ｽﾆｯ魹ｽ魹ｽ魹ｽ魹ｽ,魹ｽ魹ｽ魹ｽ欄ｮ魹ｽ魹ｽ,ﾃｻ魹ｽ魹ｽ魹ｽ魹ｽ魹ｽ魹ｽ,1123070500,"[1,1,1,1,1,1,1]",true
魹ｽ魹ｽ魹ｽ魹ｽﾆｯ魹ｽ魹ｽ魹ｽ魹ｽ,魹ｽ魹ｽ魹ｽ欄ｮ魹ｽ魹ｽ,ﾈｸ魹ｽ箏ｿ,1123071000,"[1,1,1,1,1,1,1]",true
魹ｽ魹ｽ魹ｽ魹ｽﾆｯ魹ｽ魹ｽ魹ｽ魹ｽ,魹ｽ魹ｽ魹ｽ欄ｮ魹ｽ魹ｽ,魹ｽﾖｰ魹ｽ魹ｽ魹ｽ1魹ｽ魹ｽ,1123072000,"[1,1,1,1,1,1,1]",true
魹ｽ魹ｽ魹ｽ魹ｽﾆｯ魹ｽ魹ｽ魹ｽ魹ｽ,魹ｽ魹ｽ魹ｽ欄ｮ魹ｽ魹ｽ,魹ｽﾖｰ魹ｽ魹ｽ魹ｽ2魹ｽ魹ｽ,1123073000,"[1,1,1,1,1,1,1]",true
魹ｽ魹ｽ魹ｽ魹ｽﾆｯ魹ｽ魹ｽ魹ｽ魹ｽ,魹ｽ魹ｽ魹ｽﾛｱ魹ｽ,魹ｽ櫧ｮ魹ｽ魹ｽ魹ｽ魹ｽ1魹ｽ魹ｽ,1159051000,"[1,1,1,1,1,1,1]",true
魹ｽ魹ｽ魹ｽ魹ｽﾆｯ魹ｽ魹ｽ魹ｽ魹ｽ,魹ｽ魹ｽ魹ｽﾛｱ魹ｽ,魹ｽ櫧ｮ魹ｽ魹ｽ魹ｽ魹ｽ2魹ｽ魹ｽ,1159052000,"[1,1,1,1,1,1,1]",true
魹ｽ魹ｽ魹ｽ魹ｽﾆｯ魹ｽ魹ｽ魹ｽ魹ｽ,魹ｽ魹ｽ魹ｽﾛｱ魹ｽ,魹ｽ魹ｽ豬ｿ,1159066000,"[1,1,1,1,1,1,1]",true
魹ｽ魹ｽ魹ｽ魹ｽﾆｯ魹ｽ魹ｽ魹ｽ魹ｽ,魹ｽ魹ｽ魹ｽﾛｱ魹ｽ,魹ｽ魹ｽ魹ｽ魹ｽ魹ｽ1魹ｽ魹ｽ,1159062000,"[1,1,1,1,1,1,1]",true
魹ｽ魹ｽ魹ｽ魹ｽﾆｯ魹ｽ魹ｽ魹ｽ魹ｽ,魹ｽ魹ｽ魹ｽﾛｱ魹ｽ,魹ｽ魹ｽ魹ｽ魹ｽ魹ｽ2魹ｽ魹ｽ,1159063000,"[1,1,1,1,1,1,1]",true
魹ｽ魹ｽ魹ｽ魹ｽﾆｯ魹ｽ魹ｽ魹ｽ魹ｽ,魹ｽ魹ｽ魹ｽﾛｱ魹ｽ,魹ｽ魹ｽ魹ｽ魹ｽ魹ｽ3魹ｽ魹ｽ,1159064000,"[1,1,1,1,1,1,1]",true
魹ｽ魹ｽ魹ｽ魹ｽﾆｯ魹ｽ魹ｽ魹ｽ魹ｽ,魹ｽ魹ｽ魹ｽﾛｱ魹ｽ,魹ｽ魹ｽ魹ｽ魹ｽ魹ｽ4魹ｽ魹ｽ,1159065000,"[1,1,1,1,1,1,1]",true
魹ｽ魹ｽ魹ｽ魹ｽﾆｯ魹ｽ魹ｽ魹ｽ魹ｽ,魹ｽ魹ｽ魹ｽﾛｱ魹ｽ,魹ｽ魹ｽ魹ｽ魹ｽ魹ｽ5魹ｽ魹ｽ,1159065100,"[1,1,1,1,1,1,1]",true
魹ｽ魹ｽ魹ｽ魹ｽﾆｯ魹ｽ魹ｽ魹ｽ魹ｽ,魹ｽ魹ｽ魹ｽﾛｱ魹ｽ,魹ｽ魹ｽ魹ｽ魹ｽ1魹ｽ魹ｽ,1159053000,"[1,1,1,1,1,1,1]",true
魹ｽ魹ｽ魹ｽ魹ｽﾆｯ魹ｽ魹ｽ魹ｽ魹ｽ,魹ｽ魹ｽ魹ｽﾛｱ魹ｽ,魹ｽ魹ｽ魹ｽ魹ｽ2魹ｽ魹ｽ,1159054000,"[1,1,1,1,1,1,1]",true
魹ｽ魹ｽ魹ｽ魹ｽﾆｯ魹ｽ魹ｽ魹ｽ魹ｽ,魹ｽ魹ｽ魹ｽﾛｱ魹ｽ,魹ｽ魹ｽ魹ｽ魹ｽ3魹ｽ魹ｽ,1159055000,"[1,1,1,1,1,1,1]",true
魹ｽ魹ｽ魹ｽ魹ｽﾆｯ魹ｽ魹ｽ魹ｽ魹ｽ,魹ｽ魹ｽ魹ｽﾛｱ魹ｽ,魹ｽ魹ｽ魹ｽ魹ｽ4魹ｽ魹ｽ,1159056000,"[1,1,1,1,1,1,1]",true
魹ｽ魹ｽ魹ｽ魹ｽﾆｯ魹ｽ魹ｽ魹ｽ魹ｽ,魹ｽ魹ｽ魹ｽﾛｱ魹ｽ,魹ｽﾅｴ魹ｽ魹ｽ魹ｽ魹ｽ1魹ｽ魹ｽ,1159067000,"[1,1,1,1,1,1,1]",true
魹ｽ魹ｽ魹ｽ魹ｽﾆｯ魹ｽ魹ｽ魹ｽ魹ｽ,魹ｽ魹ｽ魹ｽﾛｱ魹ｽ,魹ｽﾅｴ魹ｽ魹ｽ魹ｽ魹ｽ2魹ｽ魹ｽ,1159068000,"[1,1,1,1,1,1,1]",true
魹ｽ魹ｽ魹ｽ魹ｽﾆｯ魹ｽ魹ｽ魹ｽ魹ｽ,魹ｽ魹ｽ魹ｽﾛｱ魹ｽ,魹ｽ貍ｮ魹ｽ魹ｽ,1159060500,"[1,1,1,1,1,1,1]",true
魹ｽ魹ｽ魹ｽ魹ｽﾆｯ魹ｽ魹ｽ魹ｽ魹ｽ,魹ｽ魹ｽ魹ｽ魹ｽ魹ｽ魹ｽ,魹ｽ魹ｽ魹ｽ魹ｽ魹ｽ魹ｽ,1144056500,"[1,1,1,1,1,1,1]",true
魹ｽ魹ｽ魹ｽ魹ｽﾆｯ魹ｽ魹ｽ魹ｽ魹ｽ,魹ｽ魹ｽ魹ｽ魹ｽ魹ｽ魹ｽ,魹ｽ魹ｽ魹ｽ髃ｿ,1144060000,"[1,1,1,1,1,1,1]",true
魹ｽ魹ｽ魹ｽ魹ｽﾆｯ魹ｽ魹ｽ魹ｽ魹ｽ,魹ｽ魹ｽ魹ｽ魹ｽ魹ｽ魹ｽ,魹ｽ魹ｽﾈｭ魹ｽ魹ｽ,1144058500,"[1,1,1,1,1,1,1]",true
魹ｽ魹ｽ魹ｽ魹ｽﾆｯ魹ｽ魹ｽ魹ｽ魹ｽ,魹ｽ魹ｽ魹ｽ魹ｽ魹ｽ魹ｽ,魹ｽ魹ｽ魹ｽ魹ｽ魹ｽ魹ｽ1魹ｽ魹ｽ,1144069000,"[1,1,1,1,1,1,1]",true
魹ｽ魹ｽ魹ｽ魹ｽﾆｯ魹ｽ魹ｽ魹ｽ魹ｽ,魹ｽ魹ｽ魹ｽ魹ｽ魹ｽ魹ｽ,魹ｽ魹ｽ魹ｽ魹ｽ魹ｽ魹ｽ2魹ｽ魹ｽ,1144070000,"[1,1,1,1,1,1,1]",true
魹ｽ魹ｽ魹ｽ魹ｽﾆｯ魹ｽ魹ｽ魹ｽ魹ｽ,魹ｽ魹ｽ魹ｽ魹ｽ魹ｽ魹ｽ,魹ｽ魹ｽﾏｵ魹ｽ,1144074000,"[1,1,1,1,1,1,1]",true
魹ｽ魹ｽ魹ｽ魹ｽﾆｯ魹ｽ魹ｽ魹ｽ魹ｽ,魹ｽ魹ｽ魹ｽ魹ｽ魹ｽ魹ｽ,魹ｽ魹ｽ魹ｽ魹ｽ魹ｽ魹ｽ,1144065500,"[1,1,1,1,1,1,1]",true
魹ｽ魹ｽ魹ｽ魹ｽﾆｯ魹ｽ魹ｽ魹ｽ魹ｽ,魹ｽ魹ｽ魹ｽ魹ｽ魹ｽ魹ｽ,魹ｽ魹ｽ魹ｽ魹ｽ魹ｽ魹ｽ,1144066000,"[1,1,1,1,1,1,1]",true
魹ｽ魹ｽ魹ｽ魹ｽﾆｯ魹ｽ魹ｽ魹ｽ魹ｽ,魹ｽ魹ｽ魹ｽ魹ｽ魹ｽ魹ｽ,魹ｽ魹ｽ魹ｽ魹ｽ魹ｽ魹ｽ1魹ｽ魹ｽ,1144072000,"[1,1,1,1,1,1,1]",true
魹ｽ魹ｽ魹ｽ魹ｽﾆｯ魹ｽ魹ｽ魹ｽ魹ｽ,魹ｽ魹ｽ魹ｽ魹ｽ魹ｽ魹ｽ,魹ｽ魹ｽ魹ｽ魹ｽ魹ｽ魹ｽ2魹ｽ魹ｽ,1144073000,"[1,1,1,1,1,1,1]",true
魹ｽ魹ｽ魹ｽ魹ｽﾆｯ魹ｽ魹ｽ魹ｽ魹ｽ,魹ｽ魹ｽ魹ｽ魹ｽ魹ｽ魹ｽ,魹ｽﾅｼ魹ｽ魹ｽ魹ｽ,1144063000,"[1,1,1,1,1,1,1]",true
魹ｽ魹ｽ魹ｽ魹ｽﾆｯ魹ｽ魹ｽ魹ｽ魹ｽ,魹ｽ魹ｽ魹ｽ魹ｽ魹ｽ魹ｽ,魹ｽ魹ｽ魹ｽ魹ｽ魹ｽ魹ｽ,1144055500,"[1,1,1,1,1,1,1]",true
魹ｽ魹ｽ魹ｽ魹ｽﾆｯ魹ｽ魹ｽ魹ｽ魹ｽ,魹ｽ魹ｽ魹ｽ魹ｽ魹ｽ魹ｽ,魹ｽ魹ｽ魹ｽ魹ｽ魹ｽ魹ｽ,1144071000,"[1,1,1,1,1,1,1]",true
魹ｽ魹ｽ魹ｽ魹ｽﾆｯ魹ｽ魹ｽ魹ｽ魹ｽ,魹ｽ魹ｽ魹ｽ魹ｽ魹ｽ魹ｽ,魹ｽ魹ｽ魹ｽ魹ｽ魹ｽ魹ｽ,1144061000,"[1,1,1,1,1,1,1]",true
魹ｽ魹ｽ魹ｽ魹ｽﾆｯ魹ｽ魹ｽ魹ｽ魹ｽ,魹ｽ魹ｽ魹ｽ魹ｽ魹ｽ魹ｽ,魹ｽ𣝣ｭ魹ｽ魹ｽ,1144059000,"[1,1,1,1,1,1,1]",true
魹ｽ魹ｽ魹ｽ魹ｽﾆｯ魹ｽ魹ｽ魹ｽ魹ｽ,魹ｽ魹ｽ魹ｽ魹ｽ魹ｽ魹ｽ,魹ｽ魹ｽ魹ｽ魹ｽ魹ｽ魹ｽ,1144068000,"[1,1,1,1,1,1,1]",true
魹ｽ魹ｽ魹ｽ魹ｽﾆｯ魹ｽ魹ｽ魹ｽ魹ｽ,魹ｽ魹ｽ魹ｽ欄ｮ魹ｽ魹ｽ,魹ｽ魹ｽ魹ｽ魹ｽ魹ｽ魹ｽ魹ｽ魹ｽ1魹ｽ魹ｽ,1141069000,"[1,1,1,1,1,1,1]",true
魹ｽ魹ｽ魹ｽ魹ｽﾆｯ魹ｽ魹ｽ魹ｽ魹ｽ,魹ｽ魹ｽ魹ｽ欄ｮ魹ｽ魹ｽ,魹ｽ魹ｽ魹ｽ魹ｽ魹ｽ魹ｽ魹ｽ魹ｽ2魹ｽ魹ｽ,1141070000,"[1,1,1,1,1,1,1]",true
魹ｽ魹ｽ魹ｽ魹ｽﾆｯ魹ｽ魹ｽ魹ｽ魹ｽ,魹ｽ魹ｽ魹ｽ欄ｮ魹ｽ魹ｽ,魹ｽﾏｰ魹ｽ魹ｽ魹ｽ魹ｽ魹ｽ1魹ｽ魹ｽ,1141071000,"[1,1,1,1,1,1,1]",true
魹ｽ魹ｽ魹ｽ魹ｽﾆｯ魹ｽ魹ｽ魹ｽ魹ｽ,魹ｽ魹ｽ魹ｽ欄ｮ魹ｽ魹ｽ,魹ｽﾏｰ魹ｽ魹ｽ魹ｽ魹ｽ魹ｽ2魹ｽ魹ｽ,1141072000,"[1,1,1,1,1,1,1]",true
魹ｽ魹ｽ魹ｽ魹ｽﾆｯ魹ｽ魹ｽ魹ｽ魹ｽ,魹ｽ魹ｽ魹ｽ欄ｮ魹ｽ魹ｽ,魹ｽﾏｾ魹ｽ魹ｽ魹ｽ魹ｽ魹ｽ,1141055500,"[1,1,1,1,1,1,1]",true
魹ｽ魹ｽ魹ｽ魹ｽﾆｯ魹ｽ魹ｽ魹ｽ魹ｽ,魹ｽ魹ｽ魹ｽ欄ｮ魹ｽ魹ｽ,魹ｽ魹ｽ魹ｽﾌｵ魹ｽ,1141058500,"[1,1,1,1,1,1,1]",true
魹ｽ魹ｽ魹ｽ魹ｽﾆｯ魹ｽ魹ｽ魹ｽ魹ｽ,魹ｽ魹ｽ魹ｽ欄ｮ魹ｽ魹ｽ,魹ｽ魹ｽ魹ｽ魹ｽ,1141061500,"[1,1,1,1,1,1,1]",true
魹ｽ魹ｽ魹ｽ魹ｽﾆｯ魹ｽ魹ｽ魹ｽ魹ｽ,魹ｽ魹ｽ魹ｽ欄ｮ魹ｽ魹ｽ,ﾃｵ魹ｽ魹ｽ魹ｽ魹ｽ,1141052000,"[1,1,1,1,1,1,1]",true
魹ｽ魹ｽ魹ｽ魹ｽﾆｯ魹ｽ魹ｽ魹ｽ魹ｽ,魹ｽ魹ｽ魹ｽ欄ｮ魹ｽ魹ｽ,魹ｽ魹ｽ魹ｽ魹ｽ魹ｽ魹ｽ,1141056500,"[1,1,1,1,1,1,1]",true
魹ｽ魹ｽ魹ｽ魹ｽﾆｯ魹ｽ魹ｽ魹ｽ魹ｽ,魹ｽ魹ｽ魹ｽ欄ｮ魹ｽ魹ｽ,ﾈｫ魹ｽ魹ｽ魹ｽ魹ｽ1魹ｽ魹ｽ,1141066000,"[1,1,1,1,1,1,1]",true
魹ｽ魹ｽ魹ｽ魹ｽﾆｯ魹ｽ魹ｽ魹ｽ魹ｽ,魹ｽ魹ｽ魹ｽ欄ｮ魹ｽ魹ｽ,ﾈｫ魹ｽ魹ｽ魹ｽ魹ｽ2魹ｽ魹ｽ,1141068500,"[1,1,1,1,1,1,1]",true
魹ｽ魹ｽ魹ｽ魹ｽﾆｯ魹ｽ魹ｽ魹ｽ魹ｽ,魹ｽ魹ｽ魹ｽ欄ｮ魹ｽ魹ｽ,ﾈｫ魹ｽ魹ｽ魹ｽ魹ｽ1魹ｽ魹ｽ,1141062000,"[1,1,1,1,1,1,1]",true
魹ｽ魹ｽ魹ｽ魹ｽﾆｯ魹ｽ魹ｽ魹ｽ魹ｽ,魹ｽ魹ｽ魹ｽ欄ｮ魹ｽ魹ｽ,ﾈｫ魹ｽ魹ｽ魹ｽ魹ｽ2魹ｽ魹ｽ,1141065500,"[1,1,1,1,1,1,1]",true
魹ｽ魹ｽ魹ｽ魹ｽﾆｯ魹ｽ魹ｽ魹ｽ魹ｽ,魹ｽ魹ｽ魹ｽ欄ｮ魹ｽ魹ｽ,ﾈｫ魹ｽ魹ｽ魹ｽ魹ｽ3魹ｽ魹ｽ,1141064000,"[1,1,1,1,1,1,1]",true
魹ｽ魹ｽ魹ｽ魹ｽﾆｯ魹ｽ魹ｽ魹ｽ魹ｽ,魹ｽ魹ｽ魹ｽﾊｱ魹ｽ,魹ｽ魹ｽ魹ｽ豨ｿ,1165066000,"[1,1,1,1,1,1,1]",true
魹ｽ魹ｽ魹ｽ魹ｽﾆｯ魹ｽ魹ｽ魹ｽ魹ｽ,魹ｽ魹ｽ魹ｽﾊｱ魹ｽ,魹ｽ魹ｽ魹ｽ魹ｽ1魹ｽ魹ｽ,1165056000,"[1,1,1,1,1,1,1]",true
魹ｽ魹ｽ魹ｽ魹ｽﾆｯ魹ｽ魹ｽ魹ｽ魹ｽ,魹ｽ魹ｽ魹ｽﾊｱ魹ｽ,魹ｽ魹ｽ魹ｽ魹ｽ2魹ｽ魹ｽ,1165057000,"[1,1,1,1,1,1,1]",true
魹ｽ魹ｽ魹ｽ魹ｽﾆｯ魹ｽ魹ｽ魹ｽ魹ｽ,魹ｽ魹ｽ魹ｽﾊｱ魹ｽ,魹ｽ魹ｽ魹ｽ魹ｽ3魹ｽ魹ｽ,1165058000,"[1,1,1,1,1,1,1]",true
魹ｽ魹ｽ魹ｽ魹ｽﾆｯ魹ｽ魹ｽ魹ｽ魹ｽ,魹ｽ魹ｽ魹ｽﾊｱ魹ｽ,魹ｽ魹ｽ魹ｽ魹ｽ4魹ｽ魹ｽ,1165058100,"[1,1,1,1,1,1,1]",true
魹ｽ魹ｽ魹ｽ魹ｽﾆｯ魹ｽ魹ｽ魹ｽ魹ｽ,魹ｽ魹ｽ魹ｽﾊｱ魹ｽ,魹ｽ魹ｽ魹ｽ魹ｽ魹ｽ魹ｽ魹ｽ魹ｽ,1165055000,"[1,1,1,1,1,1,1]",true
魹ｽ魹ｽ魹ｽ魹ｽﾆｯ魹ｽ魹ｽ魹ｽ魹ｽ,魹ｽ魹ｽ魹ｽﾊｱ魹ｽ,魹ｽ魹ｽ魹ｽ1魹ｽ魹ｽ,1165060000,"[1,1,1,1,1,1,1]",true
魹ｽ魹ｽ魹ｽ魹ｽﾆｯ魹ｽ魹ｽ魹ｽ魹ｽ,魹ｽ魹ｽ魹ｽﾊｱ魹ｽ,魹ｽ魹ｽ魹ｽ2魹ｽ魹ｽ,1165061000,"[1,1,1,1,1,1,1]",true
魹ｽ魹ｽ魹ｽ魹ｽﾆｯ魹ｽ魹ｽ魹ｽ魹ｽ,魹ｽ魹ｽ魹ｽﾊｱ魹ｽ,魹ｽ魹ｽ魹ｽ3魹ｽ魹ｽ,1165062000,"[1,1,1,1,1,1,1]",true
魹ｽ魹ｽ魹ｽ魹ｽﾆｯ魹ｽ魹ｽ魹ｽ魹ｽ,魹ｽ魹ｽ魹ｽﾊｱ魹ｽ,魹ｽ魹ｽ魹ｽ4魹ｽ魹ｽ,1165062100,"[1,1,1,1,1,1,1]",true
魹ｽ魹ｽ魹ｽ魹ｽﾆｯ魹ｽ魹ｽ魹ｽ魹ｽ,魹ｽ魹ｽ魹ｽﾊｱ魹ｽ,魹ｽ魹ｽ霄ｻ魹ｽ魹ｽ,1165059000,"[1,1,1,1,1,1,1]",true
魹ｽ魹ｽ魹ｽ魹ｽﾆｯ魹ｽ魹ｽ魹ｽ魹ｽ,魹ｽ魹ｽ魹ｽﾊｱ魹ｽ,魹ｽ魹ｽ魹ｽ魹ｽ1魹ｽ魹ｽ,1165051000,"[1,1,1,1,1,1,1]",true
魹ｽ魹ｽ魹ｽ魹ｽﾆｯ魹ｽ魹ｽ魹ｽ魹ｽ,魹ｽ魹ｽ魹ｽﾊｱ魹ｽ,魹ｽ魹ｽ魹ｽ魹ｽ2魹ｽ魹ｽ,1165052000,"[1,1,1,1,1,1,1]",true
魹ｽ魹ｽ魹ｽ魹ｽﾆｯ魹ｽ魹ｽ魹ｽ魹ｽ,魹ｽ魹ｽ魹ｽﾊｱ魹ｽ,魹ｽ魹ｽ魹ｽ魹ｽ3魹ｽ魹ｽ,1165053000,"[1,1,1,1,1,1,1]",true
魹ｽ魹ｽ魹ｽ魹ｽﾆｯ魹ｽ魹ｽ魹ｽ魹ｽ,魹ｽ魹ｽ魹ｽﾊｱ魹ｽ,魹ｽ魹ｽ魹ｽ魹ｽ4魹ｽ魹ｽ,1165053100,"[1,1,1,1,1,1,1]",true
魹ｽ魹ｽ魹ｽ魹ｽﾆｯ魹ｽ魹ｽ魹ｽ魹ｽ,魹ｽ魹ｽ魹ｽﾊｱ魹ｽ,魹ｽ魹ｽ魹ｽ魹ｽ1魹ｽ魹ｽ,1165065100,"[1,1,1,1,1,1,1]",true
魹ｽ魹ｽ魹ｽ魹ｽﾆｯ魹ｽ魹ｽ魹ｽ魹ｽ,魹ｽ魹ｽ魹ｽﾊｱ魹ｽ,魹ｽ魹ｽ魹ｽ魹ｽ2魹ｽ魹ｽ,1165065200,"[1,1,1,1,1,1,1]",true
魹ｽ魹ｽ魹ｽ魹ｽﾆｯ魹ｽ魹ｽ魹ｽ魹ｽ,魹ｽ魹ｽ魹ｽﾊｱ魹ｽ,魹ｽ魹ｽ魹ｽ魹ｽ魹ｽ,1165054000,"[1,1,1,1,1,1,1]",true
魹ｽ魹ｽ魹ｽ魹ｽﾆｯ魹ｽ魹ｽ魹ｽ魹ｽ,魹ｽ魹ｽ魹ｽ魹ｽ魹ｽ魹ｽ,魹ｽ魹ｽﾈ｣1魹ｽ魹ｽ魹ｽ魹ｽ,1120059000,"[1,1,1,1,1,1,1]",true
魹ｽ魹ｽ魹ｽ魹ｽﾆｯ魹ｽ魹ｽ魹ｽ魹ｽ,魹ｽ魹ｽ魹ｽ魹ｽ魹ｽ魹ｽ,魹ｽ魹ｽﾈ｣2.3魹ｽ魹ｽ魹ｽ魹ｽ,1120061500,"[1,1,1,1,1,1,1]",true
魹ｽ魹ｽ魹ｽ魹ｽﾆｯ魹ｽ魹ｽ魹ｽ魹ｽ,魹ｽ魹ｽ魹ｽ魹ｽ魹ｽ魹ｽ,魹ｽ魹ｽﾈ｣4魹ｽ魹ｽ魹ｽ魹ｽ,1120062000,"[1,1,1,1,1,1,1]",true
魹ｽ魹ｽ魹ｽ魹ｽﾆｯ魹ｽ魹ｽ魹ｽ魹ｽ,魹ｽ魹ｽ魹ｽ魹ｽ魹ｽ魹ｽ,魹ｽ魹ｽ魹ｽ蠏ｿ,1120054000,"[1,1,1,1,1,1,1]",true
魹ｽ魹ｽ魹ｽ魹ｽﾆｯ魹ｽ魹ｽ魹ｽ魹ｽ,魹ｽ魹ｽ魹ｽ魹ｽ魹ｽ魹ｽ,魹ｽ魹ｽﾙｵ魹ｽ,1120055000,"[1,1,1,1,1,1,1]",true
魹ｽ魹ｽ魹ｽ魹ｽﾆｯ魹ｽ魹ｽ魹ｽ魹ｽ,魹ｽ魹ｽ魹ｽ魹ｽ魹ｽ魹ｽ,魹ｽ魹ｽ魹ｽ魹ｽ1魹ｽ魹ｽ魹ｽ魹ｽ1魹ｽ魹ｽ,1120065000,"[1,1,1,1,1,1,1]",true
魹ｽ魹ｽ魹ｽ魹ｽﾆｯ魹ｽ魹ｽ魹ｽ魹ｽ,魹ｽ魹ｽ魹ｽ魹ｽ魹ｽ魹ｽ,魹ｽ魹ｽ魹ｽ魹ｽ1魹ｽ魹ｽ魹ｽ魹ｽ2魹ｽ魹ｽ,1120066000,"[1,1,1,1,1,1,1]",true
魹ｽ魹ｽ魹ｽ魹ｽﾆｯ魹ｽ魹ｽ魹ｽ魹ｽ,魹ｽ魹ｽ魹ｽ魹ｽ魹ｽ魹ｽ,魹ｽ魹ｽ魹ｽ魹ｽ2魹ｽ魹ｽ魹ｽ魹ｽ1魹ｽ魹ｽ,1120067000,"[1,1,1,1,1,1,1]",true
魹ｽ魹ｽ魹ｽ魹ｽﾆｯ魹ｽ魹ｽ魹ｽ魹ｽ,魹ｽ魹ｽ魹ｽ魹ｽ魹ｽ魹ｽ,魹ｽ魹ｽ魹ｽ魹ｽ2魹ｽ魹ｽ魹ｽ魹ｽ3魹ｽ魹ｽ,1120069000,"[1,1,1,1,1,1,1]",true
魹ｽ魹ｽ魹ｽ魹ｽﾆｯ魹ｽ魹ｽ魹ｽ魹ｽ,魹ｽ魹ｽ魹ｽ魹ｽ魹ｽ魹ｽ,魹ｽ魹ｽ魹ｽ魹ｽ魹ｽ魹ｽ,1120072000,"[1,1,1,1,1,1,1]",true
魹ｽ魹ｽ魹ｽ魹ｽﾆｯ魹ｽ魹ｽ魹ｽ魹ｽ,魹ｽ魹ｽ魹ｽ魹ｽ魹ｽ魹ｽ,魹ｽ魹ｽ魹ｽ魹ｽ魹ｽ魹ｽ,1120064500,"[1,1,1,1,1,1,1]",true
魹ｽ魹ｽ魹ｽ魹ｽﾆｯ魹ｽ魹ｽ魹ｽ魹ｽ,魹ｽ魹ｽ魹ｽ魹ｽ魹ｽ魹ｽ,魹ｽﾕｽﾊｸ魹ｽ魹ｽ魹ｽ魹ｽ魹ｽ魹ｽ魹ｽ,1120053500,"[1,1,1,1,1,1,1]",true
魹ｽ魹ｽ魹ｽ魹ｽﾆｯ魹ｽ魹ｽ魹ｽ魹ｽ,魹ｽ魹ｽ魹ｽ魹ｽ魹ｽ魹ｽ,魹ｽﾕｽﾊｸ魹ｽ魹ｽ魹ｽ2魹ｽ魹ｽ,1120052000,"[1,1,1,1,1,1,1]",true
魹ｽ魹ｽ魹ｽ魹ｽﾆｯ魹ｽ魹ｽ魹ｽ魹ｽ,魹ｽ魹ｽ魹ｽ魹ｽ魹ｽ魹ｽ,魹ｽ魹ｽ莊ｿ,1120079000,"[1,1,1,1,1,1,1]",true
魹ｽ魹ｽ魹ｽ魹ｽﾆｯ魹ｽ魹ｽ魹ｽ魹ｽ,魹ｽ魹ｽ魹ｽ魹ｽ魹ｽ魹ｽ,魹ｽ魹ｽ魹ｽ魹ｽ魹ｽ魹ｽ,1120058000,"[1,1,1,1,1,1,1]",true
魹ｽ魹ｽ魹ｽ魹ｽﾆｯ魹ｽ魹ｽ魹ｽ魹ｽ,魹ｽ魹ｽ魹ｽ魹ｽ魹ｽ魹ｽ,魹ｽ魹ｽ魹ｽ魹ｽ魹ｽ1魹ｽ魹ｽ,1120056000,"[1,1,1,1,1,1,1]",true
魹ｽ魹ｽ魹ｽ魹ｽﾆｯ魹ｽ魹ｽ魹ｽ魹ｽ,魹ｽ魹ｽ魹ｽ魹ｽ魹ｽ魹ｽ,魹ｽ魹ｽ魹ｽ魹ｽ魹ｽ2魹ｽ魹ｽ,1120057000,"[1,1,1,1,1,1,1]",true
魹ｽ魹ｽ魹ｽ魹ｽﾆｯ魹ｽ魹ｽ魹ｽ魹ｽ,魹ｽ魹ｽ魹ｽﾏｱ魹ｽ,魹ｽ魹ｽ魹ｽ魹ｽ魹ｽ魹ｽ1魹ｽ魹ｽ,1129066000,"[1,1,1,1,1,1,1]",true
魹ｽ魹ｽ魹ｽ魹ｽﾆｯ魹ｽ魹ｽ魹ｽ魹ｽ,魹ｽ魹ｽ魹ｽﾏｱ魹ｽ,魹ｽ魹ｽ魹ｽ魹ｽ魹ｽ魹ｽ2魹ｽ魹ｽ,1129068500,"[1,1,1,1,1,1,1]",true
魹ｽ魹ｽ魹ｽ魹ｽﾆｯ魹ｽ魹ｽ魹ｽ魹ｽ,魹ｽ魹ｽ魹ｽﾏｱ魹ｽ,魹ｽ魹ｽ魹ｽ魹ｽ魹ｽ魹ｽ1魹ｽ魹ｽ,1129058000,"[1,1,1,1,1,1,1]",true
魹ｽ魹ｽ魹ｽ魹ｽﾆｯ魹ｽ魹ｽ魹ｽ魹ｽ,魹ｽ魹ｽ魹ｽﾏｱ魹ｽ,魹ｽ魹ｽ魹ｽ魹ｽ魹ｽ魹ｽ2魹ｽ魹ｽ,1129059000,"[1,1,1,1,1,1,1]",true
魹ｽ魹ｽ魹ｽ魹ｽﾆｯ魹ｽ魹ｽ魹ｽ魹ｽ,魹ｽ魹ｽ魹ｽﾏｱ魹ｽ,魹ｽ魹ｽ魹ｽ魹ｽ魹ｽ魹ｽ,1129057500,"[1,1,1,1,1,1,1]",true
魹ｽ魹ｽ魹ｽ魹ｽﾆｯ魹ｽ魹ｽ魹ｽ魹ｽ,魹ｽ魹ｽ魹ｽﾏｱ魹ｽ,魹ｽ魹ｽ魹ｽ魹ｽ魹ｽ魹ｽ,1129061000,"[1,1,1,1,1,1,1]",true
魹ｽ魹ｽ魹ｽ魹ｽﾆｯ魹ｽ魹ｽ魹ｽ魹ｽ,魹ｽ魹ｽ魹ｽﾏｱ魹ｽ,魹ｽ䰗ｱ魹ｽ魹ｽ,1129055500,"[1,1,1,1,1,1,1]",true
魹ｽ魹ｽ魹ｽ魹ｽﾆｯ魹ｽ魹ｽ魹ｽ魹ｽ,魹ｽ魹ｽ魹ｽﾏｱ魹ｽ,魹ｽ魹ｽ魹ｽ魹ｽ魹ｽ魹ｽ,1129081000,"[1,1,1,1,1,1,1]",true
魹ｽ魹ｽ魹ｽ魹ｽﾆｯ魹ｽ魹ｽ魹ｽ魹ｽ,魹ｽ魹ｽ魹ｽﾏｱ魹ｽ,魹ｽ魹ｽ魹ｽﾏｵ魹ｽ,1129052500,"[1,1,1,1,1,1,1]",true
魹ｽ魹ｽ魹ｽ魹ｽﾆｯ魹ｽ魹ｽ魹ｽ魹ｽ,魹ｽ魹ｽ魹ｽﾏｱ魹ｽ,魹ｽﾈｾﾏｵ魹ｽ,1129060000,"[1,1,1,1,1,1,1]",true
魹ｽ魹ｽ魹ｽ魹ｽﾆｯ魹ｽ魹ｽ魹ｽ魹ｽ,魹ｽ魹ｽ魹ｽﾏｱ魹ｽ,魹ｽ魹ｽ魹ｽ魹ｽ魹ｽ魹ｽ1魹ｽ魹ｽ,1129071500,"[1,1,1,1,1,1,1]",true
魹ｽ魹ｽ魹ｽ魹ｽﾆｯ魹ｽ魹ｽ魹ｽ魹ｽ,魹ｽ魹ｽ魹ｽﾏｱ魹ｽ,魹ｽ魹ｽ魹ｽ魹ｽ魹ｽ魹ｽ2魹ｽ魹ｽ,1129072500,"[1,1,1,1,1,1,1]",true
魹ｽ魹ｽ魹ｽ魹ｽﾆｯ魹ｽ魹ｽ魹ｽ魹ｽ,魹ｽ魹ｽ魹ｽﾏｱ魹ｽ,魹ｽ魹ｽ魹ｽ魹ｽ魹ｽ魹ｽ1魹ｽ魹ｽ,1129076000,"[1,1,1,1,1,1,1]",true
魹ｽ魹ｽ魹ｽ魹ｽﾆｯ魹ｽ魹ｽ魹ｽ魹ｽ,魹ｽ魹ｽ魹ｽﾏｱ魹ｽ,魹ｽ魹ｽ魹ｽ魹ｽ魹ｽ魹ｽ2魹ｽ魹ｽ,1129077000,"[1,1,1,1,1,1,1]",true
魹ｽ魹ｽ魹ｽ魹ｽﾆｯ魹ｽ魹ｽ魹ｽ魹ｽ,魹ｽ魹ｽ魹ｽﾏｱ魹ｽ,魹ｽ魹ｽ魹ｽ魹ｽ魹ｽ魹ｽ3魹ｽ魹ｽ,1129078000,"[1,1,1,1,1,1,1]",true
魹ｽ魹ｽ魹ｽ魹ｽﾆｯ魹ｽ魹ｽ魹ｽ魹ｽ,魹ｽ魹ｽ魹ｽﾏｱ魹ｽ,魹ｽ魹ｽ魹ｽ魹ｽ魹ｽ魹ｽ1魹ｽ魹ｽ,1129062000,"[1,1,1,1,1,1,1]",true
魹ｽ魹ｽ魹ｽ魹ｽﾆｯ魹ｽ魹ｽ魹ｽ魹ｽ,魹ｽ魹ｽ魹ｽﾏｱ魹ｽ,魹ｽ魹ｽ魹ｽ魹ｽ魹ｽ魹ｽ2魹ｽ魹ｽ,1129063000,"[1,1,1,1,1,1,1]",true
魹ｽ魹ｽ魹ｽ魹ｽﾆｯ魹ｽ魹ｽ魹ｽ魹ｽ,魹ｽ魹ｽ魹ｽﾏｱ魹ｽ,魹ｽ魹ｽ魹ｽ魹ｽ魹ｽ魹ｽ3魹ｽ魹ｽ,1129064000,"[1,1,1,1,1,1,1]",true
魹ｽ魹ｽ魹ｽ魹ｽﾆｯ魹ｽ魹ｽ魹ｽ魹ｽ,魹ｽ魹ｽ魹ｽﾏｱ魹ｽ,魹ｽ魹ｽ魹ｽ魹ｽ魹ｽ魹ｽ4魹ｽ魹ｽ,1129065000,"[1,1,1,1,1,1,1]",true
魹ｽ魹ｽ魹ｽ魹ｽﾆｯ魹ｽ魹ｽ魹ｽ魹ｽ,魹ｽ魹ｽ魹ｽﾏｱ魹ｽ,魹ｽ魹ｽ魹ｽﾏｵ魹ｽ,1129070500,"[1,1,1,1,1,1,1]",true
魹ｽ魹ｽ魹ｽ魹ｽﾆｯ魹ｽ魹ｽ魹ｽ魹ｽ,魹ｽ魹ｽ魹ｽﾄｱ魹ｽ,魹ｽ魹ｽ魹ｽ魹ｽ1魹ｽ魹ｽ,1171063100,"[1,1,1,1,1,1,1]",true
魹ｽ魹ｽ魹ｽ魹ｽﾆｯ魹ｽ魹ｽ魹ｽ魹ｽ,魹ｽ魹ｽ魹ｽﾄｱ魹ｽ,魹ｽ魹ｽ魹ｽ魹ｽ2魹ｽ魹ｽ,1171063200,"[1,1,1,1,1,1,1]",true
魹ｽ魹ｽ魹ｽ魹ｽﾆｯ魹ｽ魹ｽ魹ｽ魹ｽ,魹ｽ魹ｽ魹ｽﾄｱ魹ｽ,魹ｽ魹ｽ魹ｽ魹ｽ魹ｽ魹ｽ魹ｽ,1171062000,"[1,1,1,1,1,1,1]",true
魹ｽ魹ｽ魹ｽ魹ｽﾆｯ魹ｽ魹ｽ魹ｽ魹ｽ,魹ｽ魹ｽ魹ｽﾄｱ魹ｽ,魹ｽﾅｿ魹ｽ1魹ｽ魹ｽ,1171053100,"[1,1,1,1,1,1,1]",true
魹ｽ魹ｽ魹ｽ魹ｽﾆｯ魹ｽ魹ｽ魹ｽ魹ｽ,魹ｽ魹ｽ魹ｽﾄｱ魹ｽ,魹ｽﾅｿ魹ｽ2魹ｽ魹ｽ,1171053200,"[1,1,1,1,1,1,1]",true
魹ｽ魹ｽ魹ｽ魹ｽﾆｯ魹ｽ魹ｽ魹ｽ魹ｽ,魹ｽ魹ｽ魹ｽﾄｱ魹ｽ,魹ｽ魹ｽﾃｵ1魹ｽ魹ｽ,1171054000,"[1,1,1,1,1,1,1]",true
魹ｽ魹ｽ魹ｽ魹ｽﾆｯ魹ｽ魹ｽ魹ｽ魹ｽ,魹ｽ魹ｽ魹ｽﾄｱ魹ｽ,魹ｽ魹ｽﾃｵ2魹ｽ魹ｽ,1171055000,"[1,1,1,1,1,1,1]",true
魹ｽ魹ｽ魹ｽ魹ｽﾆｯ魹ｽ魹ｽ魹ｽ魹ｽ,魹ｽ魹ｽ魹ｽﾄｱ魹ｽ,魹ｽ魹ｽ魹ｽ魹ｽ1魹ｽ魹ｽ,1171064100,"[1,1,1,1,1,1,1]",true
魹ｽ魹ｽ魹ｽ魹ｽﾆｯ魹ｽ魹ｽ魹ｽ魹ｽ,魹ｽ魹ｽ魹ｽﾄｱ魹ｽ,魹ｽ魹ｽ魹ｽ魹ｽ2魹ｽ魹ｽ,1171064200,"[1,1,1,1,1,1,1]",true
魹ｽ魹ｽ魹ｽ魹ｽﾆｯ魹ｽ魹ｽ魹ｽ魹ｽ,魹ｽ魹ｽ魹ｽﾄｱ魹ｽ,魹ｽ魹ｽ魹ｽ魹ｽ1魹ｽ魹ｽ,1171056100,"[1,1,1,1,1,1,1]",true
魹ｽ魹ｽ魹ｽ魹ｽﾆｯ魹ｽ魹ｽ魹ｽ魹ｽ,魹ｽ魹ｽ魹ｽﾄｱ魹ｽ,魹ｽ魹ｽ魹ｽ魹ｽ2魹ｽ魹ｽ,1171056200,"[1,1,1,1,1,1,1]",true
魹ｽ魹ｽ魹ｽ魹ｽﾆｯ魹ｽ魹ｽ魹ｽ魹ｽ,魹ｽ魹ｽ魹ｽﾄｱ魹ｽ,魹ｽ魹ｽ魹ｽ魹ｽ魹ｽ魹ｽ,1171061000,"[1,1,1,1,1,1,1]",true
魹ｽ魹ｽ魹ｽ魹ｽﾆｯ魹ｽ魹ｽ魹ｽ魹ｽ,魹ｽ魹ｽ魹ｽﾄｱ魹ｽ,魹ｽ魹ｽ魹ｽﾌｵ魹ｽ,1171060000,"[1,1,1,1,1,1,1]",true
魹ｽ魹ｽ魹ｽ魹ｽﾆｯ魹ｽ魹ｽ魹ｽ魹ｽ,魹ｽ魹ｽ魹ｽﾄｱ魹ｽ,魹ｽ魹ｽ魹ｽ魹ｽ1魹ｽ魹ｽ,1171058000,"[1,1,1,1,1,1,1]",true
魹ｽ魹ｽ魹ｽ魹ｽﾆｯ魹ｽ魹ｽ魹ｽ魹ｽ,魹ｽ魹ｽ魹ｽﾄｱ魹ｽ,魹ｽ魹ｽ魹ｽ魹ｽ2魹ｽ魹ｽ,1171059000,"[1,1,1,1,1,1,1]",true
魹ｽ魹ｽ魹ｽ魹ｽﾆｯ魹ｽ魹ｽ魹ｽ魹ｽ,魹ｽ魹ｽ魹ｽﾄｱ魹ｽ,魹ｽ魹ｽ魹ｽﾝｵ魹ｽ,1171057000,"[1,1,1,1,1,1,1]",true
魹ｽ魹ｽ魹ｽ魹ｽﾆｯ魹ｽ魹ｽ魹ｽ魹ｽ,魹ｽ魹ｽ魹ｽﾄｱ魹ｽ,魹ｽ魹ｽ魹ｽ魹ｽ魹ｽ魹ｽ,1171056600,"[1,1,1,1,1,1,1]",true
魹ｽ魹ｽ魹ｽ魹ｽﾆｯ魹ｽ魹ｽ魹ｽ魹ｽ,魹ｽ魹ｽ魹ｽﾄｱ魹ｽ,魹ｽ魹ｽ魹ｽﾊｵ魹ｽ,1171064700,"[1,1,1,1,1,1,1]",true
魹ｽ魹ｽ魹ｽ魹ｽﾆｯ魹ｽ魹ｽ魹ｽ魹ｽ,魹ｽ魹ｽ魹ｽﾄｱ魹ｽ,魹ｽ魹ｽ魹ｽ2魹ｽ魹ｽ,1171067000,"[1,1,1,1,1,1,1]",true
魹ｽ魹ｽ魹ｽ魹ｽﾆｯ魹ｽ魹ｽ魹ｽ魹ｽ,魹ｽ魹ｽ魹ｽﾄｱ魹ｽ,魹ｽ魹ｽ魹ｽ3魹ｽ魹ｽ,1171068000,"[1,1,1,1,1,1,1]",true
魹ｽ魹ｽ魹ｽ魹ｽﾆｯ魹ｽ魹ｽ魹ｽ魹ｽ,魹ｽ魹ｽ魹ｽﾄｱ魹ｽ,魹ｽ魹ｽ魹ｽ4魹ｽ魹ｽ,1171069000,"[1,1,1,1,1,1,1]",true
魹ｽ魹ｽ魹ｽ魹ｽﾆｯ魹ｽ魹ｽ魹ｽ魹ｽ,魹ｽ魹ｽ魹ｽﾄｱ魹ｽ,魹ｽ魹ｽ魹ｽ6魹ｽ魹ｽ,1171071000,"[1,1,1,1,1,1,1]",true
魹ｽ魹ｽ魹ｽ魹ｽﾆｯ魹ｽ魹ｽ魹ｽ魹ｽ,魹ｽ魹ｽ魹ｽﾄｱ魹ｽ,魹ｽ魹ｽ魹ｽ7魹ｽ魹ｽ,1171072000,"[1,1,1,1,1,1,1]",true
魹ｽ魹ｽ魹ｽ魹ｽﾆｯ魹ｽ魹ｽ魹ｽ魹ｽ,魹ｽ魹ｽ魹ｽﾄｱ魹ｽ,魹ｽ魹ｽﾇｺ魹ｽ魹ｽ魹ｽ,1171065000,"[1,1,1,1,1,1,1]",true
魹ｽ魹ｽ魹ｽ魹ｽﾆｯ魹ｽ魹ｽ魹ｽ魹ｽ,魹ｽ魹ｽ魹ｽﾄｱ魹ｽ,魹ｽ魹ｽ魹ｽ魹ｽ魹ｽ魹ｽ,1171064600,"[1,1,1,1,1,1,1]",true
魹ｽ魹ｽ魹ｽ魹ｽﾆｯ魹ｽ魹ｽ魹ｽ魹ｽ,魹ｽ魹ｽ魹ｽﾄｱ魹ｽ,ﾇｳ魹ｽ魹ｽ1魹ｽ魹ｽ,1171051000,"[1,1,1,1,1,1,1]",true
魹ｽ魹ｽ魹ｽ魹ｽﾆｯ魹ｽ魹ｽ魹ｽ魹ｽ,魹ｽ魹ｽ魹ｽﾄｱ魹ｽ,ﾇｳ魹ｽ魹ｽ2魹ｽ魹ｽ,1171052000,"[1,1,1,1,1,1,1]",true
魹ｽ魹ｽ魹ｽ魹ｽﾆｯ魹ｽ魹ｽ魹ｽ魹ｽ,魹ｽ魹ｽﾃｵ魹ｽ魹ｽ,魹ｽ魹ｽ1魹ｽ魹ｽ,1147051000,"[1,1,1,1,1,1,1]",true
魹ｽ魹ｽ魹ｽ魹ｽﾆｯ魹ｽ魹ｽ魹ｽ魹ｽ,魹ｽ魹ｽﾃｵ魹ｽ魹ｽ,魹ｽ魹ｽ2魹ｽ魹ｽ,1147052000,"[1,1,1,1,1,1,1]",true
魹ｽ魹ｽ魹ｽ魹ｽﾆｯ魹ｽ魹ｽ魹ｽ魹ｽ,魹ｽ魹ｽﾃｵ魹ｽ魹ｽ,魹ｽ魹ｽ3魹ｽ魹ｽ,1147053000,"[1,1,1,1,1,1,1]",true
魹ｽ魹ｽ魹ｽ魹ｽﾆｯ魹ｽ魹ｽ魹ｽ魹ｽ,魹ｽ魹ｽﾃｵ魹ｽ魹ｽ,魹ｽ魹ｽ4魹ｽ魹ｽ,1147054000,"[1,1,1,1,1,1,1]",true
魹ｽ魹ｽ魹ｽ魹ｽﾆｯ魹ｽ魹ｽ魹ｽ魹ｽ,魹ｽ魹ｽﾃｵ魹ｽ魹ｽ,魹ｽ魹ｽ5魹ｽ魹ｽ,1147055000,"[1,1,1,1,1,1,1]",true
魹ｽ魹ｽ魹ｽ魹ｽﾆｯ魹ｽ魹ｽ魹ｽ魹ｽ,魹ｽ魹ｽﾃｵ魹ｽ魹ｽ,魹ｽﾅｿ魹ｽ1魹ｽ魹ｽ,1147056000,"[1,1,1,1,1,1,1]",true
魹ｽ魹ｽ魹ｽ魹ｽﾆｯ魹ｽ魹ｽ魹ｽ魹ｽ,魹ｽ魹ｽﾃｵ魹ｽ魹ｽ,魹ｽﾅｿ魹ｽ2魹ｽ魹ｽ,1147057000,"[1,1,1,1,1,1,1]",true
魹ｽ魹ｽ魹ｽ魹ｽﾆｯ魹ｽ魹ｽ魹ｽ魹ｽ,魹ｽ魹ｽﾃｵ魹ｽ魹ｽ,魹ｽﾅｿ魹ｽ3魹ｽ魹ｽ,1147058000,"[1,1,1,1,1,1,1]",true
魹ｽ魹ｽ魹ｽ魹ｽﾆｯ魹ｽ魹ｽ魹ｽ魹ｽ,魹ｽ魹ｽﾃｵ魹ｽ魹ｽ,魹ｽﾅｿ魹ｽ4魹ｽ魹ｽ,1147059000,"[1,1,1,1,1,1,1]",true
魹ｽ魹ｽ魹ｽ魹ｽﾆｯ魹ｽ魹ｽ魹ｽ魹ｽ,魹ｽ魹ｽﾃｵ魹ｽ魹ｽ,魹ｽﾅｿ魹ｽ5魹ｽ魹ｽ,1147060000,"[1,1,1,1,1,1,1]",true
魹ｽ魹ｽ魹ｽ魹ｽﾆｯ魹ｽ魹ｽ魹ｽ魹ｽ,魹ｽ魹ｽﾃｵ魹ｽ魹ｽ,魹ｽﾅｿ魹ｽ6魹ｽ魹ｽ,1147061000,"[1,1,1,1,1,1,1]",true
魹ｽ魹ｽ魹ｽ魹ｽﾆｯ魹ｽ魹ｽ魹ｽ魹ｽ,魹ｽ魹ｽﾃｵ魹ｽ魹ｽ,魹ｽﾅｿ魹ｽ7魹ｽ魹ｽ,1147061100,"[1,1,1,1,1,1,1]",true
魹ｽ魹ｽ魹ｽ魹ｽﾆｯ魹ｽ魹ｽ魹ｽ魹ｽ,魹ｽ魹ｽﾃｵ魹ｽ魹ｽ,魹ｽ魹ｽ魹ｽ魹ｽ1魹ｽ魹ｽ,1147062000,"[1,1,1,1,1,1,1]",true
魹ｽ魹ｽ魹ｽ魹ｽﾆｯ魹ｽ魹ｽ魹ｽ魹ｽ,魹ｽ魹ｽﾃｵ魹ｽ魹ｽ,魹ｽ魹ｽ魹ｽ魹ｽ2魹ｽ魹ｽ,1147063000,"[1,1,1,1,1,1,1]",true
魹ｽ魹ｽ魹ｽ魹ｽﾆｯ魹ｽ魹ｽ魹ｽ魹ｽ,魹ｽ魹ｽﾃｵ魹ｽ魹ｽ,魹ｽ魹ｽ魹ｽ魹ｽ3魹ｽ魹ｽ,1147064000,"[1,1,1,1,1,1,1]",true
魹ｽ魹ｽ魹ｽ魹ｽﾆｯ魹ｽ魹ｽ魹ｽ魹ｽ,魹ｽ魹ｽﾃｵ魹ｽ魹ｽ,魹ｽ魹ｽ魹ｽ魹ｽ4魹ｽ魹ｽ,1147065000,"[1,1,1,1,1,1,1]",true
魹ｽ魹ｽ魹ｽ魹ｽﾆｯ魹ｽ魹ｽ魹ｽ魹ｽ,魹ｽ魹ｽﾃｵ魹ｽ魹ｽ,魹ｽ魹ｽ魹ｽ魹ｽ6魹ｽ魹ｽ,1147067000,"[1,1,1,1,1,1,1]",true
魹ｽ魹ｽ魹ｽ魹ｽﾆｯ魹ｽ魹ｽ魹ｽ魹ｽ,魹ｽ魹ｽﾃｵ魹ｽ魹ｽ,魹ｽ魹ｽ魹ｽ魹ｽ7魹ｽ魹ｽ,1147068000,"[1,1,1,1,1,1,1]",true
魹ｽ魹ｽ魹ｽ魹ｽﾆｯ魹ｽ魹ｽ魹ｽ魹ｽ,魹ｽ魹ｽ魹ｽ魹ｽ魹ｽ魹ｽ魹ｽ魹ｽ,魹ｽ魹ｽ魹ｽ魹ｽ魹ｽ1魹ｽ魹ｽ,1156055000,"[1,1,1,1,1,1,1]",true
魹ｽ魹ｽ魹ｽ魹ｽﾆｯ魹ｽ魹ｽ魹ｽ魹ｽ,魹ｽ魹ｽ魹ｽ魹ｽ魹ｽ魹ｽ魹ｽ魹ｽ,魹ｽ魹ｽ魹ｽ魹ｽ魹ｽ2魹ｽ魹ｽ,1156056000,"[1,1,1,1,1,1,1]",true
魹ｽ魹ｽ魹ｽ魹ｽﾆｯ魹ｽ魹ｽ魹ｽ魹ｽ,魹ｽ魹ｽ魹ｽ魹ｽ魹ｽ魹ｽ魹ｽ魹ｽ,魹ｽ㰏ｲ魹ｽ魹ｽ1魹ｽ魹ｽ,1156070000,"[1,1,1,1,1,1,1]",true
魹ｽ魹ｽ魹ｽ魹ｽﾆｯ魹ｽ魹ｽ魹ｽ魹ｽ,魹ｽ魹ｽ魹ｽ魹ｽ魹ｽ魹ｽ魹ｽ魹ｽ,魹ｽ㰏ｲ魹ｽ魹ｽ2魹ｽ魹ｽ,1156071000,"[1,1,1,1,1,1,1]",true
魹ｽ魹ｽ魹ｽ魹ｽﾆｯ魹ｽ魹ｽ魹ｽ魹ｽ,魹ｽ魹ｽ魹ｽ魹ｽ魹ｽ魹ｽ魹ｽ魹ｽ,魹ｽ㰏ｲ魹ｽ魹ｽ3魹ｽ魹ｽ,1156072000,"[1,1,1,1,1,1,1]",true
魹ｽ魹ｽ魹ｽ魹ｽﾆｯ魹ｽ魹ｽ魹ｽ魹ｽ,魹ｽ魹ｽ魹ｽ魹ｽ魹ｽ魹ｽ魹ｽ魹ｽ,魹ｽ魹ｽ魹ｽ魹ｽ魹ｽ魹ｽ,1156058500,"[1,1,1,1,1,1,1]",true
魹ｽ魹ｽ魹ｽ魹ｽﾆｯ魹ｽ魹ｽ魹ｽ魹ｽ,魹ｽ魹ｽ魹ｽ魹ｽ魹ｽ魹ｽ魹ｽ魹ｽ,魹ｽ魹ｽ魹ｽ魹ｽ魹ｽ魹ｽ,1156060500,"[1,1,1,1,1,1,1]",true
魹ｽ魹ｽ魹ｽ魹ｽﾆｯ魹ｽ魹ｽ魹ｽ魹ｽ,魹ｽ魹ｽ魹ｽ魹ｽ魹ｽ魹ｽ魹ｽ魹ｽ,魹ｽﾅｱ魹ｽ魹ｽ魹ｽ1魹ｽ魹ｽ,1156063000,"[1,1,1,1,1,1,1]",true
魹ｽ魹ｽ魹ｽ魹ｽﾆｯ魹ｽ魹ｽ魹ｽ魹ｽ,魹ｽ魹ｽ魹ｽ魹ｽ魹ｽ魹ｽ魹ｽ魹ｽ,魹ｽﾅｱ魹ｽ魹ｽ魹ｽ3魹ｽ魹ｽ,1156065000,"[1,1,1,1,1,1,1]",true
魹ｽ魹ｽ魹ｽ魹ｽﾆｯ魹ｽ魹ｽ魹ｽ魹ｽ,魹ｽ魹ｽ魹ｽ魹ｽ魹ｽ魹ｽ魹ｽ魹ｽ,魹ｽﾅｱ魹ｽ魹ｽ魹ｽ4魹ｽ魹ｽ,1156066000,"[1,1,1,1,1,1,1]",true
魹ｽ魹ｽ魹ｽ魹ｽﾆｯ魹ｽ魹ｽ魹ｽ魹ｽ,魹ｽ魹ｽ魹ｽ魹ｽ魹ｽ魹ｽ魹ｽ魹ｽ,魹ｽﾅｱ魹ｽ魹ｽ魹ｽ5魹ｽ魹ｽ,1156067000,"[1,1,1,1,1,1,1]",true
魹ｽ魹ｽ魹ｽ魹ｽﾆｯ魹ｽ魹ｽ魹ｽ魹ｽ,魹ｽ魹ｽ魹ｽ魹ｽ魹ｽ魹ｽ魹ｽ魹ｽ,魹ｽﾅｱ魹ｽ魹ｽ魹ｽ6魹ｽ魹ｽ,1156068000,"[1,1,1,1,1,1,1]",true
魹ｽ魹ｽ魹ｽ魹ｽﾆｯ魹ｽ魹ｽ魹ｽ魹ｽ,魹ｽ魹ｽ魹ｽ魹ｽ魹ｽ魹ｽ魹ｽ魹ｽ,魹ｽﾅｱ魹ｽ魹ｽ魹ｽ7魹ｽ魹ｽ,1156069000,"[1,1,1,1,1,1,1]",true
魹ｽ魹ｽ魹ｽ魹ｽﾆｯ魹ｽ魹ｽ魹ｽ魹ｽ,魹ｽ魹ｽ魹ｽ魹ｽ魹ｽ魹ｽ魹ｽ魹ｽ,魹ｽ魹ｽ魹ｽ魹ｽ魹ｽ魹ｽ1魹ｽ魹ｽ,1156061000,"[1,1,1,1,1,1,1]",true
魹ｽ魹ｽ魹ｽ魹ｽﾆｯ魹ｽ魹ｽ魹ｽ魹ｽ,魹ｽ魹ｽ魹ｽ魹ｽ魹ｽ魹ｽ魹ｽ魹ｽ,魹ｽ魹ｽ魹ｽ魹ｽ魹ｽ魹ｽ2魹ｽ魹ｽ,1156062000,"[1,1,1,1,1,1,1]",true
魹ｽ魹ｽ魹ｽ魹ｽﾆｯ魹ｽ魹ｽ魹ｽ魹ｽ,魹ｽ魹ｽ魹ｽ魹ｽ魹ｽ魹ｽ魹ｽ魹ｽ,魹ｽ魹ｽ魹ｽﾇｵ魹ｽ,1156054000,"[1,1,1,1,1,1,1]",true
魹ｽ魹ｽ魹ｽ魹ｽﾆｯ魹ｽ魹ｽ魹ｽ魹ｽ,魹ｽ魹ｽ魹ｽ魹ｽ魹ｽ魹ｽ魹ｽ魹ｽ,魹ｽ魹ｽ魹ｽ魹ｽ魹ｽ魹ｽ魹ｽ魹ｽ,1156053500,"[1,1,1,1,1,1,1]",true
魹ｽ魹ｽ魹ｽ魹ｽﾆｯ魹ｽ魹ｽ魹ｽ魹ｽ,魹ｽ魹ｽ魹ｽ魹ｽ魹ｽ魹ｽ魹ｽ魹ｽ,魹ｽ魹ｽ魹ｽ魹ｽ魹ｽ魹ｽ魹ｽ魹ｽ魹ｽ魹ｽ,1156051500,"[1,1,1,1,1,1,1]",true
魹ｽ魹ｽ魹ｽ魹ｽﾆｯ魹ｽ魹ｽ魹ｽ魹ｽ,魹ｽ魹ｽ弇ｸ,魹ｽ魹ｽ魹ｽ魹ｽ魹ｽ魹ｽ,1117053000,"[1,1,1,1,1,1,1]",true
魹ｽ魹ｽ魹ｽ魹ｽﾆｯ魹ｽ魹ｽ魹ｽ魹ｽ,魹ｽ魹ｽ弇ｸ,魹ｽ魹ｽ魹ｽ魹ｽ魹ｽ魹ｽ,1117070000,"[1,1,1,1,1,1,1]",true
魹ｽ魹ｽ魹ｽ魹ｽﾆｯ魹ｽ魹ｽ魹ｽ魹ｽ,魹ｽ魹ｽ弇ｸ,魹ｽ魹ｽ魹ｽ魹ｽ魹ｽ魹ｽ魹ｽ,1117069000,"[1,1,1,1,1,1,1]",true
魹ｽ魹ｽ魹ｽ魹ｽﾆｯ魹ｽ魹ｽ魹ｽ魹ｽ,魹ｽ魹ｽ弇ｸ,魹ｽ欄ｮ魹ｽ魹ｽ,1117059000,"[1,1,1,1,1,1,1]",true
魹ｽ魹ｽ魹ｽ魹ｽﾆｯ魹ｽ魹ｽ魹ｽ魹ｽ,魹ｽ魹ｽ弇ｸ,魹ｽ魹ｽ魹ｽ2魹ｽ魹ｽ魹ｽ魹ｽ,1117052000,"[1,1,1,1,1,1,1]",true
魹ｽ魹ｽ魹ｽ魹ｽﾆｯ魹ｽ魹ｽ魹ｽ魹ｽ,魹ｽ魹ｽ弇ｸ,魹ｽ魹ｽﾈｿ魹ｽ魹ｽ魹ｽ魹ｽ1魹ｽ魹ｽ,1117056000,"[1,1,1,1,1,1,1]",true
魹ｽ魹ｽ魹ｽ魹ｽﾆｯ魹ｽ魹ｽ魹ｽ魹ｽ,魹ｽ魹ｽ弇ｸ,魹ｽ魹ｽﾈｿ魹ｽ魹ｽ魹ｽ魹ｽ2魹ｽ魹ｽ,1117057000,"[1,1,1,1,1,1,1]",true
魹ｽ魹ｽ魹ｽ魹ｽﾆｯ魹ｽ魹ｽ魹ｽ魹ｽ,魹ｽ魹ｽ弇ｸ,魹ｽ魹ｽ魹ｽ魹ｽ魹ｽ魹ｽ1魹ｽ魹ｽ,1117063000,"[1,1,1,1,1,1,1]",true
魹ｽ魹ｽ魹ｽ魹ｽﾆｯ魹ｽ魹ｽ魹ｽ魹ｽ,魹ｽ魹ｽ弇ｸ,魹ｽ魹ｽ魹ｽ魹ｽ魹ｽ魹ｽ2魹ｽ魹ｽ,1117064000,"[1,1,1,1,1,1,1]",true
魹ｽ魹ｽ魹ｽ魹ｽﾆｯ魹ｽ魹ｽ魹ｽ魹ｽ,魹ｽ魹ｽ弇ｸ,魹ｽ魹ｽ魹ｽﾂｿ魹ｽ魹ｽ魹ｽ1魹ｽ魹ｽ,1117065000,"[1,1,1,1,1,1,1]",true
魹ｽ魹ｽ魹ｽ魹ｽﾆｯ魹ｽ魹ｽ魹ｽ魹ｽ,魹ｽ魹ｽ弇ｸ,魹ｽ魹ｽ魹ｽﾂｿ魹ｽ魹ｽ魹ｽ2魹ｽ魹ｽ,1117066000,"[1,1,1,1,1,1,1]",true
魹ｽ魹ｽ魹ｽ魹ｽﾆｯ魹ｽ魹ｽ魹ｽ魹ｽ,魹ｽ魹ｽ弇ｸ,ﾃｻ魹ｽﾄｵ魹ｽ,1117055500,"[1,1,1,1,1,1,1]",true
魹ｽ魹ｽ魹ｽ魹ｽﾆｯ魹ｽ魹ｽ魹ｽ魹ｽ,魹ｽ魹ｽ弇ｸ,魹ｽﾑｰ魹ｽ魹ｽﾎｵ魹ｽ,1117062500,"[1,1,1,1,1,1,1]",true
魹ｽ魹ｽ魹ｽ魹ｽﾆｯ魹ｽ魹ｽ魹ｽ魹ｽ,魹ｽ魹ｽ弇ｸ,魹ｽﾑｳ魹ｽ魹ｽ魹ｽ,1117068500,"[1,1,1,1,1,1,1]",true
魹ｽ魹ｽ魹ｽ魹ｽﾆｯ魹ｽ魹ｽ魹ｽ魹ｽ,魹ｽ魹ｽ弇ｸ,ﾈｿﾃ｢魹ｽ魹ｽ,1117058000,"[1,1,1,1,1,1,1]",true
魹ｽ魹ｽ魹ｽ魹ｽﾆｯ魹ｽ魹ｽ魹ｽ魹ｽ,魹ｽ魹ｽ弇ｸ,魹ｽﾄｾﾏｵ魹ｽ,1117051000,"[1,1,1,1,1,1,1]",true
魹ｽ魹ｽ魹ｽ魹ｽﾆｯ魹ｽ魹ｽ魹ｽ魹ｽ,魹ｽ魹ｽ魹ｽ魹ｽ,魹ｽ魹ｽ魹ｽ魹ｽ魹ｽ魹ｽ1魹ｽ魹ｽ,1138055100,"[1,1,1,1,1,1,1]",true
魹ｽ魹ｽ魹ｽ魹ｽﾆｯ魹ｽ魹ｽ魹ｽ魹ｽ,魹ｽ魹ｽ魹ｽ魹ｽ,魹ｽ魹ｽ魹ｽ魹ｽ魹ｽ魹ｽ2魹ｽ魹ｽ,1138055200,"[1,1,1,1,1,1,1]",true
魹ｽ魹ｽ魹ｽ魹ｽﾆｯ魹ｽ魹ｽ魹ｽ魹ｽ,魹ｽ魹ｽ魹ｽ魹ｽ,魹ｽ魹ｽ魹ｽ弶ｿ,1138056000,"[1,1,1,1,1,1,1]",true
魹ｽ魹ｽ魹ｽ魹ｽﾆｯ魹ｽ魹ｽ魹ｽ魹ｽ,魹ｽ魹ｽ魹ｽ魹ｽ,魹ｽ魹ｽ魹ｽ魹ｽ魹ｽ,1138051000,"[1,1,1,1,1,1,1]",true
魹ｽ魹ｽ魹ｽ魹ｽﾆｯ魹ｽ魹ｽ魹ｽ魹ｽ,魹ｽ魹ｽ魹ｽ魹ｽ,魹ｽ魹ｽ魹ｽ魹ｽ魹ｽ魹ｽ,1138057000,"[1,1,1,1,1,1,1]",true
魹ｽ魹ｽ魹ｽ魹ｽﾆｯ魹ｽ魹ｽ魹ｽ魹ｽ,魹ｽ魹ｽ魹ｽ魹ｽ,魹ｽﾒｱ魹ｽ魹ｽ魹ｽ1魹ｽ魹ｽ,1138052000,"[1,1,1,1,1,1,1]",true
魹ｽ魹ｽ魹ｽ魹ｽﾆｯ魹ｽ魹ｽ魹ｽ魹ｽ,魹ｽ魹ｽ魹ｽ魹ｽ,魹ｽﾒｱ魹ｽ魹ｽ魹ｽ2魹ｽ魹ｽ,1138053000,"[1,1,1,1,1,1,1]",true
魹ｽ魹ｽ魹ｽ魹ｽﾆｯ魹ｽ魹ｽ魹ｽ魹ｽ,魹ｽ魹ｽ魹ｽ魹ｽ,魹ｽ魹ｽ魹ｽ魹ｽ魹ｽ魹ｽ,1138065000,"[1,1,1,1,1,1,1]",true
魹ｽ魹ｽ魹ｽ魹ｽﾆｯ魹ｽ魹ｽ魹ｽ魹ｽ,魹ｽ魹ｽ魹ｽ魹ｽ,魹ｽﾅｻ魹ｽ魹ｽ魹ｽ1魹ｽ魹ｽ,1138063100,"[1,1,1,1,1,1,1]",true
魹ｽ魹ｽ魹ｽ魹ｽﾆｯ魹ｽ魹ｽ魹ｽ魹ｽ,魹ｽ魹ｽ魹ｽ魹ｽ,魹ｽﾅｻ魹ｽ魹ｽ魹ｽ2魹ｽ魹ｽ,1138063200,"[1,1,1,1,1,1,1]",true
魹ｽ魹ｽ魹ｽ魹ｽﾆｯ魹ｽ魹ｽ魹ｽ魹ｽ,魹ｽ魹ｽ魹ｽ魹ｽ,魹ｽ魹ｽ魹ｽﾌｵ魹ｽ,1138062500,"[1,1,1,1,1,1,1]",true
魹ｽ魹ｽ魹ｽ魹ｽﾆｯ魹ｽ魹ｽ魹ｽ魹ｽ,魹ｽ魹ｽ魹ｽ魹ｽ,魹ｽ魹ｽ魹ｽ魹ｽ魹ｽ魹ｽ1魹ｽ魹ｽ,1138058000,"[1,1,1,1,1,1,1]",true
魹ｽ魹ｽ魹ｽ魹ｽﾆｯ魹ｽ魹ｽ魹ｽ魹ｽ,魹ｽ魹ｽ魹ｽ魹ｽ,魹ｽ魹ｽ魹ｽ魹ｽ魹ｽ魹ｽ2魹ｽ魹ｽ,1138059000,"[1,1,1,1,1,1,1]",true
魹ｽ魹ｽ魹ｽ魹ｽﾆｯ魹ｽ魹ｽ魹ｽ魹ｽ,魹ｽ魹ｽ魹ｽ魹ｽ,魹ｽ魹ｽ魹ｽ魹ｽ魹ｽ魹ｽ3魹ｽ魹ｽ,1138060000,"[1,1,1,1,1,1,1]",true
魹ｽ魹ｽ魹ｽ魹ｽﾆｯ魹ｽ魹ｽ魹ｽ魹ｽ,魹ｽ魹ｽ魹ｽ魹ｽ,魹ｽ魹ｽ魹ｽ弶ｿ,1138064000,"[1,1,1,1,1,1,1]",true
魹ｽ魹ｽ魹ｽ魹ｽﾆｯ魹ｽ魹ｽ魹ｽ魹ｽ,魹ｽ魹ｽ魹ｽ魹ｽ,魹ｽ魹ｽ魹ｽ魹ｽ魹ｽ魹ｽ,1138069000,"[1,1,1,1,1,1,1]",true
魹ｽ魹ｽ魹ｽ魹ｽﾆｯ魹ｽ魹ｽ魹ｽ魹ｽ,魹ｽ魹ｽ魹ｽﾎｱ魹ｽ,魹ｽ魹ｽﾈｸ魹ｽ魹ｽ,1111060000,"[1,1,1,1,1,1,1]",true
魹ｽ魹ｽ魹ｽ魹ｽﾆｯ魹ｽ魹ｽ魹ｽ魹ｽ,魹ｽ魹ｽ魹ｽﾎｱ魹ｽ,魹ｽ魹ｽ魹ｽ魹ｽ魹ｽ魹ｽ,1111058000,"[1,1,1,1,1,1,1]",true
魹ｽ魹ｽ魹ｽ魹ｽﾆｯ魹ｽ魹ｽ魹ｽ魹ｽ,魹ｽ魹ｽ魹ｽﾎｱ魹ｽ,魹ｽ魹ｽ魹ｽﾇｵ魹ｽ,1111057000,"[1,1,1,1,1,1,1]",true
魹ｽ魹ｽ魹ｽ魹ｽﾆｯ魹ｽ魹ｽ魹ｽ魹ｽ,魹ｽ魹ｽ魹ｽﾎｱ魹ｽ,魹ｽﾎｾﾏｵ魹ｽ,1111055000,"[1,1,1,1,1,1,1]",true
魹ｽ魹ｽ魹ｽ魹ｽﾆｯ魹ｽ魹ｽ魹ｽ魹ｽ,魹ｽ魹ｽ魹ｽﾎｱ魹ｽ,魹ｽ魹ｽ魹ｽ魹ｽ魹ｽ魹ｽ,1111053000,"[1,1,1,1,1,1,1]",true
魹ｽ魹ｽ魹ｽ魹ｽﾆｯ魹ｽ魹ｽ魹ｽ魹ｽ,魹ｽ魹ｽ魹ｽﾎｱ魹ｽ,魹ｽ魹ｽﾃｻ魹ｽ魹ｽ,1111054000,"[1,1,1,1,1,1,1]",true
魹ｽ魹ｽ魹ｽ魹ｽﾆｯ魹ｽ魹ｽ魹ｽ魹ｽ,魹ｽ魹ｽ魹ｽﾎｱ魹ｽ,魹ｽ魹ｽ魹ｽ魹ｽ魹ｽ魹ｽ1魹ｽ魹ｽ,1111070000,"[1,1,1,1,1,1,1]",true
魹ｽ魹ｽ魹ｽ魹ｽﾆｯ魹ｽ魹ｽ魹ｽ魹ｽ,魹ｽ魹ｽ魹ｽﾎｱ魹ｽ,魹ｽ魹ｽ魹ｽ魹ｽ魹ｽ魹ｽ2魹ｽ魹ｽ,1111071000,"[1,1,1,1,1,1,1]",true
魹ｽ魹ｽ魹ｽ魹ｽﾆｯ魹ｽ魹ｽ魹ｽ魹ｽ,魹ｽ魹ｽ魹ｽﾎｱ魹ｽ,魹ｽ魹ｽﾈｭ魹ｽ魹ｽ,1111064000,"[1,1,1,1,1,1,1]",true
魹ｽ魹ｽ魹ｽ魹ｽﾆｯ魹ｽ魹ｽ魹ｽ魹ｽ,魹ｽ魹ｽ魹ｽﾎｱ魹ｽ,魹ｽ魹ｽ魹ｽ魹ｽ1.2.3.4魹ｽ魹ｽ魹ｽ魹ｽ,1111061500,"[1,1,1,1,1,1,1]",true
魹ｽ魹ｽ魹ｽ魹ｽﾆｯ魹ｽ魹ｽ魹ｽ魹ｽ,魹ｽ魹ｽ魹ｽﾎｱ魹ｽ,魹ｽ魹ｽ魹ｽ魹ｽ5.6魹ｽ魹ｽ魹ｽ魹ｽ,1111063000,"[1,1,1,1,1,1,1]",true
魹ｽ魹ｽ魹ｽ魹ｽﾆｯ魹ｽ魹ｽ魹ｽ魹ｽ,魹ｽ魹ｽ魹ｽﾎｱ魹ｽ,ﾃ｢魹ｽ魹ｽ魹ｽ魹ｽ1魹ｽ魹ｽ,1111067000,"[1,1,1,1,1,1,1]",true
魹ｽ魹ｽ魹ｽ魹ｽﾆｯ魹ｽ魹ｽ魹ｽ魹ｽ,魹ｽ魹ｽ魹ｽﾎｱ魹ｽ,ﾃ｢魹ｽ魹ｽ魹ｽ魹ｽ2魹ｽ魹ｽ,1111068000,"[1,1,1,1,1,1,1]",true
魹ｽ魹ｽ魹ｽ魹ｽﾆｯ魹ｽ魹ｽ魹ｽ魹ｽ,魹ｽ魹ｽ魹ｽﾎｱ魹ｽ,ﾃ｢魹ｽ魹ｽ魹ｽ魹ｽ3魹ｽ魹ｽ,1111069000,"[1,1,1,1,1,1,1]",true
魹ｽ魹ｽ魹ｽ魹ｽﾆｯ魹ｽ魹ｽ魹ｽ魹ｽ,魹ｽ魹ｽ魹ｽﾎｱ魹ｽ,ﾃｻ魹ｽ魹ｽﾈｿ魹ｽﾚｵ魹ｽ,1111051500,"[1,1,1,1,1,1,1]",true
魹ｽ魹ｽ魹ｽ魹ｽﾆｯ魹ｽ魹ｽ魹ｽ魹ｽ,魹ｽ魹ｽ魹ｽﾎｱ魹ｽ,魹ｽ魹ｽﾃ｢魹ｽ魹ｽ,1111056000,"[1,1,1,1,1,1,1]",true
魹ｽ魹ｽ魹ｽ魹ｽﾆｯ魹ｽ魹ｽ魹ｽ魹ｽ,魹ｽ魹ｽ魹ｽﾎｱ魹ｽ,魹ｽ魹ｽﾈｭ魹ｽ魹ｽ,1111065000,"[1,1,1,1,1,1,1]",true
魹ｽ魹ｽ魹ｽ魹ｽﾆｯ魹ｽ魹ｽ魹ｽ魹ｽ,魹ｽﾟｱ魹ｽ,魹ｽ魹ｽ魹ｽ魹ｽ,1114059000,"[1,1,1,1,1,1,1]",true
魹ｽ魹ｽ魹ｽ魹ｽﾆｯ魹ｽ魹ｽ魹ｽ魹ｽ,魹ｽﾟｱ魹ｽ,魹ｽﾙｻ弶ｿ,1114062500,"[1,1,1,1,1,1,1]",true
魹ｽ魹ｽ魹ｽ魹ｽﾆｯ魹ｽ魹ｽ魹ｽ魹ｽ,魹ｽﾟｱ魹ｽ,魹ｽ魹ｽﾈｭ魹ｽ魹ｽ,1114066500,"[1,1,1,1,1,1,1]",true
魹ｽ魹ｽ魹ｽ魹ｽﾆｯ魹ｽ魹ｽ魹ｽ魹ｽ,魹ｽﾟｱ魹ｽ,魹ｽ魹ｽ魹ｽ,1114055000,"[1,1,1,1,1,1,1]",true
魹ｽ魹ｽ魹ｽ魹ｽﾆｯ魹ｽ魹ｽ魹ｽ魹ｽ,魹ｽﾟｱ魹ｽ,魹ｽﾒｰ魹ｽ魹ｽ魹ｽ,1114052000,"[1,1,1,1,1,1,1]",true
魹ｽ魹ｽ魹ｽ魹ｽﾆｯ魹ｽ魹ｽ魹ｽ魹ｽ,魹ｽﾟｱ魹ｽ,魹ｽﾅｴ邨ｿ,1114061500,"[1,1,1,1,1,1,1]",true
魹ｽ魹ｽ魹ｽ魹ｽﾆｯ魹ｽ魹ｽ魹ｽ魹ｽ,魹ｽﾟｱ魹ｽ,魹ｽﾅｴ魹ｽ魹ｽ魹ｽ5魹ｽ魹ｽ,1114065000,"[1,1,1,1,1,1,1]",true
魹ｽ魹ｽ魹ｽ魹ｽﾆｯ魹ｽ魹ｽ魹ｽ魹ｽ,魹ｽﾟｱ魹ｽ,魹ｽ魹ｽ魹ｽ魹ｽ魹ｽ,1114063500,"[1,1,1,1,1,1,1]",true
魹ｽ魹ｽ魹ｽ魹ｽﾆｯ魹ｽ魹ｽ魹ｽ魹ｽ,魹ｽﾟｱ魹ｽ,魹ｽ魹ｽ魹ｽ魹ｽ魹ｽﾎｵ魹ｽ,1114060500,"[1,1,1,1,1,1,1]",true
魹ｽ魹ｽ魹ｽ魹ｽﾆｯ魹ｽ魹ｽ魹ｽ魹ｽ,魹ｽﾟｱ魹ｽ,魹ｽ魹ｽ魹ｽ豬ｿ,1114058000,"[1,1,1,1,1,1,1]",true
魹ｽ魹ｽ魹ｽ魹ｽﾆｯ魹ｽ魹ｽ魹ｽ魹ｽ,魹ｽﾟｱ魹ｽ,魹ｽﾟｸ魹ｽ魹ｽ魹ｽ,1114068000,"[1,1,1,1,1,1,1]",true
魹ｽ魹ｽ魹ｽ魹ｽﾆｯ魹ｽ魹ｽ魹ｽ魹ｽ,魹ｽﾟｱ魹ｽ,ﾃｻ魹ｽ魹ｽ魹ｽ魹ｽ,1114064500,"[1,1,1,1,1,1,1]",true
魹ｽ魹ｽ魹ｽ魹ｽﾆｯ魹ｽ魹ｽ魹ｽ魹ｽ,魹ｽﾟｱ魹ｽ,魹ｽﾊｵ魹ｽ,1114057000,"[1,1,1,1,1,1,1]",true
魹ｽ魹ｽ魹ｽ魹ｽﾆｯ魹ｽ魹ｽ魹ｽ魹ｽ,魹ｽﾟｱ魹ｽ,ﾈｲ魹ｽﾐｵ魹ｽ,1114067000,"[1,1,1,1,1,1,1]",true
魹ｽ魹ｽ魹ｽ魹ｽﾆｯ魹ｽ魹ｽ魹ｽ魹ｽ,魹ｽﾟｱ魹ｽ,ﾈｸ魹ｽ魹ｽ魹ｽ魹ｽ,1114054000,"[1,1,1,1,1,1,1]",true
魹ｽ魹ｽ魹ｽ魹ｽﾆｯ魹ｽ魹ｽ魹ｽ魹ｽ,魹ｽﾟｶ魹ｽ魹ｽ魹ｽ,魹ｽ魹ｽ魹ｽ璣ｻ魹ｽ魹ｽ,1126065500,"[1,1,1,1,1,1,1]",true
魹ｽ魹ｽ魹ｽ魹ｽﾆｯ魹ｽ魹ｽ魹ｽ魹ｽ,魹ｽﾟｶ魹ｽ魹ｽ魹ｽ,魹ｽ魹ｽ魹ｽ魹ｽ魹ｽ魹ｽ3魹ｽ魹ｽ,1126066000,"[1,1,1,1,1,1,1]",true
魹ｽ魹ｽ魹ｽ魹ｽﾆｯ魹ｽ魹ｽ魹ｽ魹ｽ,魹ｽﾟｶ魹ｽ魹ｽ魹ｽ,魹ｽ魹ｽ嘨ｻｵ魹ｽ,1126056500,"[1,1,1,1,1,1,1]",true
魹ｽ魹ｽ魹ｽ魹ｽﾆｯ魹ｽ魹ｽ魹ｽ魹ｽ,魹ｽﾟｶ魹ｽ魹ｽ魹ｽ,魹ｽ魹ｽ魹ｽ魹ｽ魹ｽ2魹ｽ魹ｽ,1126052000,"[1,1,1,1,1,1,1]",true
魹ｽ魹ｽ魹ｽ魹ｽﾆｯ魹ｽ魹ｽ魹ｽ魹ｽ,魹ｽﾟｶ魹ｽ魹ｽ魹ｽ,魹ｽ魹ｽ魹ｽ魹ｽ魹ｽ3.8魹ｽ魹ｽ,1126057500,"[1,1,1,1,1,1,1]",true
魹ｽ魹ｽ魹ｽ魹ｽﾆｯ魹ｽ魹ｽ魹ｽ魹ｽ,魹ｽﾟｶ魹ｽ魹ｽ魹ｽ,魹ｽ魹ｽ魹ｽ魹ｽ魹ｽ4魹ｽ魹ｽ,1126054000,"[1,1,1,1,1,1,1]",true
魹ｽ魹ｽ魹ｽ魹ｽﾆｯ魹ｽ魹ｽ魹ｽ魹ｽ,魹ｽﾟｶ魹ｽ魹ｽ魹ｽ,魹ｽ魹ｽ魹ｽ魹ｽ魹ｽ5魹ｽ魹ｽ,1126055000,"[1,1,1,1,1,1,1]",true
魹ｽ魹ｽ魹ｽ魹ｽﾆｯ魹ｽ魹ｽ魹ｽ魹ｽ,魹ｽﾟｶ魹ｽ魹ｽ魹ｽ,魹ｽ魹ｽ魹ｽ魹ｽ魹ｽ7魹ｽ魹ｽ,1126057000,"[1,1,1,1,1,1,1]",true
魹ｽ魹ｽ魹ｽ魹ｽﾆｯ魹ｽ魹ｽ魹ｽ魹ｽ,魹ｽﾟｶ魹ｽ魹ｽ魹ｽ,魹ｽ魹ｽ魹ｽ魹ｽ1魹ｽ魹ｽ,1126062000,"[1,1,1,1,1,1,1]",true
魹ｽ魹ｽ魹ｽ魹ｽﾆｯ魹ｽ魹ｽ魹ｽ魹ｽ,魹ｽﾟｶ魹ｽ魹ｽ魹ｽ,魹ｽ魹ｽ魹ｽ魹ｽ2魹ｽ魹ｽ,1126063000,"[1,1,1,1,1,1,1]",true
魹ｽ魹ｽ魹ｽ魹ｽﾆｯ魹ｽ魹ｽ魹ｽ魹ｽ,魹ｽﾟｶ魹ｽ魹ｽ魹ｽ,魹ｽ魹ｽ魹ｽ魹ｽ魹ｽ1魹ｽ魹ｽ,1126058000,"[1,1,1,1,1,1,1]",true
魹ｽ魹ｽ魹ｽ魹ｽﾆｯ魹ｽ魹ｽ魹ｽ魹ｽ,魹ｽﾟｶ魹ｽ魹ｽ魹ｽ,魹ｽ魹ｽ魹ｽ魹ｽ魹ｽ2魹ｽ魹ｽ,1126059000,"[1,1,1,1,1,1,1]",true
魹ｽ魹ｽ魹ｽ魹ｽﾆｯ魹ｽ魹ｽ魹ｽ魹ｽ,魹ｽﾟｶ魹ｽ魹ｽ魹ｽ,魹ｽﾅｳ魹ｽ1魹ｽ魹ｽ,1126068000,"[1,1,1,1,1,1,1]",true
魹ｽ魹ｽ魹ｽ魹ｽﾆｯ魹ｽ魹ｽ魹ｽ魹ｽ,魹ｽﾟｶ魹ｽ魹ｽ魹ｽ,魹ｽﾅｳ魹ｽ2魹ｽ魹ｽ,1126069000,"[1,1,1,1,1,1,1]",true
魹ｽ魹ｽ魹ｽ魹ｽﾆｯ魹ｽ魹ｽ魹ｽ魹ｽ,魹ｽﾟｶ魹ｽ魹ｽ魹ｽ,魹ｽ魹ｽﾈｭ魹ｽ魹ｽ1魹ｽ魹ｽ,1126060000,"[1,1,1,1,1,1,1]",true
魹ｽ魹ｽ魹ｽ魹ｽﾆｯ魹ｽ魹ｽ魹ｽ魹ｽ,魹ｽﾟｶ魹ｽ魹ｽ魹ｽ,魹ｽ魹ｽﾈｭ魹ｽ魹ｽ2魹ｽ魹ｽ,1126061000,"[1,1,1,1,1,1,1]",true
魹ｽ魹ｽ魹ｽ魹ｽﾆｯ魹ｽ魹ｽ魹ｽ魹ｽﾄ｡魹ｽ魹ｽ,,魹ｽ魹ｽ豨ｿ,3611055000,"[0,1,0,0,1,0,1]",true
魹ｽ魹ｽ魹ｽ魹ｽﾆｯ魹ｽ魹ｽ魹ｽ魹ｽﾄ｡魹ｽ魹ｽ,,魹ｽ魹ｽ魹ｽ魹ｽ魹ｽ魹ｽ,3611051800,"[0,1,0,0,1,0,1]",true
魹ｽ魹ｽ魹ｽ魹ｽﾆｯ魹ｽ魹ｽ魹ｽ魹ｽﾄ｡魹ｽ魹ｽ,,魹ｽ魹ｽ魹ｽ魹ｽ魹ｽ魹ｽ,3611058000,"[0,1,0,0,1,0,1]",true
魹ｽ魹ｽ魹ｽ魹ｽﾆｯ魹ｽ魹ｽ魹ｽ魹ｽﾄ｡魹ｽ魹ｽ,,魹ｽ魹ｽ魹ｽ魹ｽ,3611057000,"[0,1,0,0,1,0,1]",true
魹ｽ魹ｽ魹ｽ魹ｽﾆｯ魹ｽ魹ｽ魹ｽ魹ｽﾄ｡魹ｽ魹ｽ,,魹ｽ魹ｽ魹ｽ羞ｿ,3611052000,"[0,1,0,0,1,0,1]",true
魹ｽ魹ｽ魹ｽ魹ｽﾆｯ魹ｽ魹ｽ魹ｽ魹ｽﾄ｡魹ｽ魹ｽ,,魹ｽﾝｰ豨ｿ,3611055600,"[0,1,0,0,1,0,1]",true
魹ｽ魹ｽ魹ｽ魹ｽﾆｯ魹ｽ魹ｽ魹ｽ魹ｽﾄ｡魹ｽ魹ｽ,,魹ｽ魹ｽ魹ｽ魹ｽ魹ｽ魹ｽ,3611056000,"[0,1,0,0,1,0,1]",true
魹ｽ魹ｽ魹ｽ魹ｽﾆｯ魹ｽ魹ｽ魹ｽ魹ｽﾄ｡魹ｽ魹ｽ,,魹ｽﾎｰ魹ｽ魹ｽ魹ｽ,3611033000,"[0,1,0,0,1,0,1]",true
魹ｽ魹ｽ魹ｽ魹ｽﾆｯ魹ｽ魹ｽ魹ｽ魹ｽﾄ｡魹ｽ魹ｽ,,魹ｽ魹ｽ魹ｽﾒｵ魹ｽ,3611051500,"[0,1,0,0,1,0,1]",true
魹ｽ魹ｽ魹ｽ魹ｽﾆｯ魹ｽ魹ｽ魹ｽ魹ｽﾄ｡魹ｽ魹ｽ,,魹ｽﾒｴ羞ｿ,3611055500,"[0,1,0,0,1,0,1]",true
魹ｽ魹ｽ魹ｽ魹ｽﾆｯ魹ｽ魹ｽ魹ｽ魹ｽﾄ｡魹ｽ魹ｽ,,魹ｽﾆｸ魹ｽ魹ｽ魹ｽ,3611053000,"[0,1,0,0,1,0,1]",true
魹ｽ魹ｽ魹ｽ魹ｽﾆｯ魹ｽ魹ｽ魹ｽ魹ｽﾄ｡魹ｽ魹ｽ,,魹ｽ魹ｽ魹ｽ魹ｽ魹ｽ魹ｽ,3611052300,"[0,1,0,0,1,0,1]",true
魹ｽ魹ｽ魹ｽ魹ｽﾆｯ魹ｽ魹ｽ魹ｽ魹ｽﾄ｡魹ｽ魹ｽ,,魹ｽ魹ｽﾄ｡魹ｽ魹ｽ魹ｽ魹ｽ,3611025000,"[0,1,0,0,1,0,1]",true
魹ｽ魹ｽ魹ｽ魹ｽﾆｯ魹ｽ魹ｽ魹ｽ魹ｽﾄ｡魹ｽ魹ｽ,,魹ｽ魹ｽ魹ｽﾌｵ魹ｽ,3611054000,"[0,1,0,0,1,0,1]",true
魹ｽ魹ｽ魹ｽ魹ｽﾆｯ魹ｽ魹ｽ魹ｽ魹ｽﾄ｡魹ｽ魹ｽ,,魹ｽﾑｼﾖｵ魹ｽ,3611051000,"[0,1,0,0,1,0,1]",true
魹ｽ魹ｽ魹ｽ魹ｽﾆｯ魹ｽ魹ｽ魹ｽ魹ｽﾄ｡魹ｽ魹ｽ,,魹ｽﾘｹﾐｵ魹ｽ,3611052500,"[0,1,0,0,1,0,1]",true
魹ｽ魹ｽﾃｵ魹ｽ魹ｽ魹ｽ魹ｽ魹ｽ魹ｽ,魹ｽ魹ｽ邀ｸ,魹ｽ魹ｽ魹ｽ1魹ｽ魹ｽ,2824561100,"[1,1,1,1,1,1,1]",true
魹ｽ魹ｽﾃｵ魹ｽ魹ｽ魹ｽ魹ｽ魹ｽ魹ｽ,魹ｽ魹ｽ邀ｸ,魹ｽ魹ｽ魹ｽ2魹ｽ魹ｽ,2824561200,"[1,1,1,1,1,1,1]",true
魹ｽ魹ｽﾃｵ魹ｽ魹ｽ魹ｽ魹ｽ魹ｽ魹ｽ,魹ｽ魹ｽ邀ｸ,魹ｽ魹ｽ魹ｽ3魹ｽ魹ｽ,2824561300,"[1,1,1,1,1,1,1]",true
魹ｽ魹ｽﾃｵ魹ｽ魹ｽ魹ｽ魹ｽ魹ｽ魹ｽ,魹ｽ魹ｽ邀ｸ,魹ｽ魹ｽ魹ｽ4魹ｽ魹ｽ,2824561400,"[1,1,1,1,1,1,1]",true
魹ｽ魹ｽﾃｵ魹ｽ魹ｽ魹ｽ魹ｽ魹ｽ魹ｽ,魹ｽ魹ｽ邀ｸ,魹ｽ魹ｽ魹ｽ1魹ｽ魹ｽ,2824571000,"[1,1,1,1,1,1,1]",true
魹ｽ魹ｽﾃｵ魹ｽ魹ｽ魹ｽ魹ｽ魹ｽ魹ｽ,魹ｽ魹ｽ邀ｸ,魹ｽ魹ｽ魹ｽ2魹ｽ魹ｽ,2824572000,"[1,1,1,1,1,1,1]",true
魹ｽ魹ｽﾃｵ魹ｽ魹ｽ魹ｽ魹ｽ魹ｽ魹ｽ,魹ｽ魹ｽ邀ｸ,魹ｽ魹ｽ魹ｽ3魹ｽ魹ｽ,2824573000,"[1,1,1,1,1,1,1]",true
魹ｽ魹ｽﾃｵ魹ｽ魹ｽ魹ｽ魹ｽ魹ｽ魹ｽ,魹ｽ魹ｽ邀ｸ,魹ｽ魹ｽ魹ｽ魹ｽ1魹ｽ魹ｽ,2824562100,"[1,1,1,1,1,1,1]",true
魹ｽ魹ｽﾃｵ魹ｽ魹ｽ魹ｽ魹ｽ魹ｽ魹ｽ,魹ｽ魹ｽ邀ｸ,魹ｽ魹ｽ魹ｽ魹ｽ2魹ｽ魹ｽ,2824562200,"[1,1,1,1,1,1,1]",true
魹ｽ魹ｽﾃｵ魹ｽ魹ｽ魹ｽ魹ｽ魹ｽ魹ｽ,魹ｽ魹ｽ邀ｸ,魹ｽ魹ｽ魹ｽ魹ｽ魹ｽ魹ｽ魹ｽ豨ｿ,2824564000,"[1,1,1,1,1,1,1]",true
魹ｽ魹ｽﾃｵ魹ｽ魹ｽ魹ｽ魹ｽ魹ｽ魹ｽ,魹ｽ魹ｽ邀ｸ,ﾈｿ魹ｽ魹ｽ1魹ｽ魹ｽ,2824560100,"[1,1,1,1,1,1,1]",true
魹ｽ魹ｽﾃｵ魹ｽ魹ｽ魹ｽ魹ｽ魹ｽ魹ｽ,魹ｽ魹ｽ邀ｸ,ﾈｿ魹ｽ魹ｽ2魹ｽ魹ｽ,2824560200,"[1,1,1,1,1,1,1]",true
魹ｽ魹ｽﾃｵ魹ｽ魹ｽ魹ｽ魹ｽ魹ｽ魹ｽ,魹ｽ魹ｽ魹ｽ魹ｽ魹ｽ魹ｽ,魹ｽ魹ｽ魹ｽ魹ｽ1魹ｽ魹ｽ,2820053000,"[1,1,1,1,1,1,1]",true
魹ｽ魹ｽﾃｵ魹ｽ魹ｽ魹ｽ魹ｽ魹ｽ魹ｽ,魹ｽ魹ｽ魹ｽ魹ｽ魹ｽ魹ｽ,魹ｽ魹ｽ魹ｽ魹ｽ2魹ｽ魹ｽ,2820054000,"[1,1,1,1,1,1,1]",true
魹ｽ魹ｽﾃｵ魹ｽ魹ｽ魹ｽ魹ｽ魹ｽ魹ｽ,魹ｽ魹ｽ魹ｽ魹ｽ魹ｽ魹ｽ,魹ｽ魹ｽ魹ｽ魹ｽ3魹ｽ魹ｽ,2820055000,"[1,1,1,1,1,1,1]",true
魹ｽ魹ｽﾃｵ魹ｽ魹ｽ魹ｽ魹ｽ魹ｽ魹ｽ,魹ｽ魹ｽ魹ｽ魹ｽ魹ｽ魹ｽ,魹ｽ魹ｽ魹ｽ魹ｽ4魹ｽ魹ｽ,2820055100,"[1,1,1,1,1,1,1]",true
魹ｽ魹ｽﾃｵ魹ｽ魹ｽ魹ｽ魹ｽ魹ｽ魹ｽ,魹ｽ魹ｽ魹ｽ魹ｽ魹ｽ魹ｽ,魹ｽ魹ｽ魹ｽ魹ｽ1魹ｽ魹ｽ,2820051000,"[1,1,1,1,1,1,1]",true
魹ｽ魹ｽﾃｵ魹ｽ魹ｽ魹ｽ魹ｽ魹ｽ魹ｽ,魹ｽ魹ｽ魹ｽ魹ｽ魹ｽ魹ｽ,魹ｽ魹ｽ魹ｽ魹ｽ2魹ｽ魹ｽ,2820052000,"[1,1,1,1,1,1,1]",true
魹ｽ魹ｽﾃｵ魹ｽ魹ｽ魹ｽ魹ｽ魹ｽ魹ｽ,魹ｽ魹ｽ魹ｽ魹ｽ魹ｽ魹ｽ,魹ｽ魹ｽ魹ｽ魹ｽ3魹ｽ魹ｽ,2820052100,"[1,1,1,1,1,1,1]",true
魹ｽ魹ｽﾃｵ魹ｽ魹ｽ魹ｽ魹ｽ魹ｽ魹ｽ,魹ｽ魹ｽ魹ｽ魹ｽ魹ｽ魹ｽ,魹ｽ魹ｽ魹ｽ魹ｽ4魹ｽ魹ｽ,2820052200,"[1,1,1,1,1,1,1]",true
魹ｽ魹ｽﾃｵ魹ｽ魹ｽ魹ｽ魹ｽ魹ｽ魹ｽ,魹ｽ魹ｽ魹ｽ魹ｽ魹ｽ魹ｽ,魹ｽ魹ｽ魹ｽﾌｵ魹ｽ魹ｽ魹ｽ魹ｽ魹ｽ,2820066000,"[1,1,1,1,1,1,1]",true
魹ｽ魹ｽﾃｵ魹ｽ魹ｽ魹ｽ魹ｽ魹ｽ魹ｽ,魹ｽ魹ｽ魹ｽ魹ｽ魹ｽ魹ｽ,魹ｽ魹ｽ魹ｽ魹ｽ1魹ｽ魹ｽ,2820069000,"[1,1,1,1,1,1,1]",true
魹ｽ魹ｽﾃｵ魹ｽ魹ｽ魹ｽ魹ｽ魹ｽ魹ｽ,魹ｽ魹ｽ魹ｽ魹ｽ魹ｽ魹ｽ,魹ｽ魹ｽ魹ｽ魹ｽ2魹ｽ魹ｽ,2820070000,"[1,1,1,1,1,1,1]",true
魹ｽ魹ｽﾃｵ魹ｽ魹ｽ魹ｽ魹ｽ魹ｽ魹ｽ,魹ｽ魹ｽ魹ｽ魹ｽ魹ｽ魹ｽ,魹ｽ魹ｽ魹ｽ魹ｽ魹ｽ魹ｽ魹ｽﾜｵ魹ｽ,2820071000,"[1,1,1,1,1,1,1]",true
